label,message_text
ham,"I checked the PySpark MLlib documentation, the parameter is elasticNetParam."
ham,Mom asked if you will be coming home for dinner tonight.
spam,Hot singles in your area want to meet you tonight! Click http://gift-portal.com to chat live and browse profiles for free.
ham,The exam schedule has been released on the university student portal.
ham,Thanks for the help earlier! Really appreciate your quick response.
spam,"FREE entry into our weekly $5,000 sweepstakes! Text WIN to 77331 now to register your free lucky draw ticket."
ham,"I am stuck in traffic near the circle, will be delayed by 15 minutes."
ham,Let's catch up over coffee this evening at the student cafeteria.
ham,The bus is arriving at platform 4 in five minutes.
ham,The bus is arriving at platform 4 in five minutes.
spam,"FREE entry into our weekly $1,000 sweepstakes! Text WIN to 99100 now to register your free lucky draw ticket."
ham,Did you complete the Big Data Analytics practical assignment for this week?
ham,"Hey Ananya, are we still meeting for the project discussion at 2:00 PM today?"
ham,"Don't worry about the presentation, we have prepared all the slides well."
ham,Just reached home safely. Let me know when you reach your hostel.
ham,The bus is arriving at platform 4 in five minutes.
ham,"I am stuck in traffic near the circle, will be delayed by 15 minutes."
ham,Did you complete the Big Data Analytics practical assignment for this week?
ham,"I checked the PySpark MLlib documentation, the parameter is elasticNetParam."
ham,Your OTP for net banking login is 391048. Valid for 10 minutes. Do not share.
ham,Let's catch up over coffee this evening at the student cafeteria.
ham,"Yes, I already verified the cluster configuration on Spark master node."
ham,Are you coming to the seminar on Cloud Computing and Spark in the auditorium?
ham,Your order #23191 has been delivered successfully. Thank you for shopping with us.
spam,Hot singles in your area want to meet you tonight! Click http://secure-verify.net to chat live and browse profiles for free.
ham,The exam schedule has been released on the university student portal.
ham,The bus is arriving at platform 4 in five minutes.
ham,Got your email with the dataset CSV. Loading it into Spark DataFrame now.
ham,I'll bring my laptop charger with me so we can work on the lab assignment.
ham,"Hi Rohan, hope you are doing well! It's been a while since we talked."
ham,Did you complete the Big Data Analytics practical assignment for this week?
spam,Get rich quick with guaranteed daily returns of 25% on crypto trading! Join our VIP Telegram channel at http://gift-portal.com. No prior experience needed.
ham,Are you coming to the seminar on Cloud Computing and Spark in the auditorium?
ham,Can you share the lecture slides from yesterday's distributed computing class?
ham,Thanks for the help earlier! Really appreciate your quick response.
spam,Double your mobile balance today! Send FREE to 55444 and get instant 200% bonus talktime and data packs.
spam,"FREE entry into our weekly $100,000 sweepstakes! Text WIN to 88202 now to register your free lucky draw ticket."
ham,"Hi Ananya, hope you are doing well! It's been a while since we talked."
ham,Your order #87939 has been delivered successfully. Thank you for shopping with us.
ham,"I checked the PySpark MLlib documentation, the parameter is elasticNetParam."
spam,Get rich quick with guaranteed daily returns of 25% on crypto trading! Join our VIP Telegram channel at http://secure-verify.net. No prior experience needed.
ham,Your order #87283 has been delivered successfully. Thank you for shopping with us.
ham,Got your email with the dataset CSV. Loading it into Spark DataFrame now.
ham,"Call me whenever you get free, need to discuss the weekend plans."
ham,"Hey Arjun, are we still meeting for the project discussion at 4:15 PM today?"
ham,Where should we order lunch from today? Pizza or sandwiches?
spam,URGENT! Your bank account ending in 5114 has been suspended due to suspicious activity. Verify immediately at http://secure-verify.net to avoid permanent freeze.
ham,Thanks for the help earlier! Really appreciate your quick response.
spam,"ALERT: Unclaimed lottery reward of $50,000 waiting for your mobile number. Call +1-800-555-0199 now to transfer funds to your bank account."
ham,"Yes, I already verified the cluster configuration on Spark master node."
ham,Got your email with the dataset CSV. Loading it into Spark DataFrame now.
ham,Where should we order lunch from today? Pizza or sandwiches?
ham,See you tomorrow at 9 AM sharp in the computer lab.
ham,Mom asked if you will be coming home for dinner tonight.
spam,"FREE entry into our weekly $100,000 sweepstakes! Text WIN to 99100 now to register your free lucky draw ticket."
ham,Just reached home safely. Let me know when you reach your hostel.
ham,The bus is arriving at platform 4 in five minutes.
ham,"I checked the PySpark MLlib documentation, the parameter is elasticNetParam."
ham,Just reached home safely. Let me know when you reach your hostel.
spam,Hot singles in your area want to meet you tonight! Click http://secure-verify.net to chat live and browse profiles for free.
ham,Please send me the PDF notes for Unit 4 data visualization.
ham,See you tomorrow at 9 AM sharp in the computer lab.
ham,Please send me the PDF notes for Unit 4 data visualization.
spam,"CONGRATULATIONS! You have won a cash prize of $50,000 in the National Telecom Lottery! Call +1-888-920-1144 or visit http://spam-claim.biz to claim now. T&C apply."
ham,Can you please review the merge request I raised on the repository?
ham,Please find attached the updated project report and data pipeline code.
ham,I'll bring my laptop charger with me so we can work on the lab assignment.
ham,The library book 'Introduction to Algorithms' is due for return on Friday.
spam,"ALERT: Unclaimed lottery reward of $1,000 waiting for your mobile number. Call +1-800-555-0199 now to transfer funds to your bank account."
ham,Let's catch up over coffee this evening at the student cafeteria.
spam,Congratulations! You qualify for debt forgiveness and credit score repair. Call our financial counselor now at +1-888-920-1144 to eliminate debt.
ham,Your OTP for net banking login is 729684. Valid for 10 minutes. Do not share.
ham,I'll bring my laptop charger with me so we can work on the lab assignment.
ham,"Don't worry about the presentation, we have prepared all the slides well."
spam,"Dear Customer, your electricity connection will be disconnected tonight at 9:30 PM due to unpaid bill. Call helpline +44-20-7946-0921 immediately."
ham,"I am stuck in traffic near the circle, will be delayed by 15 minutes."
ham,Let's catch up over coffee this evening at the student cafeteria.
ham,"Don't worry about the presentation, we have prepared all the slides well."
ham,"I checked the PySpark MLlib documentation, the parameter is elasticNetParam."
ham,"I am stuck in traffic near the circle, will be delayed by 15 minutes."
spam,"ALERT: Unclaimed lottery reward of $5,000 waiting for your mobile number. Call +1-800-419-7820 now to transfer funds to your bank account."
ham,Your OTP for net banking login is 432517. Valid for 10 minutes. Do not share.
ham,"Hey Amit, are we still meeting for the project discussion at 3:30 PM today?"
ham,Mom asked if you will be coming home for dinner tonight.
ham,"I am stuck in traffic near the circle, will be delayed by 15 minutes."
ham,"I checked the PySpark MLlib documentation, the parameter is elasticNetParam."
ham,Good morning! Remember to submit the lab record before 5 PM today.
spam,Special promotional offer: 100 GB High Speed 5G Data for just $1.99! Recharge now at http://spam-claim.biz before the offer expires at midnight.
spam,"CONGRATULATIONS! You have won a cash prize of $100,000 in the National Telecom Lottery! Call +44-20-7946-0921 or visit http://secure-verify.net to claim now. T&C apply."
ham,"Hey Rahul, are we still meeting for the project discussion at 5:00 PM today?"
ham,"Hey Neha, are we still meeting for the project discussion at 5:00 PM today?"
ham,Your OTP for net banking login is 639984. Valid for 10 minutes. Do not share.
spam,"CONGRATULATIONS! You have won a cash prize of $5,000 in the National Telecom Lottery! Call +1-888-920-1144 or visit http://fast-loan-app.co to claim now. T&C apply."
ham,The results for the midterm examination will be announced next Monday.
ham,Please send me the PDF notes for Unit 4 data visualization.
ham,Your order #64041 has been delivered successfully. Thank you for shopping with us.
spam,Double your mobile balance today! Send FREE to 88202 and get instant 200% bonus talktime and data packs.
ham,Please find attached the updated project report and data pipeline code.
ham,"I am stuck in traffic near the circle, will be delayed by 15 minutes."
ham,Are you coming to the seminar on Cloud Computing and Spark in the auditorium?
ham,Mom asked if you will be coming home for dinner tonight.
ham,Mom asked if you will be coming home for dinner tonight.
ham,Your order #97650 has been delivered successfully. Thank you for shopping with us.
ham,Mom asked if you will be coming home for dinner tonight.
ham,"Don't worry about the presentation, we have prepared all the slides well."
ham,I'll bring my laptop charger with me so we can work on the lab assignment.
ham,Got your email with the dataset CSV. Loading it into Spark DataFrame now.
ham,Good morning! Remember to submit the lab record before 5 PM today.
ham,Can you share the lecture slides from yesterday's distributed computing class?
ham,Please find attached the updated project report and data pipeline code.
ham,Your order #33575 has been delivered successfully. Thank you for shopping with us.
ham,Mom asked if you will be coming home for dinner tonight.
spam,"CONGRATULATIONS! You have won a cash prize of $100,000 in the National Telecom Lottery! Call +44-20-7946-0921 or visit http://secure-verify.net to claim now. T&C apply."
ham,Your order #15694 has been delivered successfully. Thank you for shopping with us.
spam,You have won a free 4-night luxury holiday voucher to Bali! Reply YES to 55444 to receive your booking code immediately.
spam,Exclusive Offer! Get 85% discount on top designer watches and luxury perfumes. Shop now at http://spam-claim.biz. Limited stocks available!
ham,Did you complete the Big Data Analytics practical assignment for this week?
ham,"Hey Neha, are we still meeting for the project discussion at 5:00 PM today?"
ham,"Hey Rahul, are we still meeting for the project discussion at 4:15 PM today?"
ham,The bus is arriving at platform 4 in five minutes.
spam,"Instant Personal Loan approved up to $25,000 with 0% processing fee and minimal documentation! Apply within 2 hours at http://promo-deal.info."
ham,"Hey Rahul, are we still meeting for the project discussion at 11:00 AM today?"
ham,Your OTP for net banking login is 626598. Valid for 10 minutes. Do not share.
spam,You have won a free 4-night luxury holiday voucher to Bali! Reply YES to 77331 to receive your booking code immediately.
spam,"CONGRATULATIONS! You have won a cash prize of $1,000 in the National Telecom Lottery! Call +1-888-920-1144 or visit http://promo-deal.info to claim now. T&C apply."
ham,Your order #71849 has been delivered successfully. Thank you for shopping with us.
ham,"Hi Vikram, hope you are doing well! It's been a while since we talked."
ham,See you tomorrow at 9 AM sharp in the computer lab.
ham,The bus is arriving at platform 4 in five minutes.
ham,"Ok, I will reach college by 11:00 AM. Please save a seat for me."
spam,URGENT! Your bank account ending in 9700 has been suspended due to suspicious activity. Verify immediately at http://spam-claim.biz to avoid permanent freeze.
ham,Can you share the lecture slides from yesterday's distributed computing class?
ham,Got your email with the dataset CSV. Loading it into Spark DataFrame now.
ham,Good morning! Remember to submit the lab record before 5 PM today.
ham,Let's catch up over coffee this evening at the student cafeteria.
spam,"CONGRATULATIONS! You have won a cash prize of $100,000 in the National Telecom Lottery! Call +1-800-419-7820 or visit http://fast-loan-app.co to claim now. T&C apply."
ham,The results for the midterm examination will be announced next Monday.
ham,"I checked the PySpark MLlib documentation, the parameter is elasticNetParam."
ham,"I checked the PySpark MLlib documentation, the parameter is elasticNetParam."
ham,"I am stuck in traffic near the circle, will be delayed by 15 minutes."
ham,Good morning! Remember to submit the lab record before 5 PM today.
ham,"I am stuck in traffic near the circle, will be delayed by 15 minutes."
ham,"Hi Sneha, hope you are doing well! It's been a while since we talked."
ham,Please find attached the updated project report and data pipeline code.
ham,"Ok, I will reach college by 10:30 AM. Please save a seat for me."
spam,"WINNER! As a valued customer, you have been selected to receive a FREE iPhone 15 Pro. Reply CLAIM to 99100 or click http://spam-claim.biz today only!"
ham,The library book 'Introduction to Algorithms' is due for return on Friday.
ham,"Yes, I already verified the cluster configuration on Spark master node."
ham,Can you please review the merge request I raised on the repository?
ham,Can you please review the merge request I raised on the repository?
ham,"Hi Vikram, hope you are doing well! It's been a while since we talked."
spam,"Dear Customer, your electricity connection will be disconnected tonight at 9:30 PM due to unpaid bill. Call helpline +44-20-7946-0921 immediately."
spam,Exclusive Offer! Get 85% discount on top designer watches and luxury perfumes. Shop now at http://spam-claim.biz. Limited stocks available!
ham,"Don't worry about the presentation, we have prepared all the slides well."
ham,"Yes, I already verified the cluster configuration on Spark master node."
spam,You have won a free 4-night luxury holiday voucher to Bali! Reply YES to 88202 to receive your booking code immediately.
spam,"CONGRATULATIONS! You have won a cash prize of $1,000 in the National Telecom Lottery! Call +1-800-555-0199 or visit http://gift-portal.com to claim now. T&C apply."
ham,Did you complete the Big Data Analytics practical assignment for this week?
ham,"Don't worry about the presentation, we have prepared all the slides well."
spam,You have won a free 4-night luxury holiday voucher to Bali! Reply YES to 88202 to receive your booking code immediately.
ham,I'll bring my laptop charger with me so we can work on the lab assignment.
spam,Exclusive Offer! Get 85% discount on top designer watches and luxury perfumes. Shop now at http://gift-portal.com. Limited stocks available!
ham,See you tomorrow at 9 AM sharp in the computer lab.
spam,"Dear Customer, your electricity connection will be disconnected tonight at 9:30 PM due to unpaid bill. Call helpline +1-800-555-0199 immediately."
ham,Are you coming to the seminar on Cloud Computing and Spark in the auditorium?
spam,Double your mobile balance today! Send FREE to 99100 and get instant 200% bonus talktime and data packs.
ham,Can you share the lecture slides from yesterday's distributed computing class?
ham,Just reached home safely. Let me know when you reach your hostel.
spam,"FREE entry into our weekly $1,000 sweepstakes! Text WIN to 55444 now to register your free lucky draw ticket."
ham,"Ok, I will reach college by 10:30 AM. Please save a seat for me."
ham,The library book 'Introduction to Algorithms' is due for return on Friday.
ham,Where should we order lunch from today? Pizza or sandwiches?
spam,Special promotional offer: 100 GB High Speed 5G Data for just $1.99! Recharge now at http://spam-claim.biz before the offer expires at midnight.
ham,Did you complete the Big Data Analytics practical assignment for this week?
ham,Let's catch up over coffee this evening at the student cafeteria.
ham,"Yes, I already verified the cluster configuration on Spark master node."
spam,URGENT! Your bank account ending in 8356 has been suspended due to suspicious activity. Verify immediately at http://promo-deal.info to avoid permanent freeze.
ham,Good morning! Remember to submit the lab record before 5 PM today.
ham,I'll bring my laptop charger with me so we can work on the lab assignment.
ham,The exam schedule has been released on the university student portal.
ham,Did you complete the Big Data Analytics practical assignment for this week?
ham,"Hey Ananya, are we still meeting for the project discussion at 4:15 PM today?"
ham,"Hi Ananya, hope you are doing well! It's been a while since we talked."
ham,"Call me whenever you get free, need to discuss the weekend plans."
ham,The library book 'Introduction to Algorithms' is due for return on Friday.
ham,Did you complete the Big Data Analytics practical assignment for this week?
ham,I'll bring my laptop charger with me so we can work on the lab assignment.
ham,"Don't worry about the presentation, we have prepared all the slides well."
spam,Exclusive Offer! Get 85% discount on top designer watches and luxury perfumes. Shop now at http://promo-deal.info. Limited stocks available!
ham,Happy Birthday Priya! Wishing you a wonderful and successful year ahead.
spam,You have won a free 4-night luxury holiday voucher to Bali! Reply YES to 55444 to receive your booking code immediately.
spam,Exclusive Offer! Get 85% discount on top designer watches and luxury perfumes. Shop now at http://promo-deal.info. Limited stocks available!
ham,Good morning! Remember to submit the lab record before 5 PM today.
ham,Did you complete the Big Data Analytics practical assignment for this week?
ham,"I am stuck in traffic near the circle, will be delayed by 15 minutes."
ham,Just reached home safely. Let me know when you reach your hostel.
ham,The library book 'Introduction to Algorithms' is due for return on Friday.
ham,Mom asked if you will be coming home for dinner tonight.
ham,Got your email with the dataset CSV. Loading it into Spark DataFrame now.
ham,Happy Birthday Pooja! Wishing you a wonderful and successful year ahead.
ham,Did you complete the Big Data Analytics practical assignment for this week?
ham,Happy Birthday Neha! Wishing you a wonderful and successful year ahead.
ham,Are you coming to the seminar on Cloud Computing and Spark in the auditorium?
ham,Thanks for the help earlier! Really appreciate your quick response.
ham,See you tomorrow at 9 AM sharp in the computer lab.
ham,Your OTP for net banking login is 155795. Valid for 10 minutes. Do not share.
ham,The results for the midterm examination will be announced next Monday.
ham,Got your email with the dataset CSV. Loading it into Spark DataFrame now.
ham,"Hey Pooja, are we still meeting for the project discussion at 2:00 PM today?"
ham,Got your email with the dataset CSV. Loading it into Spark DataFrame now.
spam,URGENT NOTICE: Your package delivery has been put on hold due to missing delivery address. Pay $1.50 redelivery fee at http://promo-deal.info.
ham,"I am stuck in traffic near the circle, will be delayed by 15 minutes."
ham,"I checked the PySpark MLlib documentation, the parameter is elasticNetParam."
ham,"Call me whenever you get free, need to discuss the weekend plans."
ham,"I checked the PySpark MLlib documentation, the parameter is elasticNetParam."
ham,"Ok, I will reach college by 2:00 PM. Please save a seat for me."
ham,Let's catch up over coffee this evening at the student cafeteria.
ham,Please find attached the updated project report and data pipeline code.
ham,"Ok, I will reach college by 5:00 PM. Please save a seat for me."
ham,See you tomorrow at 9 AM sharp in the computer lab.
ham,Your order #47298 has been delivered successfully. Thank you for shopping with us.
ham,Good morning! Remember to submit the lab record before 5 PM today.
ham,Let's catch up over coffee this evening at the student cafeteria.
spam,Exclusive Offer! Get 85% discount on top designer watches and luxury perfumes. Shop now at http://promo-deal.info. Limited stocks available!
ham,Mom asked if you will be coming home for dinner tonight.
ham,"Hi Rahul, hope you are doing well! It's been a while since we talked."
ham,Are you coming to the seminar on Cloud Computing and Spark in the auditorium?
ham,Can you please review the merge request I raised on the repository?
ham,Got your email with the dataset CSV. Loading it into Spark DataFrame now.
ham,Did you complete the Big Data Analytics practical assignment for this week?
ham,"Don't worry about the presentation, we have prepared all the slides well."
spam,Congratulations! You qualify for debt forgiveness and credit score repair. Call our financial counselor now at +44-20-7946-0921 to eliminate debt.
ham,Happy Birthday Karan! Wishing you a wonderful and successful year ahead.
ham,Please send me the PDF notes for Unit 4 data visualization.
ham,"Yes, I already verified the cluster configuration on Spark master node."
ham,Please send me the PDF notes for Unit 4 data visualization.
ham,Please send me the PDF notes for Unit 4 data visualization.
spam,"WINNER! As a valued customer, you have been selected to receive a FREE iPhone 15 Pro. Reply CLAIM to 77331 or click http://spam-claim.biz today only!"
ham,Just reached home safely. Let me know when you reach your hostel.
ham,Thanks for the help earlier! Really appreciate your quick response.
ham,"Ok, I will reach college by 10:30 AM. Please save a seat for me."
ham,"Yes, I already verified the cluster configuration on Spark master node."
ham,The library book 'Introduction to Algorithms' is due for return on Friday.
ham,Are you coming to the seminar on Cloud Computing and Spark in the auditorium?
ham,Your order #42281 has been delivered successfully. Thank you for shopping with us.
ham,Got your email with the dataset CSV. Loading it into Spark DataFrame now.
ham,The library book 'Introduction to Algorithms' is due for return on Friday.
ham,"Yes, I already verified the cluster configuration on Spark master node."
ham,See you tomorrow at 9 AM sharp in the computer lab.
ham,"I checked the PySpark MLlib documentation, the parameter is elasticNetParam."
ham,Good morning! Remember to submit the lab record before 5 PM today.
ham,Let's catch up over coffee this evening at the student cafeteria.
spam,"WINNER! As a valued customer, you have been selected to receive a FREE iPhone 15 Pro. Reply CLAIM to 77331 or click http://promo-deal.info today only!"
spam,"Instant Personal Loan approved up to $75,000 with 0% processing fee and minimal documentation! Apply within 2 hours at http://spam-claim.biz."
ham,Your order #52702 has been delivered successfully. Thank you for shopping with us.
ham,"Yes, I already verified the cluster configuration on Spark master node."
ham,"Yes, I already verified the cluster configuration on Spark master node."
ham,Your OTP for net banking login is 523842. Valid for 10 minutes. Do not share.
ham,The bus is arriving at platform 4 in five minutes.
spam,Get rich quick with guaranteed daily returns of 25% on crypto trading! Join our VIP Telegram channel at http://promo-deal.info. No prior experience needed.
ham,Your OTP for net banking login is 874494. Valid for 10 minutes. Do not share.
ham,Did you complete the Big Data Analytics practical assignment for this week?
ham,Can you share the lecture slides from yesterday's distributed computing class?
ham,Can you share the lecture slides from yesterday's distributed computing class?
ham,"I checked the PySpark MLlib documentation, the parameter is elasticNetParam."
ham,Did you complete the Big Data Analytics practical assignment for this week?
spam,Exclusive Offer! Get 85% discount on top designer watches and luxury perfumes. Shop now at http://promo-deal.info. Limited stocks available!
ham,Good morning! Remember to submit the lab record before 5 PM today.
ham,Please send me the PDF notes for Unit 4 data visualization.
ham,Got your email with the dataset CSV. Loading it into Spark DataFrame now.
ham,Just reached home safely. Let me know when you reach your hostel.
ham,"I am stuck in traffic near the circle, will be delayed by 15 minutes."
ham,"I am stuck in traffic near the circle, will be delayed by 15 minutes."
spam,"ALERT: Unclaimed lottery reward of $1,000 waiting for your mobile number. Call +44-20-7946-0921 now to transfer funds to your bank account."
ham,"Hey Neha, are we still meeting for the project discussion at 10:30 AM today?"
ham,Your OTP for net banking login is 461888. Valid for 10 minutes. Do not share.
ham,Mom asked if you will be coming home for dinner tonight.
ham,I'll bring my laptop charger with me so we can work on the lab assignment.
ham,Where should we order lunch from today? Pizza or sandwiches?
ham,Please find attached the updated project report and data pipeline code.
ham,"I am stuck in traffic near the circle, will be delayed by 15 minutes."
ham,Did you complete the Big Data Analytics practical assignment for this week?
ham,Thanks for the help earlier! Really appreciate your quick response.
ham,Your OTP for net banking login is 181212. Valid for 10 minutes. Do not share.
spam,You have won a free 4-night luxury holiday voucher to Bali! Reply YES to 77331 to receive your booking code immediately.
ham,"Call me whenever you get free, need to discuss the weekend plans."
ham,Just reached home safely. Let me know when you reach your hostel.
spam,Double your mobile balance today! Send FREE to 88202 and get instant 200% bonus talktime and data packs.
ham,Thanks for the help earlier! Really appreciate your quick response.
ham,"I checked the PySpark MLlib documentation, the parameter is elasticNetParam."
ham,The exam schedule has been released on the university student portal.
spam,"ALERT: Unclaimed lottery reward of $100,000 waiting for your mobile number. Call +1-888-920-1144 now to transfer funds to your bank account."
ham,I'll bring my laptop charger with me so we can work on the lab assignment.
spam,Special promotional offer: 100 GB High Speed 5G Data for just $1.99! Recharge now at http://spam-claim.biz before the offer expires at midnight.
ham,Happy Birthday Amit! Wishing you a wonderful and successful year ahead.
ham,Let's catch up over coffee this evening at the student cafeteria.
ham,"I checked the PySpark MLlib documentation, the parameter is elasticNetParam."
ham,Please find attached the updated project report and data pipeline code.
ham,Please find attached the updated project report and data pipeline code.
ham,"Hi Rahul, hope you are doing well! It's been a while since we talked."
ham,Thanks for the help earlier! Really appreciate your quick response.
ham,Happy Birthday Neha! Wishing you a wonderful and successful year ahead.
ham,Happy Birthday Priya! Wishing you a wonderful and successful year ahead.
ham,Mom asked if you will be coming home for dinner tonight.
ham,"Hey Arjun, are we still meeting for the project discussion at 2:00 PM today?"
spam,Special promotional offer: 100 GB High Speed 5G Data for just $1.99! Recharge now at http://spam-claim.biz before the offer expires at midnight.
spam,Congratulations! You qualify for debt forgiveness and credit score repair. Call our financial counselor now at +1-800-419-7820 to eliminate debt.
ham,Mom asked if you will be coming home for dinner tonight.
ham,See you tomorrow at 9 AM sharp in the computer lab.
spam,Special promotional offer: 100 GB High Speed 5G Data for just $1.99! Recharge now at http://gift-portal.com before the offer expires at midnight.
ham,Are you coming to the seminar on Cloud Computing and Spark in the auditorium?
ham,Your order #38322 has been delivered successfully. Thank you for shopping with us.
ham,The results for the midterm examination will be announced next Monday.
ham,Got your email with the dataset CSV. Loading it into Spark DataFrame now.
ham,"I am stuck in traffic near the circle, will be delayed by 15 minutes."
spam,Double your mobile balance today! Send FREE to 99100 and get instant 200% bonus talktime and data packs.
spam,Special promotional offer: 100 GB High Speed 5G Data for just $1.99! Recharge now at http://gift-portal.com before the offer expires at midnight.
ham,The results for the midterm examination will be announced next Monday.
ham,The exam schedule has been released on the university student portal.
ham,Your OTP for net banking login is 860896. Valid for 10 minutes. Do not share.
ham,Good morning! Remember to submit the lab record before 5 PM today.
ham,Your OTP for net banking login is 414012. Valid for 10 minutes. Do not share.
spam,"Instant Personal Loan approved up to $75,000 with 0% processing fee and minimal documentation! Apply within 2 hours at http://spam-claim.biz."
ham,"Don't worry about the presentation, we have prepared all the slides well."
spam,Get rich quick with guaranteed daily returns of 25% on crypto trading! Join our VIP Telegram channel at http://spam-claim.biz. No prior experience needed.
ham,"I am stuck in traffic near the circle, will be delayed by 15 minutes."
spam,"FREE entry into our weekly $5,000 sweepstakes! Text WIN to 99100 now to register your free lucky draw ticket."
spam,URGENT NOTICE: Your package delivery has been put on hold due to missing delivery address. Pay $1.50 redelivery fee at http://gift-portal.com.
ham,The exam schedule has been released on the university student portal.
ham,"Hi Tanvi, hope you are doing well! It's been a while since we talked."
spam,Get rich quick with guaranteed daily returns of 25% on crypto trading! Join our VIP Telegram channel at http://fast-loan-app.co. No prior experience needed.
ham,The bus is arriving at platform 4 in five minutes.
ham,Good morning! Remember to submit the lab record before 5 PM today.
ham,The exam schedule has been released on the university student portal.
ham,"Don't worry about the presentation, we have prepared all the slides well."
ham,See you tomorrow at 9 AM sharp in the computer lab.
ham,Just reached home safely. Let me know when you reach your hostel.
ham,Your OTP for net banking login is 156112. Valid for 10 minutes. Do not share.
ham,Please find attached the updated project report and data pipeline code.
spam,Exclusive Offer! Get 85% discount on top designer watches and luxury perfumes. Shop now at http://spam-claim.biz. Limited stocks available!
spam,"Instant Personal Loan approved up to $50,000 with 0% processing fee and minimal documentation! Apply within 2 hours at http://spam-claim.biz."
spam,URGENT! Your bank account ending in 5249 has been suspended due to suspicious activity. Verify immediately at http://fast-loan-app.co to avoid permanent freeze.
ham,See you tomorrow at 9 AM sharp in the computer lab.
spam,"WINNER! As a valued customer, you have been selected to receive a FREE iPhone 15 Pro. Reply CLAIM to 88202 or click http://promo-deal.info today only!"
ham,Happy Birthday Amit! Wishing you a wonderful and successful year ahead.
ham,I'll bring my laptop charger with me so we can work on the lab assignment.
ham,Where should we order lunch from today? Pizza or sandwiches?
spam,Double your mobile balance today! Send FREE to 77331 and get instant 200% bonus talktime and data packs.
ham,"Yes, I already verified the cluster configuration on Spark master node."
ham,Are you coming to the seminar on Cloud Computing and Spark in the auditorium?
ham,Can you please review the merge request I raised on the repository?
ham,The exam schedule has been released on the university student portal.
ham,I'll bring my laptop charger with me so we can work on the lab assignment.
ham,"Ok, I will reach college by 4:15 PM. Please save a seat for me."
ham,"I am stuck in traffic near the circle, will be delayed by 15 minutes."
ham,Did you complete the Big Data Analytics practical assignment for this week?
ham,Just reached home safely. Let me know when you reach your hostel.
ham,"Don't worry about the presentation, we have prepared all the slides well."
ham,Mom asked if you will be coming home for dinner tonight.
ham,"Ok, I will reach college by 10:30 AM. Please save a seat for me."
ham,"Call me whenever you get free, need to discuss the weekend plans."
ham,Did you complete the Big Data Analytics practical assignment for this week?
ham,Please find attached the updated project report and data pipeline code.
ham,"Hey Tanvi, are we still meeting for the project discussion at 3:30 PM today?"
ham,The library book 'Introduction to Algorithms' is due for return on Friday.
ham,"Hi Amit, hope you are doing well! It's been a while since we talked."
spam,"Instant Personal Loan approved up to $50,000 with 0% processing fee and minimal documentation! Apply within 2 hours at http://spam-claim.biz."
ham,Where should we order lunch from today? Pizza or sandwiches?
ham,Good morning! Remember to submit the lab record before 5 PM today.
ham,The exam schedule has been released on the university student portal.
ham,Please find attached the updated project report and data pipeline code.
ham,"Hi Sneha, hope you are doing well! It's been a while since we talked."
ham,Please find attached the updated project report and data pipeline code.
ham,"Call me whenever you get free, need to discuss the weekend plans."
ham,"Ok, I will reach college by 10:30 AM. Please save a seat for me."
ham,Just reached home safely. Let me know when you reach your hostel.
ham,Your OTP for net banking login is 492284. Valid for 10 minutes. Do not share.
ham,Where should we order lunch from today? Pizza or sandwiches?
ham,The library book 'Introduction to Algorithms' is due for return on Friday.
ham,The results for the midterm examination will be announced next Monday.
ham,"Don't worry about the presentation, we have prepared all the slides well."
ham,I'll bring my laptop charger with me so we can work on the lab assignment.
ham,"Hi Arjun, hope you are doing well! It's been a while since we talked."
ham,Good morning! Remember to submit the lab record before 5 PM today.
ham,"Don't worry about the presentation, we have prepared all the slides well."
ham,"Ok, I will reach college by 5:00 PM. Please save a seat for me."
spam,Exclusive Offer! Get 85% discount on top designer watches and luxury perfumes. Shop now at http://promo-deal.info. Limited stocks available!
ham,"Call me whenever you get free, need to discuss the weekend plans."
ham,Please find attached the updated project report and data pipeline code.
ham,Just reached home safely. Let me know when you reach your hostel.
spam,"FREE entry into our weekly $1,000 sweepstakes! Text WIN to 77331 now to register your free lucky draw ticket."
ham,"Yes, I already verified the cluster configuration on Spark master node."
ham,The results for the midterm examination will be announced next Monday.
ham,Happy Birthday Rahul! Wishing you a wonderful and successful year ahead.
ham,Good morning! Remember to submit the lab record before 5 PM today.
spam,Double your mobile balance today! Send FREE to 77331 and get instant 200% bonus talktime and data packs.
ham,"Yes, I already verified the cluster configuration on Spark master node."
ham,Good morning! Remember to submit the lab record before 5 PM today.
spam,You have won a free 4-night luxury holiday voucher to Bali! Reply YES to 55444 to receive your booking code immediately.
ham,Good morning! Remember to submit the lab record before 5 PM today.
ham,Your order #75053 has been delivered successfully. Thank you for shopping with us.
ham,Happy Birthday Ananya! Wishing you a wonderful and successful year ahead.
ham,Good morning! Remember to submit the lab record before 5 PM today.
ham,Where should we order lunch from today? Pizza or sandwiches?
spam,Hot singles in your area want to meet you tonight! Click http://secure-verify.net to chat live and browse profiles for free.
ham,I'll bring my laptop charger with me so we can work on the lab assignment.
ham,Can you share the lecture slides from yesterday's distributed computing class?
spam,URGENT NOTICE: Your package delivery has been put on hold due to missing delivery address. Pay $1.50 redelivery fee at http://secure-verify.net.
ham,Thanks for the help earlier! Really appreciate your quick response.
ham,"Ok, I will reach college by 11:00 AM. Please save a seat for me."
ham,"Don't worry about the presentation, we have prepared all the slides well."
ham,The bus is arriving at platform 4 in five minutes.
ham,See you tomorrow at 9 AM sharp in the computer lab.
spam,URGENT! Your bank account ending in 6419 has been suspended due to suspicious activity. Verify immediately at http://spam-claim.biz to avoid permanent freeze.
ham,The exam schedule has been released on the university student portal.
ham,"Hey Tanvi, are we still meeting for the project discussion at 10:30 AM today?"
ham,I'll bring my laptop charger with me so we can work on the lab assignment.
ham,Your order #29917 has been delivered successfully. Thank you for shopping with us.
ham,The library book 'Introduction to Algorithms' is due for return on Friday.
ham,Good morning! Remember to submit the lab record before 5 PM today.
ham,Let's catch up over coffee this evening at the student cafeteria.
ham,"Yes, I already verified the cluster configuration on Spark master node."
spam,You have won a free 4-night luxury holiday voucher to Bali! Reply YES to 99100 to receive your booking code immediately.
ham,Your OTP for net banking login is 275715. Valid for 10 minutes. Do not share.
ham,Your order #65755 has been delivered successfully. Thank you for shopping with us.
ham,The bus is arriving at platform 4 in five minutes.
ham,"I am stuck in traffic near the circle, will be delayed by 15 minutes."
ham,Can you please review the merge request I raised on the repository?
ham,Can you share the lecture slides from yesterday's distributed computing class?
ham,Your OTP for net banking login is 341017. Valid for 10 minutes. Do not share.
spam,"ALERT: Unclaimed lottery reward of $50,000 waiting for your mobile number. Call +1-800-555-0199 now to transfer funds to your bank account."
ham,Got your email with the dataset CSV. Loading it into Spark DataFrame now.
ham,Please find attached the updated project report and data pipeline code.
ham,"Yes, I already verified the cluster configuration on Spark master node."
ham,Are you coming to the seminar on Cloud Computing and Spark in the auditorium?
ham,"Ok, I will reach college by 11:00 AM. Please save a seat for me."
ham,Just reached home safely. Let me know when you reach your hostel.
ham,The library book 'Introduction to Algorithms' is due for return on Friday.
ham,The library book 'Introduction to Algorithms' is due for return on Friday.
spam,"ALERT: Unclaimed lottery reward of $100,000 waiting for your mobile number. Call +1-800-555-0199 now to transfer funds to your bank account."
spam,"ALERT: Unclaimed lottery reward of $10,000 waiting for your mobile number. Call +1-800-555-0199 now to transfer funds to your bank account."
ham,Where should we order lunch from today? Pizza or sandwiches?
ham,Your OTP for net banking login is 620481. Valid for 10 minutes. Do not share.
ham,Thanks for the help earlier! Really appreciate your quick response.
spam,Hot singles in your area want to meet you tonight! Click http://secure-verify.net to chat live and browse profiles for free.
spam,URGENT NOTICE: Your package delivery has been put on hold due to missing delivery address. Pay $1.50 redelivery fee at http://spam-claim.biz.
spam,Special promotional offer: 100 GB High Speed 5G Data for just $1.99! Recharge now at http://secure-verify.net before the offer expires at midnight.
ham,Please send me the PDF notes for Unit 4 data visualization.
spam,Hot singles in your area want to meet you tonight! Click http://gift-portal.com to chat live and browse profiles for free.
ham,Thanks for the help earlier! Really appreciate your quick response.
ham,The exam schedule has been released on the university student portal.
ham,Can you share the lecture slides from yesterday's distributed computing class?
ham,The exam schedule has been released on the university student portal.
ham,The bus is arriving at platform 4 in five minutes.
ham,"Call me whenever you get free, need to discuss the weekend plans."
ham,The library book 'Introduction to Algorithms' is due for return on Friday.
spam,"CONGRATULATIONS! You have won a cash prize of $50,000 in the National Telecom Lottery! Call +1-800-555-0199 or visit http://fast-loan-app.co to claim now. T&C apply."
ham,Let's catch up over coffee this evening at the student cafeteria.
ham,"Don't worry about the presentation, we have prepared all the slides well."
ham,Your order #77970 has been delivered successfully. Thank you for shopping with us.
ham,The bus is arriving at platform 4 in five minutes.
ham,Please find attached the updated project report and data pipeline code.
ham,Good morning! Remember to submit the lab record before 5 PM today.
spam,Get rich quick with guaranteed daily returns of 25% on crypto trading! Join our VIP Telegram channel at http://secure-verify.net. No prior experience needed.
ham,Are you coming to the seminar on Cloud Computing and Spark in the auditorium?
spam,Congratulations! You qualify for debt forgiveness and credit score repair. Call our financial counselor now at +1-800-419-7820 to eliminate debt.
ham,Your order #97670 has been delivered successfully. Thank you for shopping with us.
ham,Your OTP for net banking login is 671161. Valid for 10 minutes. Do not share.
spam,Congratulations! You qualify for debt forgiveness and credit score repair. Call our financial counselor now at +1-888-920-1144 to eliminate debt.
ham,Thanks for the help earlier! Really appreciate your quick response.
ham,I'll bring my laptop charger with me so we can work on the lab assignment.
ham,Your OTP for net banking login is 716102. Valid for 10 minutes. Do not share.
ham,Thanks for the help earlier! Really appreciate your quick response.
ham,Please send me the PDF notes for Unit 4 data visualization.
spam,Hot singles in your area want to meet you tonight! Click http://promo-deal.info to chat live and browse profiles for free.
ham,Thanks for the help earlier! Really appreciate your quick response.
ham,Thanks for the help earlier! Really appreciate your quick response.
ham,The exam schedule has been released on the university student portal.
ham,"Ok, I will reach college by 5:00 PM. Please save a seat for me."
spam,URGENT NOTICE: Your package delivery has been put on hold due to missing delivery address. Pay $1.50 redelivery fee at http://spam-claim.biz.
ham,Your order #35346 has been delivered successfully. Thank you for shopping with us.
ham,Are you coming to the seminar on Cloud Computing and Spark in the auditorium?
ham,Got your email with the dataset CSV. Loading it into Spark DataFrame now.
ham,"Hey Rahul, are we still meeting for the project discussion at 5:00 PM today?"
spam,Double your mobile balance today! Send FREE to 99100 and get instant 200% bonus talktime and data packs.
ham,I'll bring my laptop charger with me so we can work on the lab assignment.
ham,The results for the midterm examination will be announced next Monday.
ham,Please find attached the updated project report and data pipeline code.
ham,Are you coming to the seminar on Cloud Computing and Spark in the auditorium?
ham,See you tomorrow at 9 AM sharp in the computer lab.
ham,Happy Birthday Rohan! Wishing you a wonderful and successful year ahead.
ham,Good morning! Remember to submit the lab record before 5 PM today.
ham,The results for the midterm examination will be announced next Monday.
ham,Can you please review the merge request I raised on the repository?
ham,Please find attached the updated project report and data pipeline code.
ham,Can you share the lecture slides from yesterday's distributed computing class?
spam,Special promotional offer: 100 GB High Speed 5G Data for just $1.99! Recharge now at http://fast-loan-app.co before the offer expires at midnight.
ham,"Hi Rahul, hope you are doing well! It's been a while since we talked."
ham,Can you please review the merge request I raised on the repository?
ham,The results for the midterm examination will be announced next Monday.
ham,Are you coming to the seminar on Cloud Computing and Spark in the auditorium?
spam,Exclusive Offer! Get 85% discount on top designer watches and luxury perfumes. Shop now at http://gift-portal.com. Limited stocks available!
spam,Congratulations! You qualify for debt forgiveness and credit score repair. Call our financial counselor now at +1-888-920-1144 to eliminate debt.
ham,"Call me whenever you get free, need to discuss the weekend plans."
ham,"Hi Sneha, hope you are doing well! It's been a while since we talked."
ham,Please send me the PDF notes for Unit 4 data visualization.
ham,Where should we order lunch from today? Pizza or sandwiches?
ham,"I checked the PySpark MLlib documentation, the parameter is elasticNetParam."
ham,Thanks for the help earlier! Really appreciate your quick response.
ham,"Hey Amit, are we still meeting for the project discussion at 11:00 AM today?"
ham,Happy Birthday Tanvi! Wishing you a wonderful and successful year ahead.
ham,Good morning! Remember to submit the lab record before 5 PM today.
ham,The library book 'Introduction to Algorithms' is due for return on Friday.
ham,Happy Birthday Sneha! Wishing you a wonderful and successful year ahead.
ham,Happy Birthday Ananya! Wishing you a wonderful and successful year ahead.
ham,"Ok, I will reach college by 11:00 AM. Please save a seat for me."
ham,"Hey Karan, are we still meeting for the project discussion at 4:15 PM today?"
spam,"ALERT: Unclaimed lottery reward of $50,000 waiting for your mobile number. Call +44-20-7946-0921 now to transfer funds to your bank account."
ham,Please find attached the updated project report and data pipeline code.
ham,"Don't worry about the presentation, we have prepared all the slides well."
ham,"I am stuck in traffic near the circle, will be delayed by 15 minutes."
spam,You have won a free 4-night luxury holiday voucher to Bali! Reply YES to 77331 to receive your booking code immediately.
ham,Thanks for the help earlier! Really appreciate your quick response.
spam,URGENT! Your bank account ending in 5891 has been suspended due to suspicious activity. Verify immediately at http://promo-deal.info to avoid permanent freeze.
ham,Mom asked if you will be coming home for dinner tonight.
ham,"Ok, I will reach college by 4:15 PM. Please save a seat for me."
ham,Where should we order lunch from today? Pizza or sandwiches?
ham,"Hey Rohan, are we still meeting for the project discussion at 10:30 AM today?"
ham,"Yes, I already verified the cluster configuration on Spark master node."
ham,"Don't worry about the presentation, we have prepared all the slides well."
ham,See you tomorrow at 9 AM sharp in the computer lab.
ham,Mom asked if you will be coming home for dinner tonight.
ham,Did you complete the Big Data Analytics practical assignment for this week?
spam,"Dear Customer, your electricity connection will be disconnected tonight at 9:30 PM due to unpaid bill. Call helpline +44-20-7946-0921 immediately."
ham,Just reached home safely. Let me know when you reach your hostel.
ham,Your order #97347 has been delivered successfully. Thank you for shopping with us.
ham,Thanks for the help earlier! Really appreciate your quick response.
ham,Are you coming to the seminar on Cloud Computing and Spark in the auditorium?
ham,Let's catch up over coffee this evening at the student cafeteria.
ham,See you tomorrow at 9 AM sharp in the computer lab.
ham,"Don't worry about the presentation, we have prepared all the slides well."
ham,The bus is arriving at platform 4 in five minutes.
spam,Get rich quick with guaranteed daily returns of 25% on crypto trading! Join our VIP Telegram channel at http://fast-loan-app.co. No prior experience needed.
ham,The bus is arriving at platform 4 in five minutes.
spam,"Dear Customer, your electricity connection will be disconnected tonight at 9:30 PM due to unpaid bill. Call helpline +1-800-555-0199 immediately."
ham,The library book 'Introduction to Algorithms' is due for return on Friday.
ham,Your order #10728 has been delivered successfully. Thank you for shopping with us.
ham,Your OTP for net banking login is 453771. Valid for 10 minutes. Do not share.
ham,Are you coming to the seminar on Cloud Computing and Spark in the auditorium?
spam,Double your mobile balance today! Send FREE to 55444 and get instant 200% bonus talktime and data packs.
ham,"Hi Rohan, hope you are doing well! It's been a while since we talked."
ham,Where should we order lunch from today? Pizza or sandwiches?
spam,"FREE entry into our weekly $100,000 sweepstakes! Text WIN to 88202 now to register your free lucky draw ticket."
spam,URGENT! Your bank account ending in 6084 has been suspended due to suspicious activity. Verify immediately at http://secure-verify.net to avoid permanent freeze.
ham,"Yes, I already verified the cluster configuration on Spark master node."
ham,Did you complete the Big Data Analytics practical assignment for this week?
ham,Please find attached the updated project report and data pipeline code.
ham,Good morning! Remember to submit the lab record before 5 PM today.
ham,Where should we order lunch from today? Pizza or sandwiches?
ham,Did you complete the Big Data Analytics practical assignment for this week?
ham,"Hi Sneha, hope you are doing well! It's been a while since we talked."
spam,"FREE entry into our weekly $10,000 sweepstakes! Text WIN to 55444 now to register your free lucky draw ticket."
spam,Special promotional offer: 100 GB High Speed 5G Data for just $1.99! Recharge now at http://fast-loan-app.co before the offer expires at midnight.
ham,"I am stuck in traffic near the circle, will be delayed by 15 minutes."
ham,Please find attached the updated project report and data pipeline code.
spam,URGENT NOTICE: Your package delivery has been put on hold due to missing delivery address. Pay $1.50 redelivery fee at http://fast-loan-app.co.
ham,Are you coming to the seminar on Cloud Computing and Spark in the auditorium?
spam,URGENT NOTICE: Your package delivery has been put on hold due to missing delivery address. Pay $1.50 redelivery fee at http://promo-deal.info.
ham,Please send me the PDF notes for Unit 4 data visualization.
ham,Mom asked if you will be coming home for dinner tonight.
ham,The bus is arriving at platform 4 in five minutes.
spam,"WINNER! As a valued customer, you have been selected to receive a FREE iPhone 15 Pro. Reply CLAIM to 99100 or click http://secure-verify.net today only!"
spam,"CONGRATULATIONS! You have won a cash prize of $10,000 in the National Telecom Lottery! Call +1-800-555-0199 or visit http://secure-verify.net to claim now. T&C apply."
ham,"Ok, I will reach college by 3:30 PM. Please save a seat for me."
spam,"WINNER! As a valued customer, you have been selected to receive a FREE iPhone 15 Pro. Reply CLAIM to 55444 or click http://promo-deal.info today only!"
spam,URGENT! Your bank account ending in 5640 has been suspended due to suspicious activity. Verify immediately at http://secure-verify.net to avoid permanent freeze.
ham,I'll bring my laptop charger with me so we can work on the lab assignment.
ham,Mom asked if you will be coming home for dinner tonight.
ham,The exam schedule has been released on the university student portal.
ham,Are you coming to the seminar on Cloud Computing and Spark in the auditorium?
ham,Please send me the PDF notes for Unit 4 data visualization.
ham,"I am stuck in traffic near the circle, will be delayed by 15 minutes."
spam,"Dear Customer, your electricity connection will be disconnected tonight at 9:30 PM due to unpaid bill. Call helpline +1-888-920-1144 immediately."
ham,The results for the midterm examination will be announced next Monday.
ham,"Yes, I already verified the cluster configuration on Spark master node."
ham,Good morning! Remember to submit the lab record before 5 PM today.
ham,"Hi Pooja, hope you are doing well! It's been a while since we talked."
ham,Just reached home safely. Let me know when you reach your hostel.
ham,Good morning! Remember to submit the lab record before 5 PM today.
spam,Special promotional offer: 100 GB High Speed 5G Data for just $1.99! Recharge now at http://gift-portal.com before the offer expires at midnight.
ham,"Hey Rahul, are we still meeting for the project discussion at 10:30 AM today?"
ham,The library book 'Introduction to Algorithms' is due for return on Friday.
ham,"Yes, I already verified the cluster configuration on Spark master node."
spam,Get rich quick with guaranteed daily returns of 25% on crypto trading! Join our VIP Telegram channel at http://promo-deal.info. No prior experience needed.
ham,Did you complete the Big Data Analytics practical assignment for this week?
ham,Can you share the lecture slides from yesterday's distributed computing class?
ham,"I am stuck in traffic near the circle, will be delayed by 15 minutes."
ham,Can you please review the merge request I raised on the repository?
ham,Can you please review the merge request I raised on the repository?
ham,"I am stuck in traffic near the circle, will be delayed by 15 minutes."
ham,"I am stuck in traffic near the circle, will be delayed by 15 minutes."
spam,URGENT NOTICE: Your package delivery has been put on hold due to missing delivery address. Pay $1.50 redelivery fee at http://gift-portal.com.
ham,The library book 'Introduction to Algorithms' is due for return on Friday.
ham,Just reached home safely. Let me know when you reach your hostel.
ham,"Ok, I will reach college by 11:00 AM. Please save a seat for me."
ham,Good morning! Remember to submit the lab record before 5 PM today.
ham,Good morning! Remember to submit the lab record before 5 PM today.
ham,The bus is arriving at platform 4 in five minutes.
ham,I'll bring my laptop charger with me so we can work on the lab assignment.
spam,"Instant Personal Loan approved up to $50,000 with 0% processing fee and minimal documentation! Apply within 2 hours at http://fast-loan-app.co."
ham,See you tomorrow at 9 AM sharp in the computer lab.
ham,"I checked the PySpark MLlib documentation, the parameter is elasticNetParam."
ham,The exam schedule has been released on the university student portal.
ham,Good morning! Remember to submit the lab record before 5 PM today.
ham,Can you share the lecture slides from yesterday's distributed computing class?
ham,Just reached home safely. Let me know when you reach your hostel.
ham,"Call me whenever you get free, need to discuss the weekend plans."
ham,"Ok, I will reach college by 4:15 PM. Please save a seat for me."
spam,Double your mobile balance today! Send FREE to 99100 and get instant 200% bonus talktime and data packs.
ham,Just reached home safely. Let me know when you reach your hostel.
ham,Let's catch up over coffee this evening at the student cafeteria.
ham,"Ok, I will reach college by 2:00 PM. Please save a seat for me."
spam,URGENT! Your bank account ending in 4476 has been suspended due to suspicious activity. Verify immediately at http://promo-deal.info to avoid permanent freeze.
spam,You have won a free 4-night luxury holiday voucher to Bali! Reply YES to 88202 to receive your booking code immediately.
ham,Your order #67907 has been delivered successfully. Thank you for shopping with us.
ham,"Don't worry about the presentation, we have prepared all the slides well."
ham,Mom asked if you will be coming home for dinner tonight.
ham,Your OTP for net banking login is 106620. Valid for 10 minutes. Do not share.
ham,"I am stuck in traffic near the circle, will be delayed by 15 minutes."
ham,The results for the midterm examination will be announced next Monday.
ham,"Hey Rohan, are we still meeting for the project discussion at 11:00 AM today?"
ham,Can you please review the merge request I raised on the repository?
ham,Did you complete the Big Data Analytics practical assignment for this week?
ham,Just reached home safely. Let me know when you reach your hostel.
spam,"Instant Personal Loan approved up to $75,000 with 0% processing fee and minimal documentation! Apply within 2 hours at http://secure-verify.net."
ham,See you tomorrow at 9 AM sharp in the computer lab.
ham,"Call me whenever you get free, need to discuss the weekend plans."
ham,Let's catch up over coffee this evening at the student cafeteria.
ham,See you tomorrow at 9 AM sharp in the computer lab.
ham,The bus is arriving at platform 4 in five minutes.
ham,Good morning! Remember to submit the lab record before 5 PM today.
ham,Happy Birthday Amit! Wishing you a wonderful and successful year ahead.
ham,Can you please review the merge request I raised on the repository?
ham,"I checked the PySpark MLlib documentation, the parameter is elasticNetParam."
ham,The library book 'Introduction to Algorithms' is due for return on Friday.
ham,The library book 'Introduction to Algorithms' is due for return on Friday.
ham,The results for the midterm examination will be announced next Monday.
ham,Thanks for the help earlier! Really appreciate your quick response.
spam,You have won a free 4-night luxury holiday voucher to Bali! Reply YES to 55444 to receive your booking code immediately.
ham,Are you coming to the seminar on Cloud Computing and Spark in the auditorium?
ham,Good morning! Remember to submit the lab record before 5 PM today.
ham,Are you coming to the seminar on Cloud Computing and Spark in the auditorium?
ham,Your order #80639 has been delivered successfully. Thank you for shopping with us.
spam,URGENT! Your bank account ending in 2534 has been suspended due to suspicious activity. Verify immediately at http://spam-claim.biz to avoid permanent freeze.
ham,"Call me whenever you get free, need to discuss the weekend plans."
ham,"Hi Amit, hope you are doing well! It's been a while since we talked."
ham,See you tomorrow at 9 AM sharp in the computer lab.
ham,Got your email with the dataset CSV. Loading it into Spark DataFrame now.
spam,"CONGRATULATIONS! You have won a cash prize of $100,000 in the National Telecom Lottery! Call +44-20-7946-0921 or visit http://promo-deal.info to claim now. T&C apply."
ham,The bus is arriving at platform 4 in five minutes.
ham,Just reached home safely. Let me know when you reach your hostel.
spam,"CONGRATULATIONS! You have won a cash prize of $100,000 in the National Telecom Lottery! Call +44-20-7946-0921 or visit http://promo-deal.info to claim now. T&C apply."
ham,Are you coming to the seminar on Cloud Computing and Spark in the auditorium?
spam,"FREE entry into our weekly $50,000 sweepstakes! Text WIN to 88202 now to register your free lucky draw ticket."
ham,Let's catch up over coffee this evening at the student cafeteria.
ham,"I checked the PySpark MLlib documentation, the parameter is elasticNetParam."
ham,Your order #12091 has been delivered successfully. Thank you for shopping with us.
spam,Get rich quick with guaranteed daily returns of 25% on crypto trading! Join our VIP Telegram channel at http://secure-verify.net. No prior experience needed.
ham,See you tomorrow at 9 AM sharp in the computer lab.
ham,Where should we order lunch from today? Pizza or sandwiches?
ham,See you tomorrow at 9 AM sharp in the computer lab.
spam,Hot singles in your area want to meet you tonight! Click http://gift-portal.com to chat live and browse profiles for free.
ham,Mom asked if you will be coming home for dinner tonight.
ham,"Hi Ananya, hope you are doing well! It's been a while since we talked."
ham,Happy Birthday Sneha! Wishing you a wonderful and successful year ahead.
ham,Thanks for the help earlier! Really appreciate your quick response.
ham,Happy Birthday Ananya! Wishing you a wonderful and successful year ahead.
ham,"Hi Vikram, hope you are doing well! It's been a while since we talked."
ham,The exam schedule has been released on the university student portal.
spam,Get rich quick with guaranteed daily returns of 25% on crypto trading! Join our VIP Telegram channel at http://promo-deal.info. No prior experience needed.
ham,Your order #79655 has been delivered successfully. Thank you for shopping with us.
ham,Please find attached the updated project report and data pipeline code.
ham,Your OTP for net banking login is 176000. Valid for 10 minutes. Do not share.
ham,Where should we order lunch from today? Pizza or sandwiches?
spam,"Dear Customer, your electricity connection will be disconnected tonight at 9:30 PM due to unpaid bill. Call helpline +1-800-419-7820 immediately."
ham,See you tomorrow at 9 AM sharp in the computer lab.
ham,"I checked the PySpark MLlib documentation, the parameter is elasticNetParam."
spam,You have won a free 4-night luxury holiday voucher to Bali! Reply YES to 55444 to receive your booking code immediately.
spam,URGENT NOTICE: Your package delivery has been put on hold due to missing delivery address. Pay $1.50 redelivery fee at http://spam-claim.biz.
spam,"WINNER! As a valued customer, you have been selected to receive a FREE iPhone 15 Pro. Reply CLAIM to 88202 or click http://fast-loan-app.co today only!"
ham,The bus is arriving at platform 4 in five minutes.
ham,Thanks for the help earlier! Really appreciate your quick response.
ham,"Hey Karan, are we still meeting for the project discussion at 10:30 AM today?"
ham,Can you share the lecture slides from yesterday's distributed computing class?
ham,Just reached home safely. Let me know when you reach your hostel.
spam,"FREE entry into our weekly $10,000 sweepstakes! Text WIN to 99100 now to register your free lucky draw ticket."
ham,Your OTP for net banking login is 167755. Valid for 10 minutes. Do not share.
ham,Are you coming to the seminar on Cloud Computing and Spark in the auditorium?
ham,Thanks for the help earlier! Really appreciate your quick response.
ham,Good morning! Remember to submit the lab record before 5 PM today.
ham,"Hi Arjun, hope you are doing well! It's been a while since we talked."
spam,"ALERT: Unclaimed lottery reward of $5,000 waiting for your mobile number. Call +1-800-419-7820 now to transfer funds to your bank account."
ham,Your order #60843 has been delivered successfully. Thank you for shopping with us.
ham,Please find attached the updated project report and data pipeline code.
ham,Just reached home safely. Let me know when you reach your hostel.
ham,Happy Birthday Rahul! Wishing you a wonderful and successful year ahead.
ham,"Hey Sneha, are we still meeting for the project discussion at 10:30 AM today?"
ham,Got your email with the dataset CSV. Loading it into Spark DataFrame now.
ham,The exam schedule has been released on the university student portal.
ham,The results for the midterm examination will be announced next Monday.
ham,"Don't worry about the presentation, we have prepared all the slides well."
spam,"FREE entry into our weekly $100,000 sweepstakes! Text WIN to 99100 now to register your free lucky draw ticket."
ham,Let's catch up over coffee this evening at the student cafeteria.
ham,Happy Birthday Ananya! Wishing you a wonderful and successful year ahead.
spam,Double your mobile balance today! Send FREE to 99100 and get instant 200% bonus talktime and data packs.
ham,"I checked the PySpark MLlib documentation, the parameter is elasticNetParam."
ham,I'll bring my laptop charger with me so we can work on the lab assignment.
ham,Can you share the lecture slides from yesterday's distributed computing class?
ham,Mom asked if you will be coming home for dinner tonight.
ham,The bus is arriving at platform 4 in five minutes.
ham,The bus is arriving at platform 4 in five minutes.
ham,Mom asked if you will be coming home for dinner tonight.
spam,You have won a free 4-night luxury holiday voucher to Bali! Reply YES to 88202 to receive your booking code immediately.
spam,"CONGRATULATIONS! You have won a cash prize of $5,000 in the National Telecom Lottery! Call +1-800-555-0199 or visit http://gift-portal.com to claim now. T&C apply."
ham,The bus is arriving at platform 4 in five minutes.
ham,Your order #15051 has been delivered successfully. Thank you for shopping with us.
ham,Where should we order lunch from today? Pizza or sandwiches?
spam,Congratulations! You qualify for debt forgiveness and credit score repair. Call our financial counselor now at +1-888-920-1144 to eliminate debt.
ham,Where should we order lunch from today? Pizza or sandwiches?
ham,Where should we order lunch from today? Pizza or sandwiches?
ham,Mom asked if you will be coming home for dinner tonight.
ham,See you tomorrow at 9 AM sharp in the computer lab.
ham,Can you please review the merge request I raised on the repository?
spam,Double your mobile balance today! Send FREE to 99100 and get instant 200% bonus talktime and data packs.
ham,The exam schedule has been released on the university student portal.
spam,"WINNER! As a valued customer, you have been selected to receive a FREE iPhone 15 Pro. Reply CLAIM to 55444 or click http://gift-portal.com today only!"
spam,Double your mobile balance today! Send FREE to 77331 and get instant 200% bonus talktime and data packs.
ham,"Hey Ananya, are we still meeting for the project discussion at 10:30 AM today?"
ham,"Hey Pooja, are we still meeting for the project discussion at 3:30 PM today?"
ham,Let's catch up over coffee this evening at the student cafeteria.
ham,"I checked the PySpark MLlib documentation, the parameter is elasticNetParam."
ham,Got your email with the dataset CSV. Loading it into Spark DataFrame now.
spam,You have won a free 4-night luxury holiday voucher to Bali! Reply YES to 88202 to receive your booking code immediately.
ham,Your order #24110 has been delivered successfully. Thank you for shopping with us.
ham,Did you complete the Big Data Analytics practical assignment for this week?
ham,"Yes, I already verified the cluster configuration on Spark master node."
ham,Let's catch up over coffee this evening at the student cafeteria.
ham,Your order #45844 has been delivered successfully. Thank you for shopping with us.
ham,Are you coming to the seminar on Cloud Computing and Spark in the auditorium?
spam,Congratulations! You qualify for debt forgiveness and credit score repair. Call our financial counselor now at +44-20-7946-0921 to eliminate debt.
ham,"I checked the PySpark MLlib documentation, the parameter is elasticNetParam."
ham,Your order #40636 has been delivered successfully. Thank you for shopping with us.
ham,"Ok, I will reach college by 10:30 AM. Please save a seat for me."
spam,"FREE entry into our weekly $1,000 sweepstakes! Text WIN to 88202 now to register your free lucky draw ticket."
spam,URGENT! Your bank account ending in 6977 has been suspended due to suspicious activity. Verify immediately at http://secure-verify.net to avoid permanent freeze.
ham,The library book 'Introduction to Algorithms' is due for return on Friday.
ham,"Hey Sneha, are we still meeting for the project discussion at 3:30 PM today?"
ham,Just reached home safely. Let me know when you reach your hostel.
ham,Can you please review the merge request I raised on the repository?
spam,Special promotional offer: 100 GB High Speed 5G Data for just $1.99! Recharge now at http://fast-loan-app.co before the offer expires at midnight.
ham,"Hey Tanvi, are we still meeting for the project discussion at 4:15 PM today?"
ham,The results for the midterm examination will be announced next Monday.
ham,The library book 'Introduction to Algorithms' is due for return on Friday.
spam,"ALERT: Unclaimed lottery reward of $100,000 waiting for your mobile number. Call +1-800-555-0199 now to transfer funds to your bank account."
ham,Mom asked if you will be coming home for dinner tonight.
ham,Did you complete the Big Data Analytics practical assignment for this week?
ham,Good morning! Remember to submit the lab record before 5 PM today.
ham,Can you share the lecture slides from yesterday's distributed computing class?
ham,The results for the midterm examination will be announced next Monday.
ham,Your OTP for net banking login is 425796. Valid for 10 minutes. Do not share.
ham,Let's catch up over coffee this evening at the student cafeteria.
ham,"Hi Tanvi, hope you are doing well! It's been a while since we talked."
ham,The bus is arriving at platform 4 in five minutes.
ham,"I checked the PySpark MLlib documentation, the parameter is elasticNetParam."
ham,Just reached home safely. Let me know when you reach your hostel.
ham,"Hey Arjun, are we still meeting for the project discussion at 4:15 PM today?"
spam,"Instant Personal Loan approved up to $25,000 with 0% processing fee and minimal documentation! Apply within 2 hours at http://fast-loan-app.co."
ham,"Don't worry about the presentation, we have prepared all the slides well."
ham,I'll bring my laptop charger with me so we can work on the lab assignment.
ham,See you tomorrow at 9 AM sharp in the computer lab.
spam,URGENT! Your bank account ending in 5437 has been suspended due to suspicious activity. Verify immediately at http://spam-claim.biz to avoid permanent freeze.
spam,Double your mobile balance today! Send FREE to 88202 and get instant 200% bonus talktime and data packs.
ham,See you tomorrow at 9 AM sharp in the computer lab.
spam,URGENT! Your bank account ending in 1235 has been suspended due to suspicious activity. Verify immediately at http://fast-loan-app.co to avoid permanent freeze.
ham,Please find attached the updated project report and data pipeline code.
spam,URGENT! Your bank account ending in 4918 has been suspended due to suspicious activity. Verify immediately at http://gift-portal.com to avoid permanent freeze.
ham,"Hi Neha, hope you are doing well! It's been a while since we talked."
spam,Exclusive Offer! Get 85% discount on top designer watches and luxury perfumes. Shop now at http://fast-loan-app.co. Limited stocks available!
ham,The results for the midterm examination will be announced next Monday.
spam,URGENT! Your bank account ending in 7803 has been suspended due to suspicious activity. Verify immediately at http://spam-claim.biz to avoid permanent freeze.
ham,Your order #45336 has been delivered successfully. Thank you for shopping with us.
ham,Thanks for the help earlier! Really appreciate your quick response.
spam,"ALERT: Unclaimed lottery reward of $50,000 waiting for your mobile number. Call +44-20-7946-0921 now to transfer funds to your bank account."
ham,See you tomorrow at 9 AM sharp in the computer lab.
ham,The exam schedule has been released on the university student portal.
ham,The results for the midterm examination will be announced next Monday.
spam,Congratulations! You qualify for debt forgiveness and credit score repair. Call our financial counselor now at +1-800-555-0199 to eliminate debt.
ham,Thanks for the help earlier! Really appreciate your quick response.
spam,"CONGRATULATIONS! You have won a cash prize of $10,000 in the National Telecom Lottery! Call +44-20-7946-0921 or visit http://spam-claim.biz to claim now. T&C apply."
ham,The library book 'Introduction to Algorithms' is due for return on Friday.
ham,Please send me the PDF notes for Unit 4 data visualization.
ham,Can you share the lecture slides from yesterday's distributed computing class?
ham,Just reached home safely. Let me know when you reach your hostel.
ham,Happy Birthday Vikram! Wishing you a wonderful and successful year ahead.
spam,Congratulations! You qualify for debt forgiveness and credit score repair. Call our financial counselor now at +1-800-419-7820 to eliminate debt.
spam,Congratulations! You qualify for debt forgiveness and credit score repair. Call our financial counselor now at +1-800-555-0199 to eliminate debt.
ham,Got your email with the dataset CSV. Loading it into Spark DataFrame now.
spam,"ALERT: Unclaimed lottery reward of $5,000 waiting for your mobile number. Call +44-20-7946-0921 now to transfer funds to your bank account."
ham,Mom asked if you will be coming home for dinner tonight.
spam,Hot singles in your area want to meet you tonight! Click http://gift-portal.com to chat live and browse profiles for free.
ham,The results for the midterm examination will be announced next Monday.
spam,Special promotional offer: 100 GB High Speed 5G Data for just $1.99! Recharge now at http://gift-portal.com before the offer expires at midnight.
spam,Special promotional offer: 100 GB High Speed 5G Data for just $1.99! Recharge now at http://fast-loan-app.co before the offer expires at midnight.
ham,Can you please review the merge request I raised on the repository?
ham,Happy Birthday Neha! Wishing you a wonderful and successful year ahead.
ham,"Don't worry about the presentation, we have prepared all the slides well."
spam,"Instant Personal Loan approved up to $50,000 with 0% processing fee and minimal documentation! Apply within 2 hours at http://gift-portal.com."
ham,Your order #28829 has been delivered successfully. Thank you for shopping with us.
ham,Are you coming to the seminar on Cloud Computing and Spark in the auditorium?
ham,Mom asked if you will be coming home for dinner tonight.
ham,I'll bring my laptop charger with me so we can work on the lab assignment.
ham,I'll bring my laptop charger with me so we can work on the lab assignment.
ham,"I am stuck in traffic near the circle, will be delayed by 15 minutes."
ham,"Yes, I already verified the cluster configuration on Spark master node."
spam,"WINNER! As a valued customer, you have been selected to receive a FREE iPhone 15 Pro. Reply CLAIM to 88202 or click http://fast-loan-app.co today only!"
ham,Did you complete the Big Data Analytics practical assignment for this week?
ham,"Yes, I already verified the cluster configuration on Spark master node."
ham,The results for the midterm examination will be announced next Monday.
spam,Hot singles in your area want to meet you tonight! Click http://fast-loan-app.co to chat live and browse profiles for free.
ham,Mom asked if you will be coming home for dinner tonight.
ham,Good morning! Remember to submit the lab record before 5 PM today.
ham,Can you share the lecture slides from yesterday's distributed computing class?
ham,"Don't worry about the presentation, we have prepared all the slides well."
ham,Please send me the PDF notes for Unit 4 data visualization.
ham,"Don't worry about the presentation, we have prepared all the slides well."
spam,"CONGRATULATIONS! You have won a cash prize of $50,000 in the National Telecom Lottery! Call +1-800-419-7820 or visit http://fast-loan-app.co to claim now. T&C apply."
ham,Thanks for the help earlier! Really appreciate your quick response.
spam,You have won a free 4-night luxury holiday voucher to Bali! Reply YES to 55444 to receive your booking code immediately.
ham,The bus is arriving at platform 4 in five minutes.
spam,"WINNER! As a valued customer, you have been selected to receive a FREE iPhone 15 Pro. Reply CLAIM to 99100 or click http://spam-claim.biz today only!"
ham,Can you share the lecture slides from yesterday's distributed computing class?
ham,The results for the midterm examination will be announced next Monday.
ham,Happy Birthday Tanvi! Wishing you a wonderful and successful year ahead.
ham,"Hey Arjun, are we still meeting for the project discussion at 5:00 PM today?"
ham,"I checked the PySpark MLlib documentation, the parameter is elasticNetParam."
ham,Got your email with the dataset CSV. Loading it into Spark DataFrame now.
ham,Please send me the PDF notes for Unit 4 data visualization.
ham,The bus is arriving at platform 4 in five minutes.
ham,"Ok, I will reach college by 10:30 AM. Please save a seat for me."
ham,Can you please review the merge request I raised on the repository?
ham,Just reached home safely. Let me know when you reach your hostel.
ham,The bus is arriving at platform 4 in five minutes.
ham,Please send me the PDF notes for Unit 4 data visualization.
ham,"Hi Arjun, hope you are doing well! It's been a while since we talked."
ham,Your OTP for net banking login is 815968. Valid for 10 minutes. Do not share.
spam,"WINNER! As a valued customer, you have been selected to receive a FREE iPhone 15 Pro. Reply CLAIM to 99100 or click http://gift-portal.com today only!"
ham,"I am stuck in traffic near the circle, will be delayed by 15 minutes."
ham,Can you share the lecture slides from yesterday's distributed computing class?
ham,The library book 'Introduction to Algorithms' is due for return on Friday.
ham,Where should we order lunch from today? Pizza or sandwiches?
ham,See you tomorrow at 9 AM sharp in the computer lab.
ham,Where should we order lunch from today? Pizza or sandwiches?
ham,The results for the midterm examination will be announced next Monday.
ham,"I checked the PySpark MLlib documentation, the parameter is elasticNetParam."
ham,"Hi Arjun, hope you are doing well! It's been a while since we talked."
ham,The library book 'Introduction to Algorithms' is due for return on Friday.
ham,I'll bring my laptop charger with me so we can work on the lab assignment.
ham,Got your email with the dataset CSV. Loading it into Spark DataFrame now.
ham,Thanks for the help earlier! Really appreciate your quick response.
ham,Your order #31893 has been delivered successfully. Thank you for shopping with us.
ham,Your OTP for net banking login is 586830. Valid for 10 minutes. Do not share.
ham,The bus is arriving at platform 4 in five minutes.
spam,Congratulations! You qualify for debt forgiveness and credit score repair. Call our financial counselor now at +1-888-920-1144 to eliminate debt.
ham,Your OTP for net banking login is 215248. Valid for 10 minutes. Do not share.
ham,Good morning! Remember to submit the lab record before 5 PM today.
ham,The bus is arriving at platform 4 in five minutes.
spam,URGENT! Your bank account ending in 8110 has been suspended due to suspicious activity. Verify immediately at http://spam-claim.biz to avoid permanent freeze.
ham,Happy Birthday Rahul! Wishing you a wonderful and successful year ahead.
ham,"Hi Arjun, hope you are doing well! It's been a while since we talked."
spam,Special promotional offer: 100 GB High Speed 5G Data for just $1.99! Recharge now at http://fast-loan-app.co before the offer expires at midnight.
ham,"I am stuck in traffic near the circle, will be delayed by 15 minutes."
ham,Just reached home safely. Let me know when you reach your hostel.
ham,See you tomorrow at 9 AM sharp in the computer lab.
ham,"Hi Amit, hope you are doing well! It's been a while since we talked."
spam,"Instant Personal Loan approved up to $25,000 with 0% processing fee and minimal documentation! Apply within 2 hours at http://promo-deal.info."
ham,Please find attached the updated project report and data pipeline code.
spam,URGENT! Your bank account ending in 7404 has been suspended due to suspicious activity. Verify immediately at http://secure-verify.net to avoid permanent freeze.
ham,I'll bring my laptop charger with me so we can work on the lab assignment.
ham,"Call me whenever you get free, need to discuss the weekend plans."
ham,The bus is arriving at platform 4 in five minutes.
ham,Your order #99193 has been delivered successfully. Thank you for shopping with us.
ham,Please send me the PDF notes for Unit 4 data visualization.
ham,Just reached home safely. Let me know when you reach your hostel.
ham,Can you please review the merge request I raised on the repository?
ham,Happy Birthday Ananya! Wishing you a wonderful and successful year ahead.
spam,Exclusive Offer! Get 85% discount on top designer watches and luxury perfumes. Shop now at http://fast-loan-app.co. Limited stocks available!
ham,"Yes, I already verified the cluster configuration on Spark master node."
ham,Are you coming to the seminar on Cloud Computing and Spark in the auditorium?
ham,"Don't worry about the presentation, we have prepared all the slides well."
ham,"Call me whenever you get free, need to discuss the weekend plans."
ham,"Hey Rohan, are we still meeting for the project discussion at 4:15 PM today?"
ham,Thanks for the help earlier! Really appreciate your quick response.
ham,The library book 'Introduction to Algorithms' is due for return on Friday.
ham,"Hi Arjun, hope you are doing well! It's been a while since we talked."
ham,Are you coming to the seminar on Cloud Computing and Spark in the auditorium?
ham,"Call me whenever you get free, need to discuss the weekend plans."
ham,The bus is arriving at platform 4 in five minutes.
ham,The exam schedule has been released on the university student portal.
spam,Double your mobile balance today! Send FREE to 77331 and get instant 200% bonus talktime and data packs.
ham,See you tomorrow at 9 AM sharp in the computer lab.
ham,"Hey Karan, are we still meeting for the project discussion at 5:00 PM today?"
ham,See you tomorrow at 9 AM sharp in the computer lab.
ham,The bus is arriving at platform 4 in five minutes.
ham,Can you share the lecture slides from yesterday's distributed computing class?
ham,"Ok, I will reach college by 2:00 PM. Please save a seat for me."
ham,Are you coming to the seminar on Cloud Computing and Spark in the auditorium?
ham,"Ok, I will reach college by 2:00 PM. Please save a seat for me."
ham,"Hey Sneha, are we still meeting for the project discussion at 3:30 PM today?"
ham,Are you coming to the seminar on Cloud Computing and Spark in the auditorium?
ham,Just reached home safely. Let me know when you reach your hostel.
ham,Just reached home safely. Let me know when you reach your hostel.
ham,Where should we order lunch from today? Pizza or sandwiches?
ham,"Hi Amit, hope you are doing well! It's been a while since we talked."
spam,URGENT! Your bank account ending in 1284 has been suspended due to suspicious activity. Verify immediately at http://spam-claim.biz to avoid permanent freeze.
ham,The results for the midterm examination will be announced next Monday.
spam,Congratulations! You qualify for debt forgiveness and credit score repair. Call our financial counselor now at +1-888-920-1144 to eliminate debt.
ham,The exam schedule has been released on the university student portal.
ham,I'll bring my laptop charger with me so we can work on the lab assignment.
ham,Thanks for the help earlier! Really appreciate your quick response.
ham,Please send me the PDF notes for Unit 4 data visualization.
spam,"Instant Personal Loan approved up to $75,000 with 0% processing fee and minimal documentation! Apply within 2 hours at http://secure-verify.net."
spam,Double your mobile balance today! Send FREE to 99100 and get instant 200% bonus talktime and data packs.
ham,"Call me whenever you get free, need to discuss the weekend plans."
ham,The exam schedule has been released on the university student portal.
spam,Congratulations! You qualify for debt forgiveness and credit score repair. Call our financial counselor now at +1-800-555-0199 to eliminate debt.
ham,Can you share the lecture slides from yesterday's distributed computing class?
spam,"Dear Customer, your electricity connection will be disconnected tonight at 9:30 PM due to unpaid bill. Call helpline +1-888-920-1144 immediately."
ham,"Don't worry about the presentation, we have prepared all the slides well."
ham,Your OTP for net banking login is 106148. Valid for 10 minutes. Do not share.
spam,"Dear Customer, your electricity connection will be disconnected tonight at 9:30 PM due to unpaid bill. Call helpline +1-800-555-0199 immediately."
ham,The bus is arriving at platform 4 in five minutes.
spam,Exclusive Offer! Get 85% discount on top designer watches and luxury perfumes. Shop now at http://gift-portal.com. Limited stocks available!
spam,"Dear Customer, your electricity connection will be disconnected tonight at 9:30 PM due to unpaid bill. Call helpline +44-20-7946-0921 immediately."
ham,The results for the midterm examination will be announced next Monday.
ham,Thanks for the help earlier! Really appreciate your quick response.
ham,Good morning! Remember to submit the lab record before 5 PM today.
ham,Mom asked if you will be coming home for dinner tonight.
spam,Exclusive Offer! Get 85% discount on top designer watches and luxury perfumes. Shop now at http://fast-loan-app.co. Limited stocks available!
ham,Please send me the PDF notes for Unit 4 data visualization.
ham,Did you complete the Big Data Analytics practical assignment for this week?
spam,"ALERT: Unclaimed lottery reward of $10,000 waiting for your mobile number. Call +1-888-920-1144 now to transfer funds to your bank account."
spam,"FREE entry into our weekly $5,000 sweepstakes! Text WIN to 88202 now to register your free lucky draw ticket."
ham,Just reached home safely. Let me know when you reach your hostel.
ham,"I checked the PySpark MLlib documentation, the parameter is elasticNetParam."
ham,"Hi Rahul, hope you are doing well! It's been a while since we talked."
ham,Please find attached the updated project report and data pipeline code.
spam,Congratulations! You qualify for debt forgiveness and credit score repair. Call our financial counselor now at +1-800-419-7820 to eliminate debt.
ham,Happy Birthday Sneha! Wishing you a wonderful and successful year ahead.
ham,I'll bring my laptop charger with me so we can work on the lab assignment.
ham,Can you share the lecture slides from yesterday's distributed computing class?
ham,"Call me whenever you get free, need to discuss the weekend plans."
ham,Mom asked if you will be coming home for dinner tonight.
ham,Let's catch up over coffee this evening at the student cafeteria.
ham,The results for the midterm examination will be announced next Monday.
spam,"ALERT: Unclaimed lottery reward of $5,000 waiting for your mobile number. Call +1-888-920-1144 now to transfer funds to your bank account."
ham,"I checked the PySpark MLlib documentation, the parameter is elasticNetParam."
ham,Where should we order lunch from today? Pizza or sandwiches?
ham,"Yes, I already verified the cluster configuration on Spark master node."
ham,Thanks for the help earlier! Really appreciate your quick response.
ham,Your order #85311 has been delivered successfully. Thank you for shopping with us.
ham,Please find attached the updated project report and data pipeline code.
ham,"I checked the PySpark MLlib documentation, the parameter is elasticNetParam."
ham,The library book 'Introduction to Algorithms' is due for return on Friday.
ham,Mom asked if you will be coming home for dinner tonight.
spam,URGENT NOTICE: Your package delivery has been put on hold due to missing delivery address. Pay $1.50 redelivery fee at http://secure-verify.net.
ham,"I am stuck in traffic near the circle, will be delayed by 15 minutes."
ham,Please send me the PDF notes for Unit 4 data visualization.
ham,The library book 'Introduction to Algorithms' is due for return on Friday.
ham,Are you coming to the seminar on Cloud Computing and Spark in the auditorium?
spam,URGENT NOTICE: Your package delivery has been put on hold due to missing delivery address. Pay $1.50 redelivery fee at http://spam-claim.biz.
spam,"CONGRATULATIONS! You have won a cash prize of $10,000 in the National Telecom Lottery! Call +1-800-419-7820 or visit http://secure-verify.net to claim now. T&C apply."
ham,Got your email with the dataset CSV. Loading it into Spark DataFrame now.
ham,Mom asked if you will be coming home for dinner tonight.
ham,"Hey Arjun, are we still meeting for the project discussion at 11:00 AM today?"
ham,"Call me whenever you get free, need to discuss the weekend plans."
ham,"Call me whenever you get free, need to discuss the weekend plans."
ham,"Ok, I will reach college by 5:00 PM. Please save a seat for me."
ham,The exam schedule has been released on the university student portal.
ham,"Call me whenever you get free, need to discuss the weekend plans."
ham,Please find attached the updated project report and data pipeline code.
ham,"Call me whenever you get free, need to discuss the weekend plans."
ham,Thanks for the help earlier! Really appreciate your quick response.
ham,Please find attached the updated project report and data pipeline code.
spam,"Dear Customer, your electricity connection will be disconnected tonight at 9:30 PM due to unpaid bill. Call helpline +1-800-555-0199 immediately."
ham,"Don't worry about the presentation, we have prepared all the slides well."
ham,Just reached home safely. Let me know when you reach your hostel.
spam,Congratulations! You qualify for debt forgiveness and credit score repair. Call our financial counselor now at +1-888-920-1144 to eliminate debt.
ham,"Hey Ananya, are we still meeting for the project discussion at 5:00 PM today?"
ham,Let's catch up over coffee this evening at the student cafeteria.
ham,Thanks for the help earlier! Really appreciate your quick response.
ham,"Call me whenever you get free, need to discuss the weekend plans."
ham,The bus is arriving at platform 4 in five minutes.
spam,Double your mobile balance today! Send FREE to 55444 and get instant 200% bonus talktime and data packs.
ham,Can you please review the merge request I raised on the repository?
spam,You have won a free 4-night luxury holiday voucher to Bali! Reply YES to 88202 to receive your booking code immediately.
spam,Get rich quick with guaranteed daily returns of 25% on crypto trading! Join our VIP Telegram channel at http://spam-claim.biz. No prior experience needed.
spam,"FREE entry into our weekly $10,000 sweepstakes! Text WIN to 77331 now to register your free lucky draw ticket."
spam,URGENT! Your bank account ending in 2343 has been suspended due to suspicious activity. Verify immediately at http://fast-loan-app.co to avoid permanent freeze.
ham,The exam schedule has been released on the university student portal.
ham,Thanks for the help earlier! Really appreciate your quick response.
ham,The library book 'Introduction to Algorithms' is due for return on Friday.
spam,Exclusive Offer! Get 85% discount on top designer watches and luxury perfumes. Shop now at http://secure-verify.net. Limited stocks available!
ham,The results for the midterm examination will be announced next Monday.
ham,"I am stuck in traffic near the circle, will be delayed by 15 minutes."
ham,Can you share the lecture slides from yesterday's distributed computing class?
ham,Can you please review the merge request I raised on the repository?
ham,I'll bring my laptop charger with me so we can work on the lab assignment.
ham,Mom asked if you will be coming home for dinner tonight.
ham,Please find attached the updated project report and data pipeline code.
ham,Did you complete the Big Data Analytics practical assignment for this week?
ham,Where should we order lunch from today? Pizza or sandwiches?
ham,Just reached home safely. Let me know when you reach your hostel.
ham,Are you coming to the seminar on Cloud Computing and Spark in the auditorium?
ham,Can you share the lecture slides from yesterday's distributed computing class?
ham,Can you share the lecture slides from yesterday's distributed computing class?
ham,Are you coming to the seminar on Cloud Computing and Spark in the auditorium?
ham,The results for the midterm examination will be announced next Monday.
spam,URGENT! Your bank account ending in 1493 has been suspended due to suspicious activity. Verify immediately at http://secure-verify.net to avoid permanent freeze.
spam,Special promotional offer: 100 GB High Speed 5G Data for just $1.99! Recharge now at http://promo-deal.info before the offer expires at midnight.
ham,"Hey Ananya, are we still meeting for the project discussion at 3:30 PM today?"
spam,"Dear Customer, your electricity connection will be disconnected tonight at 9:30 PM due to unpaid bill. Call helpline +1-800-555-0199 immediately."
ham,"Don't worry about the presentation, we have prepared all the slides well."
ham,See you tomorrow at 9 AM sharp in the computer lab.
ham,Let's catch up over coffee this evening at the student cafeteria.
ham,Are you coming to the seminar on Cloud Computing and Spark in the auditorium?
ham,Let's catch up over coffee this evening at the student cafeteria.
ham,Thanks for the help earlier! Really appreciate your quick response.
spam,URGENT! Your bank account ending in 5727 has been suspended due to suspicious activity. Verify immediately at http://promo-deal.info to avoid permanent freeze.
spam,"Instant Personal Loan approved up to $50,000 with 0% processing fee and minimal documentation! Apply within 2 hours at http://secure-verify.net."
ham,Mom asked if you will be coming home for dinner tonight.
ham,The bus is arriving at platform 4 in five minutes.
spam,Hot singles in your area want to meet you tonight! Click http://gift-portal.com to chat live and browse profiles for free.
ham,"Ok, I will reach college by 3:30 PM. Please save a seat for me."
ham,The exam schedule has been released on the university student portal.
spam,"ALERT: Unclaimed lottery reward of $1,000 waiting for your mobile number. Call +1-800-419-7820 now to transfer funds to your bank account."
ham,Got your email with the dataset CSV. Loading it into Spark DataFrame now.
ham,Your order #25631 has been delivered successfully. Thank you for shopping with us.
ham,The results for the midterm examination will be announced next Monday.
ham,Your OTP for net banking login is 350996. Valid for 10 minutes. Do not share.
ham,"Ok, I will reach college by 11:00 AM. Please save a seat for me."
ham,Your order #54656 has been delivered successfully. Thank you for shopping with us.
ham,Your order #88675 has been delivered successfully. Thank you for shopping with us.
ham,I'll bring my laptop charger with me so we can work on the lab assignment.
spam,Congratulations! You qualify for debt forgiveness and credit score repair. Call our financial counselor now at +1-800-555-0199 to eliminate debt.
ham,"I am stuck in traffic near the circle, will be delayed by 15 minutes."
ham,See you tomorrow at 9 AM sharp in the computer lab.
ham,"Ok, I will reach college by 2:00 PM. Please save a seat for me."
ham,Thanks for the help earlier! Really appreciate your quick response.
ham,Did you complete the Big Data Analytics practical assignment for this week?
ham,Good morning! Remember to submit the lab record before 5 PM today.
ham,Mom asked if you will be coming home for dinner tonight.
ham,"Ok, I will reach college by 5:00 PM. Please save a seat for me."
ham,Happy Birthday Karan! Wishing you a wonderful and successful year ahead.
ham,Can you please review the merge request I raised on the repository?
ham,Where should we order lunch from today? Pizza or sandwiches?
ham,Mom asked if you will be coming home for dinner tonight.
ham,"Yes, I already verified the cluster configuration on Spark master node."
ham,Are you coming to the seminar on Cloud Computing and Spark in the auditorium?
ham,"I checked the PySpark MLlib documentation, the parameter is elasticNetParam."
spam,"Dear Customer, your electricity connection will be disconnected tonight at 9:30 PM due to unpaid bill. Call helpline +1-800-419-7820 immediately."
ham,"Don't worry about the presentation, we have prepared all the slides well."
ham,Got your email with the dataset CSV. Loading it into Spark DataFrame now.
ham,Please find attached the updated project report and data pipeline code.
ham,Got your email with the dataset CSV. Loading it into Spark DataFrame now.
ham,The library book 'Introduction to Algorithms' is due for return on Friday.
ham,"Yes, I already verified the cluster configuration on Spark master node."
ham,The results for the midterm examination will be announced next Monday.
ham,Your order #24113 has been delivered successfully. Thank you for shopping with us.
ham,See you tomorrow at 9 AM sharp in the computer lab.
ham,"Ok, I will reach college by 3:30 PM. Please save a seat for me."
ham,Thanks for the help earlier! Really appreciate your quick response.
ham,"Call me whenever you get free, need to discuss the weekend plans."
ham,Please find attached the updated project report and data pipeline code.
ham,Thanks for the help earlier! Really appreciate your quick response.
spam,"ALERT: Unclaimed lottery reward of $10,000 waiting for your mobile number. Call +1-800-419-7820 now to transfer funds to your bank account."
spam,"ALERT: Unclaimed lottery reward of $100,000 waiting for your mobile number. Call +44-20-7946-0921 now to transfer funds to your bank account."
spam,Get rich quick with guaranteed daily returns of 25% on crypto trading! Join our VIP Telegram channel at http://gift-portal.com. No prior experience needed.
ham,The bus is arriving at platform 4 in five minutes.
ham,The exam schedule has been released on the university student portal.
spam,You have won a free 4-night luxury holiday voucher to Bali! Reply YES to 88202 to receive your booking code immediately.
ham,Got your email with the dataset CSV. Loading it into Spark DataFrame now.
ham,"Don't worry about the presentation, we have prepared all the slides well."
ham,Please find attached the updated project report and data pipeline code.
ham,I'll bring my laptop charger with me so we can work on the lab assignment.
ham,Your order #58996 has been delivered successfully. Thank you for shopping with us.
ham,Are you coming to the seminar on Cloud Computing and Spark in the auditorium?
ham,See you tomorrow at 9 AM sharp in the computer lab.
spam,"Instant Personal Loan approved up to $25,000 with 0% processing fee and minimal documentation! Apply within 2 hours at http://gift-portal.com."
ham,Happy Birthday Arjun! Wishing you a wonderful and successful year ahead.
ham,Let's catch up over coffee this evening at the student cafeteria.
ham,See you tomorrow at 9 AM sharp in the computer lab.
ham,Did you complete the Big Data Analytics practical assignment for this week?
ham,Let's catch up over coffee this evening at the student cafeteria.
spam,Hot singles in your area want to meet you tonight! Click http://secure-verify.net to chat live and browse profiles for free.
ham,Your OTP for net banking login is 937838. Valid for 10 minutes. Do not share.
ham,Your OTP for net banking login is 438814. Valid for 10 minutes. Do not share.
spam,URGENT! Your bank account ending in 1027 has been suspended due to suspicious activity. Verify immediately at http://gift-portal.com to avoid permanent freeze.
ham,Please find attached the updated project report and data pipeline code.
ham,The exam schedule has been released on the university student portal.
ham,The library book 'Introduction to Algorithms' is due for return on Friday.
ham,Can you please review the merge request I raised on the repository?
ham,"I am stuck in traffic near the circle, will be delayed by 15 minutes."
ham,Please find attached the updated project report and data pipeline code.
ham,Your order #20040 has been delivered successfully. Thank you for shopping with us.
ham,"Hey Amit, are we still meeting for the project discussion at 2:00 PM today?"
spam,Congratulations! You qualify for debt forgiveness and credit score repair. Call our financial counselor now at +44-20-7946-0921 to eliminate debt.
ham,I'll bring my laptop charger with me so we can work on the lab assignment.
ham,Got your email with the dataset CSV. Loading it into Spark DataFrame now.
ham,Thanks for the help earlier! Really appreciate your quick response.
ham,The library book 'Introduction to Algorithms' is due for return on Friday.
spam,"WINNER! As a valued customer, you have been selected to receive a FREE iPhone 15 Pro. Reply CLAIM to 88202 or click http://gift-portal.com today only!"
ham,Please send me the PDF notes for Unit 4 data visualization.
ham,Please send me the PDF notes for Unit 4 data visualization.
ham,"Don't worry about the presentation, we have prepared all the slides well."
ham,Did you complete the Big Data Analytics practical assignment for this week?
spam,"ALERT: Unclaimed lottery reward of $50,000 waiting for your mobile number. Call +44-20-7946-0921 now to transfer funds to your bank account."
spam,Double your mobile balance today! Send FREE to 88202 and get instant 200% bonus talktime and data packs.
ham,Can you share the lecture slides from yesterday's distributed computing class?
ham,Can you please review the merge request I raised on the repository?
ham,I'll bring my laptop charger with me so we can work on the lab assignment.
ham,Can you share the lecture slides from yesterday's distributed computing class?
ham,Can you please review the merge request I raised on the repository?
ham,"Yes, I already verified the cluster configuration on Spark master node."
ham,Please send me the PDF notes for Unit 4 data visualization.
ham,The results for the midterm examination will be announced next Monday.
spam,"Dear Customer, your electricity connection will be disconnected tonight at 9:30 PM due to unpaid bill. Call helpline +1-800-555-0199 immediately."
ham,"Call me whenever you get free, need to discuss the weekend plans."
ham,Mom asked if you will be coming home for dinner tonight.
spam,"Instant Personal Loan approved up to $75,000 with 0% processing fee and minimal documentation! Apply within 2 hours at http://promo-deal.info."
ham,Are you coming to the seminar on Cloud Computing and Spark in the auditorium?
ham,"Yes, I already verified the cluster configuration on Spark master node."
ham,Can you share the lecture slides from yesterday's distributed computing class?
ham,Your order #90502 has been delivered successfully. Thank you for shopping with us.
spam,URGENT NOTICE: Your package delivery has been put on hold due to missing delivery address. Pay $1.50 redelivery fee at http://promo-deal.info.
ham,"Call me whenever you get free, need to discuss the weekend plans."
ham,Please send me the PDF notes for Unit 4 data visualization.
ham,Just reached home safely. Let me know when you reach your hostel.
spam,"WINNER! As a valued customer, you have been selected to receive a FREE iPhone 15 Pro. Reply CLAIM to 88202 or click http://secure-verify.net today only!"
ham,Please find attached the updated project report and data pipeline code.
spam,URGENT! Your bank account ending in 1844 has been suspended due to suspicious activity. Verify immediately at http://promo-deal.info to avoid permanent freeze.
ham,Please send me the PDF notes for Unit 4 data visualization.
ham,Can you share the lecture slides from yesterday's distributed computing class?
ham,The bus is arriving at platform 4 in five minutes.
ham,Your OTP for net banking login is 740984. Valid for 10 minutes. Do not share.
ham,Let's catch up over coffee this evening at the student cafeteria.
ham,Just reached home safely. Let me know when you reach your hostel.
ham,Can you please review the merge request I raised on the repository?
ham,The library book 'Introduction to Algorithms' is due for return on Friday.
ham,Thanks for the help earlier! Really appreciate your quick response.
ham,Where should we order lunch from today? Pizza or sandwiches?
spam,"WINNER! As a valued customer, you have been selected to receive a FREE iPhone 15 Pro. Reply CLAIM to 88202 or click http://fast-loan-app.co today only!"
ham,"Hi Neha, hope you are doing well! It's been a while since we talked."
ham,See you tomorrow at 9 AM sharp in the computer lab.
ham,"Don't worry about the presentation, we have prepared all the slides well."
spam,"ALERT: Unclaimed lottery reward of $5,000 waiting for your mobile number. Call +1-888-920-1144 now to transfer funds to your bank account."
ham,Can you please review the merge request I raised on the repository?
spam,"ALERT: Unclaimed lottery reward of $100,000 waiting for your mobile number. Call +44-20-7946-0921 now to transfer funds to your bank account."
ham,Your order #81008 has been delivered successfully. Thank you for shopping with us.
spam,Congratulations! You qualify for debt forgiveness and credit score repair. Call our financial counselor now at +1-800-419-7820 to eliminate debt.
ham,"I am stuck in traffic near the circle, will be delayed by 15 minutes."
ham,"I checked the PySpark MLlib documentation, the parameter is elasticNetParam."
ham,"I am stuck in traffic near the circle, will be delayed by 15 minutes."
ham,Can you please review the merge request I raised on the repository?
spam,Double your mobile balance today! Send FREE to 77331 and get instant 200% bonus talktime and data packs.
ham,"Hey Rahul, are we still meeting for the project discussion at 11:00 AM today?"
ham,"Yes, I already verified the cluster configuration on Spark master node."
ham,Please send me the PDF notes for Unit 4 data visualization.
ham,Please send me the PDF notes for Unit 4 data visualization.
ham,Did you complete the Big Data Analytics practical assignment for this week?
ham,"Call me whenever you get free, need to discuss the weekend plans."
spam,Exclusive Offer! Get 85% discount on top designer watches and luxury perfumes. Shop now at http://secure-verify.net. Limited stocks available!
spam,Congratulations! You qualify for debt forgiveness and credit score repair. Call our financial counselor now at +1-800-555-0199 to eliminate debt.
ham,Can you please review the merge request I raised on the repository?
ham,"Call me whenever you get free, need to discuss the weekend plans."
ham,Please send me the PDF notes for Unit 4 data visualization.
spam,Congratulations! You qualify for debt forgiveness and credit score repair. Call our financial counselor now at +1-888-920-1144 to eliminate debt.
ham,"Hey Amit, are we still meeting for the project discussion at 10:30 AM today?"
ham,See you tomorrow at 9 AM sharp in the computer lab.
spam,"CONGRATULATIONS! You have won a cash prize of $5,000 in the National Telecom Lottery! Call +1-800-419-7820 or visit http://gift-portal.com to claim now. T&C apply."
ham,"Call me whenever you get free, need to discuss the weekend plans."
spam,"WINNER! As a valued customer, you have been selected to receive a FREE iPhone 15 Pro. Reply CLAIM to 55444 or click http://promo-deal.info today only!"
spam,URGENT NOTICE: Your package delivery has been put on hold due to missing delivery address. Pay $1.50 redelivery fee at http://secure-verify.net.
ham,Are you coming to the seminar on Cloud Computing and Spark in the auditorium?
ham,Please find attached the updated project report and data pipeline code.
ham,The results for the midterm examination will be announced next Monday.
ham,See you tomorrow at 9 AM sharp in the computer lab.
ham,"Call me whenever you get free, need to discuss the weekend plans."
ham,The results for the midterm examination will be announced next Monday.
spam,URGENT NOTICE: Your package delivery has been put on hold due to missing delivery address. Pay $1.50 redelivery fee at http://spam-claim.biz.
ham,Let's catch up over coffee this evening at the student cafeteria.
ham,Your order #31331 has been delivered successfully. Thank you for shopping with us.
ham,"Don't worry about the presentation, we have prepared all the slides well."
spam,"FREE entry into our weekly $10,000 sweepstakes! Text WIN to 88202 now to register your free lucky draw ticket."
spam,"ALERT: Unclaimed lottery reward of $10,000 waiting for your mobile number. Call +44-20-7946-0921 now to transfer funds to your bank account."
ham,Good morning! Remember to submit the lab record before 5 PM today.
ham,See you tomorrow at 9 AM sharp in the computer lab.
ham,See you tomorrow at 9 AM sharp in the computer lab.
ham,"Hey Priya, are we still meeting for the project discussion at 11:00 AM today?"
spam,Congratulations! You qualify for debt forgiveness and credit score repair. Call our financial counselor now at +1-800-555-0199 to eliminate debt.
ham,See you tomorrow at 9 AM sharp in the computer lab.
ham,Please send me the PDF notes for Unit 4 data visualization.
ham,Let's catch up over coffee this evening at the student cafeteria.
ham,"I am stuck in traffic near the circle, will be delayed by 15 minutes."
spam,"Dear Customer, your electricity connection will be disconnected tonight at 9:30 PM due to unpaid bill. Call helpline +44-20-7946-0921 immediately."
ham,"Hi Amit, hope you are doing well! It's been a while since we talked."
ham,The bus is arriving at platform 4 in five minutes.
spam,"Dear Customer, your electricity connection will be disconnected tonight at 9:30 PM due to unpaid bill. Call helpline +44-20-7946-0921 immediately."
ham,Got your email with the dataset CSV. Loading it into Spark DataFrame now.
spam,URGENT NOTICE: Your package delivery has been put on hold due to missing delivery address. Pay $1.50 redelivery fee at http://fast-loan-app.co.
ham,"Hi Tanvi, hope you are doing well! It's been a while since we talked."
ham,Can you share the lecture slides from yesterday's distributed computing class?
ham,"I checked the PySpark MLlib documentation, the parameter is elasticNetParam."
ham,"Hi Ananya, hope you are doing well! It's been a while since we talked."
ham,The bus is arriving at platform 4 in five minutes.
ham,The library book 'Introduction to Algorithms' is due for return on Friday.
ham,Let's catch up over coffee this evening at the student cafeteria.
spam,Hot singles in your area want to meet you tonight! Click http://spam-claim.biz to chat live and browse profiles for free.
spam,"Dear Customer, your electricity connection will be disconnected tonight at 9:30 PM due to unpaid bill. Call helpline +1-800-555-0199 immediately."
ham,Let's catch up over coffee this evening at the student cafeteria.
spam,URGENT NOTICE: Your package delivery has been put on hold due to missing delivery address. Pay $1.50 redelivery fee at http://secure-verify.net.
ham,"I am stuck in traffic near the circle, will be delayed by 15 minutes."
ham,Please find attached the updated project report and data pipeline code.
spam,Hot singles in your area want to meet you tonight! Click http://spam-claim.biz to chat live and browse profiles for free.
spam,Special promotional offer: 100 GB High Speed 5G Data for just $1.99! Recharge now at http://secure-verify.net before the offer expires at midnight.
ham,"Ok, I will reach college by 11:00 AM. Please save a seat for me."
ham,The bus is arriving at platform 4 in five minutes.
ham,"Call me whenever you get free, need to discuss the weekend plans."
spam,Hot singles in your area want to meet you tonight! Click http://promo-deal.info to chat live and browse profiles for free.
ham,Where should we order lunch from today? Pizza or sandwiches?
ham,"Hey Arjun, are we still meeting for the project discussion at 3:30 PM today?"
ham,"Hi Vikram, hope you are doing well! It's been a while since we talked."
spam,"CONGRATULATIONS! You have won a cash prize of $1,000 in the National Telecom Lottery! Call +44-20-7946-0921 or visit http://secure-verify.net to claim now. T&C apply."
ham,Please send me the PDF notes for Unit 4 data visualization.
ham,Good morning! Remember to submit the lab record before 5 PM today.
ham,Can you please review the merge request I raised on the repository?
ham,"I am stuck in traffic near the circle, will be delayed by 15 minutes."
ham,"Ok, I will reach college by 2:00 PM. Please save a seat for me."
ham,Your order #72394 has been delivered successfully. Thank you for shopping with us.
ham,The exam schedule has been released on the university student portal.
ham,Your order #71680 has been delivered successfully. Thank you for shopping with us.
ham,Good morning! Remember to submit the lab record before 5 PM today.
ham,Got your email with the dataset CSV. Loading it into Spark DataFrame now.
ham,"I am stuck in traffic near the circle, will be delayed by 15 minutes."
ham,"Hey Vikram, are we still meeting for the project discussion at 10:30 AM today?"
ham,Please find attached the updated project report and data pipeline code.
ham,"Hey Rohan, are we still meeting for the project discussion at 3:30 PM today?"
ham,Mom asked if you will be coming home for dinner tonight.
spam,Congratulations! You qualify for debt forgiveness and credit score repair. Call our financial counselor now at +44-20-7946-0921 to eliminate debt.
ham,Where should we order lunch from today? Pizza or sandwiches?
ham,Just reached home safely. Let me know when you reach your hostel.
ham,The results for the midterm examination will be announced next Monday.
spam,URGENT NOTICE: Your package delivery has been put on hold due to missing delivery address. Pay $1.50 redelivery fee at http://spam-claim.biz.
ham,"Call me whenever you get free, need to discuss the weekend plans."
ham,"Ok, I will reach college by 4:15 PM. Please save a seat for me."
ham,Did you complete the Big Data Analytics practical assignment for this week?
ham,Your OTP for net banking login is 611092. Valid for 10 minutes. Do not share.
ham,"Ok, I will reach college by 11:00 AM. Please save a seat for me."
ham,"Hey Karan, are we still meeting for the project discussion at 10:30 AM today?"
ham,"Hey Rohan, are we still meeting for the project discussion at 4:15 PM today?"
ham,Mom asked if you will be coming home for dinner tonight.
spam,"FREE entry into our weekly $5,000 sweepstakes! Text WIN to 77331 now to register your free lucky draw ticket."
ham,"Don't worry about the presentation, we have prepared all the slides well."
ham,I'll bring my laptop charger with me so we can work on the lab assignment.
spam,"CONGRATULATIONS! You have won a cash prize of $5,000 in the National Telecom Lottery! Call +1-800-419-7820 or visit http://secure-verify.net to claim now. T&C apply."
ham,"Hi Amit, hope you are doing well! It's been a while since we talked."
ham,"I checked the PySpark MLlib documentation, the parameter is elasticNetParam."
ham,Please find attached the updated project report and data pipeline code.
ham,"Don't worry about the presentation, we have prepared all the slides well."
ham,"Hey Rohan, are we still meeting for the project discussion at 3:30 PM today?"
ham,Just reached home safely. Let me know when you reach your hostel.
ham,"Don't worry about the presentation, we have prepared all the slides well."
ham,"Call me whenever you get free, need to discuss the weekend plans."
spam,Congratulations! You qualify for debt forgiveness and credit score repair. Call our financial counselor now at +44-20-7946-0921 to eliminate debt.
ham,"Hey Amit, are we still meeting for the project discussion at 5:00 PM today?"
ham,"Call me whenever you get free, need to discuss the weekend plans."
spam,You have won a free 4-night luxury holiday voucher to Bali! Reply YES to 88202 to receive your booking code immediately.
spam,URGENT NOTICE: Your package delivery has been put on hold due to missing delivery address. Pay $1.50 redelivery fee at http://fast-loan-app.co.
ham,Please find attached the updated project report and data pipeline code.
ham,Good morning! Remember to submit the lab record before 5 PM today.
ham,"Hey Karan, are we still meeting for the project discussion at 2:00 PM today?"
ham,The bus is arriving at platform 4 in five minutes.
ham,Just reached home safely. Let me know when you reach your hostel.
ham,See you tomorrow at 9 AM sharp in the computer lab.
spam,Exclusive Offer! Get 85% discount on top designer watches and luxury perfumes. Shop now at http://secure-verify.net. Limited stocks available!
ham,The library book 'Introduction to Algorithms' is due for return on Friday.
ham,The bus is arriving at platform 4 in five minutes.
spam,"CONGRATULATIONS! You have won a cash prize of $50,000 in the National Telecom Lottery! Call +1-888-920-1144 or visit http://secure-verify.net to claim now. T&C apply."
ham,Can you please review the merge request I raised on the repository?
ham,Please send me the PDF notes for Unit 4 data visualization.
spam,Double your mobile balance today! Send FREE to 77331 and get instant 200% bonus talktime and data packs.
ham,The exam schedule has been released on the university student portal.
ham,Please send me the PDF notes for Unit 4 data visualization.
ham,Can you share the lecture slides from yesterday's distributed computing class?
ham,"Hi Pooja, hope you are doing well! It's been a while since we talked."
ham,"I am stuck in traffic near the circle, will be delayed by 15 minutes."
spam,"FREE entry into our weekly $1,000 sweepstakes! Text WIN to 99100 now to register your free lucky draw ticket."
ham,Can you share the lecture slides from yesterday's distributed computing class?
ham,"I checked the PySpark MLlib documentation, the parameter is elasticNetParam."
ham,Did you complete the Big Data Analytics practical assignment for this week?
ham,Did you complete the Big Data Analytics practical assignment for this week?
ham,The library book 'Introduction to Algorithms' is due for return on Friday.
ham,Please find attached the updated project report and data pipeline code.
spam,Double your mobile balance today! Send FREE to 88202 and get instant 200% bonus talktime and data packs.
ham,"Hi Vikram, hope you are doing well! It's been a while since we talked."
spam,Double your mobile balance today! Send FREE to 88202 and get instant 200% bonus talktime and data packs.
ham,Good morning! Remember to submit the lab record before 5 PM today.
ham,Happy Birthday Rohan! Wishing you a wonderful and successful year ahead.
ham,"I checked the PySpark MLlib documentation, the parameter is elasticNetParam."
ham,Where should we order lunch from today? Pizza or sandwiches?
ham,Just reached home safely. Let me know when you reach your hostel.
spam,Special promotional offer: 100 GB High Speed 5G Data for just $1.99! Recharge now at http://fast-loan-app.co before the offer expires at midnight.
ham,Are you coming to the seminar on Cloud Computing and Spark in the auditorium?
ham,Can you share the lecture slides from yesterday's distributed computing class?
ham,Can you please review the merge request I raised on the repository?
ham,Where should we order lunch from today? Pizza or sandwiches?
ham,"Hey Karan, are we still meeting for the project discussion at 2:00 PM today?"
ham,Good morning! Remember to submit the lab record before 5 PM today.
spam,Exclusive Offer! Get 85% discount on top designer watches and luxury perfumes. Shop now at http://spam-claim.biz. Limited stocks available!
ham,Can you share the lecture slides from yesterday's distributed computing class?
ham,See you tomorrow at 9 AM sharp in the computer lab.
ham,Please send me the PDF notes for Unit 4 data visualization.
ham,Can you share the lecture slides from yesterday's distributed computing class?
ham,"Call me whenever you get free, need to discuss the weekend plans."
ham,The exam schedule has been released on the university student portal.
spam,Double your mobile balance today! Send FREE to 77331 and get instant 200% bonus talktime and data packs.
spam,Double your mobile balance today! Send FREE to 99100 and get instant 200% bonus talktime and data packs.
ham,Your order #32057 has been delivered successfully. Thank you for shopping with us.
spam,Get rich quick with guaranteed daily returns of 25% on crypto trading! Join our VIP Telegram channel at http://fast-loan-app.co. No prior experience needed.
ham,Your OTP for net banking login is 675069. Valid for 10 minutes. Do not share.
spam,You have won a free 4-night luxury holiday voucher to Bali! Reply YES to 55444 to receive your booking code immediately.
ham,The results for the midterm examination will be announced next Monday.
ham,Where should we order lunch from today? Pizza or sandwiches?
ham,"I am stuck in traffic near the circle, will be delayed by 15 minutes."
ham,Where should we order lunch from today? Pizza or sandwiches?
spam,"ALERT: Unclaimed lottery reward of $1,000 waiting for your mobile number. Call +44-20-7946-0921 now to transfer funds to your bank account."
ham,Please send me the PDF notes for Unit 4 data visualization.
ham,Thanks for the help earlier! Really appreciate your quick response.
ham,Where should we order lunch from today? Pizza or sandwiches?
ham,See you tomorrow at 9 AM sharp in the computer lab.
ham,"I checked the PySpark MLlib documentation, the parameter is elasticNetParam."
spam,You have won a free 4-night luxury holiday voucher to Bali! Reply YES to 99100 to receive your booking code immediately.
ham,"Hey Ananya, are we still meeting for the project discussion at 2:00 PM today?"
spam,You have won a free 4-night luxury holiday voucher to Bali! Reply YES to 88202 to receive your booking code immediately.
spam,URGENT NOTICE: Your package delivery has been put on hold due to missing delivery address. Pay $1.50 redelivery fee at http://fast-loan-app.co.
ham,Your order #20396 has been delivered successfully. Thank you for shopping with us.
ham,Where should we order lunch from today? Pizza or sandwiches?
ham,Thanks for the help earlier! Really appreciate your quick response.
ham,Your order #30899 has been delivered successfully. Thank you for shopping with us.
ham,Good morning! Remember to submit the lab record before 5 PM today.
ham,"Ok, I will reach college by 2:00 PM. Please save a seat for me."
ham,The bus is arriving at platform 4 in five minutes.
ham,Please send me the PDF notes for Unit 4 data visualization.
ham,Mom asked if you will be coming home for dinner tonight.
ham,Please send me the PDF notes for Unit 4 data visualization.
ham,Happy Birthday Neha! Wishing you a wonderful and successful year ahead.
ham,Can you please review the merge request I raised on the repository?
ham,The bus is arriving at platform 4 in five minutes.
spam,Congratulations! You qualify for debt forgiveness and credit score repair. Call our financial counselor now at +1-888-920-1144 to eliminate debt.
ham,Can you share the lecture slides from yesterday's distributed computing class?
spam,"Instant Personal Loan approved up to $75,000 with 0% processing fee and minimal documentation! Apply within 2 hours at http://fast-loan-app.co."
ham,Your OTP for net banking login is 756531. Valid for 10 minutes. Do not share.
spam,"CONGRATULATIONS! You have won a cash prize of $5,000 in the National Telecom Lottery! Call +1-800-555-0199 or visit http://promo-deal.info to claim now. T&C apply."
ham,"I checked the PySpark MLlib documentation, the parameter is elasticNetParam."
ham,"Ok, I will reach college by 4:15 PM. Please save a seat for me."
ham,"I checked the PySpark MLlib documentation, the parameter is elasticNetParam."
ham,Please send me the PDF notes for Unit 4 data visualization.
ham,"Ok, I will reach college by 3:30 PM. Please save a seat for me."
ham,"Don't worry about the presentation, we have prepared all the slides well."
ham,The exam schedule has been released on the university student portal.
spam,Congratulations! You qualify for debt forgiveness and credit score repair. Call our financial counselor now at +1-800-419-7820 to eliminate debt.
ham,Your OTP for net banking login is 592791. Valid for 10 minutes. Do not share.
spam,Hot singles in your area want to meet you tonight! Click http://promo-deal.info to chat live and browse profiles for free.
ham,Your OTP for net banking login is 777811. Valid for 10 minutes. Do not share.
ham,The exam schedule has been released on the university student portal.
ham,Just reached home safely. Let me know when you reach your hostel.
ham,Thanks for the help earlier! Really appreciate your quick response.
ham,Happy Birthday Vikram! Wishing you a wonderful and successful year ahead.
ham,Thanks for the help earlier! Really appreciate your quick response.
ham,Got your email with the dataset CSV. Loading it into Spark DataFrame now.
ham,Can you share the lecture slides from yesterday's distributed computing class?
spam,Congratulations! You qualify for debt forgiveness and credit score repair. Call our financial counselor now at +1-888-920-1144 to eliminate debt.
ham,The exam schedule has been released on the university student portal.
ham,"Yes, I already verified the cluster configuration on Spark master node."
ham,Where should we order lunch from today? Pizza or sandwiches?
ham,I'll bring my laptop charger with me so we can work on the lab assignment.
ham,Can you please review the merge request I raised on the repository?
ham,Can you please review the merge request I raised on the repository?
ham,Your OTP for net banking login is 223133. Valid for 10 minutes. Do not share.
spam,URGENT! Your bank account ending in 4992 has been suspended due to suspicious activity. Verify immediately at http://gift-portal.com to avoid permanent freeze.
ham,Can you please review the merge request I raised on the repository?
ham,Good morning! Remember to submit the lab record before 5 PM today.
ham,Can you please review the merge request I raised on the repository?
ham,The bus is arriving at platform 4 in five minutes.
ham,Your OTP for net banking login is 414599. Valid for 10 minutes. Do not share.
ham,"Don't worry about the presentation, we have prepared all the slides well."
ham,"Don't worry about the presentation, we have prepared all the slides well."
ham,I'll bring my laptop charger with me so we can work on the lab assignment.
ham,See you tomorrow at 9 AM sharp in the computer lab.
spam,"Instant Personal Loan approved up to $75,000 with 0% processing fee and minimal documentation! Apply within 2 hours at http://promo-deal.info."
ham,The bus is arriving at platform 4 in five minutes.
ham,"I am stuck in traffic near the circle, will be delayed by 15 minutes."
ham,Thanks for the help earlier! Really appreciate your quick response.
spam,Get rich quick with guaranteed daily returns of 25% on crypto trading! Join our VIP Telegram channel at http://secure-verify.net. No prior experience needed.
ham,Please send me the PDF notes for Unit 4 data visualization.
ham,Let's catch up over coffee this evening at the student cafeteria.
ham,"I am stuck in traffic near the circle, will be delayed by 15 minutes."
spam,Get rich quick with guaranteed daily returns of 25% on crypto trading! Join our VIP Telegram channel at http://spam-claim.biz. No prior experience needed.
spam,"CONGRATULATIONS! You have won a cash prize of $5,000 in the National Telecom Lottery! Call +44-20-7946-0921 or visit http://gift-portal.com to claim now. T&C apply."
ham,Please find attached the updated project report and data pipeline code.
ham,Your OTP for net banking login is 629247. Valid for 10 minutes. Do not share.
ham,Where should we order lunch from today? Pizza or sandwiches?
ham,The results for the midterm examination will be announced next Monday.
spam,"WINNER! As a valued customer, you have been selected to receive a FREE iPhone 15 Pro. Reply CLAIM to 55444 or click http://secure-verify.net today only!"
ham,Can you share the lecture slides from yesterday's distributed computing class?
ham,Just reached home safely. Let me know when you reach your hostel.
ham,Your order #33922 has been delivered successfully. Thank you for shopping with us.
ham,Are you coming to the seminar on Cloud Computing and Spark in the auditorium?
ham,"Call me whenever you get free, need to discuss the weekend plans."
ham,"I am stuck in traffic near the circle, will be delayed by 15 minutes."
spam,Exclusive Offer! Get 85% discount on top designer watches and luxury perfumes. Shop now at http://fast-loan-app.co. Limited stocks available!
ham,The library book 'Introduction to Algorithms' is due for return on Friday.
ham,Mom asked if you will be coming home for dinner tonight.
spam,You have won a free 4-night luxury holiday voucher to Bali! Reply YES to 99100 to receive your booking code immediately.
ham,Your OTP for net banking login is 788632. Valid for 10 minutes. Do not share.
ham,Let's catch up over coffee this evening at the student cafeteria.
spam,Hot singles in your area want to meet you tonight! Click http://promo-deal.info to chat live and browse profiles for free.
ham,"I am stuck in traffic near the circle, will be delayed by 15 minutes."
ham,"Don't worry about the presentation, we have prepared all the slides well."
ham,Please send me the PDF notes for Unit 4 data visualization.
ham,Your OTP for net banking login is 712403. Valid for 10 minutes. Do not share.
spam,Congratulations! You qualify for debt forgiveness and credit score repair. Call our financial counselor now at +1-800-419-7820 to eliminate debt.
ham,Happy Birthday Ananya! Wishing you a wonderful and successful year ahead.
ham,Thanks for the help earlier! Really appreciate your quick response.
ham,Can you share the lecture slides from yesterday's distributed computing class?
ham,"Ok, I will reach college by 4:15 PM. Please save a seat for me."
spam,"FREE entry into our weekly $50,000 sweepstakes! Text WIN to 55444 now to register your free lucky draw ticket."
ham,The results for the midterm examination will be announced next Monday.
ham,Are you coming to the seminar on Cloud Computing and Spark in the auditorium?
ham,Good morning! Remember to submit the lab record before 5 PM today.
spam,"ALERT: Unclaimed lottery reward of $100,000 waiting for your mobile number. Call +44-20-7946-0921 now to transfer funds to your bank account."
spam,You have won a free 4-night luxury holiday voucher to Bali! Reply YES to 99100 to receive your booking code immediately.
ham,"I checked the PySpark MLlib documentation, the parameter is elasticNetParam."
spam,Double your mobile balance today! Send FREE to 55444 and get instant 200% bonus talktime and data packs.
ham,See you tomorrow at 9 AM sharp in the computer lab.
spam,You have won a free 4-night luxury holiday voucher to Bali! Reply YES to 77331 to receive your booking code immediately.
ham,Just reached home safely. Let me know when you reach your hostel.
ham,See you tomorrow at 9 AM sharp in the computer lab.
ham,The results for the midterm examination will be announced next Monday.
ham,Thanks for the help earlier! Really appreciate your quick response.
ham,Can you please review the merge request I raised on the repository?
ham,The exam schedule has been released on the university student portal.
ham,Let's catch up over coffee this evening at the student cafeteria.
spam,"FREE entry into our weekly $50,000 sweepstakes! Text WIN to 77331 now to register your free lucky draw ticket."
ham,Can you share the lecture slides from yesterday's distributed computing class?
spam,URGENT! Your bank account ending in 2424 has been suspended due to suspicious activity. Verify immediately at http://promo-deal.info to avoid permanent freeze.
ham,Mom asked if you will be coming home for dinner tonight.
ham,The library book 'Introduction to Algorithms' is due for return on Friday.
spam,"Dear Customer, your electricity connection will be disconnected tonight at 9:30 PM due to unpaid bill. Call helpline +44-20-7946-0921 immediately."
ham,Happy Birthday Amit! Wishing you a wonderful and successful year ahead.
ham,"Call me whenever you get free, need to discuss the weekend plans."
ham,Let's catch up over coffee this evening at the student cafeteria.
ham,Thanks for the help earlier! Really appreciate your quick response.
ham,Got your email with the dataset CSV. Loading it into Spark DataFrame now.
ham,"I checked the PySpark MLlib documentation, the parameter is elasticNetParam."
spam,URGENT! Your bank account ending in 5611 has been suspended due to suspicious activity. Verify immediately at http://fast-loan-app.co to avoid permanent freeze.
ham,Can you share the lecture slides from yesterday's distributed computing class?
ham,The results for the midterm examination will be announced next Monday.
spam,You have won a free 4-night luxury holiday voucher to Bali! Reply YES to 77331 to receive your booking code immediately.
ham,The exam schedule has been released on the university student portal.
ham,Where should we order lunch from today? Pizza or sandwiches?
spam,Get rich quick with guaranteed daily returns of 25% on crypto trading! Join our VIP Telegram channel at http://promo-deal.info. No prior experience needed.
ham,Happy Birthday Pooja! Wishing you a wonderful and successful year ahead.
ham,Did you complete the Big Data Analytics practical assignment for this week?
spam,Double your mobile balance today! Send FREE to 88202 and get instant 200% bonus talktime and data packs.
ham,Just reached home safely. Let me know when you reach your hostel.
ham,The results for the midterm examination will be announced next Monday.
ham,"Don't worry about the presentation, we have prepared all the slides well."
ham,The bus is arriving at platform 4 in five minutes.
spam,Congratulations! You qualify for debt forgiveness and credit score repair. Call our financial counselor now at +1-800-419-7820 to eliminate debt.
spam,Get rich quick with guaranteed daily returns of 25% on crypto trading! Join our VIP Telegram channel at http://promo-deal.info. No prior experience needed.
ham,"I checked the PySpark MLlib documentation, the parameter is elasticNetParam."
spam,Congratulations! You qualify for debt forgiveness and credit score repair. Call our financial counselor now at +44-20-7946-0921 to eliminate debt.
ham,Your order #82796 has been delivered successfully. Thank you for shopping with us.
ham,Your OTP for net banking login is 446765. Valid for 10 minutes. Do not share.
ham,"Hi Rohan, hope you are doing well! It's been a while since we talked."
ham,Please find attached the updated project report and data pipeline code.
ham,Please send me the PDF notes for Unit 4 data visualization.
ham,Your order #56704 has been delivered successfully. Thank you for shopping with us.
ham,"Don't worry about the presentation, we have prepared all the slides well."
spam,"CONGRATULATIONS! You have won a cash prize of $5,000 in the National Telecom Lottery! Call +1-888-920-1144 or visit http://spam-claim.biz to claim now. T&C apply."
ham,Please send me the PDF notes for Unit 4 data visualization.
ham,"Yes, I already verified the cluster configuration on Spark master node."
ham,"Call me whenever you get free, need to discuss the weekend plans."
ham,"Hey Amit, are we still meeting for the project discussion at 4:15 PM today?"
ham,Did you complete the Big Data Analytics practical assignment for this week?
ham,Just reached home safely. Let me know when you reach your hostel.
ham,"Ok, I will reach college by 2:00 PM. Please save a seat for me."
ham,"Yes, I already verified the cluster configuration on Spark master node."
ham,I'll bring my laptop charger with me so we can work on the lab assignment.
ham,Just reached home safely. Let me know when you reach your hostel.
ham,Where should we order lunch from today? Pizza or sandwiches?
spam,Special promotional offer: 100 GB High Speed 5G Data for just $1.99! Recharge now at http://promo-deal.info before the offer expires at midnight.
ham,Your order #54431 has been delivered successfully. Thank you for shopping with us.
ham,Where should we order lunch from today? Pizza or sandwiches?
ham,The exam schedule has been released on the university student portal.
ham,"Don't worry about the presentation, we have prepared all the slides well."
ham,"I am stuck in traffic near the circle, will be delayed by 15 minutes."
ham,See you tomorrow at 9 AM sharp in the computer lab.
ham,I'll bring my laptop charger with me so we can work on the lab assignment.
ham,Can you share the lecture slides from yesterday's distributed computing class?
ham,"Yes, I already verified the cluster configuration on Spark master node."
ham,The exam schedule has been released on the university student portal.
ham,Got your email with the dataset CSV. Loading it into Spark DataFrame now.
ham,"Yes, I already verified the cluster configuration on Spark master node."
ham,The exam schedule has been released on the university student portal.
ham,"Hey Arjun, are we still meeting for the project discussion at 2:00 PM today?"
spam,URGENT NOTICE: Your package delivery has been put on hold due to missing delivery address. Pay $1.50 redelivery fee at http://secure-verify.net.
ham,Are you coming to the seminar on Cloud Computing and Spark in the auditorium?
ham,Your OTP for net banking login is 104728. Valid for 10 minutes. Do not share.
ham,Happy Birthday Neha! Wishing you a wonderful and successful year ahead.
ham,See you tomorrow at 9 AM sharp in the computer lab.
ham,Please find attached the updated project report and data pipeline code.
ham,Your order #20828 has been delivered successfully. Thank you for shopping with us.
spam,"ALERT: Unclaimed lottery reward of $1,000 waiting for your mobile number. Call +44-20-7946-0921 now to transfer funds to your bank account."
ham,Your order #26843 has been delivered successfully. Thank you for shopping with us.
spam,Double your mobile balance today! Send FREE to 77331 and get instant 200% bonus talktime and data packs.
ham,Happy Birthday Karan! Wishing you a wonderful and successful year ahead.
ham,Got your email with the dataset CSV. Loading it into Spark DataFrame now.
spam,URGENT! Your bank account ending in 8813 has been suspended due to suspicious activity. Verify immediately at http://spam-claim.biz to avoid permanent freeze.
ham,"Yes, I already verified the cluster configuration on Spark master node."
ham,"Yes, I already verified the cluster configuration on Spark master node."
ham,Can you share the lecture slides from yesterday's distributed computing class?
spam,URGENT! Your bank account ending in 4452 has been suspended due to suspicious activity. Verify immediately at http://secure-verify.net to avoid permanent freeze.
spam,"FREE entry into our weekly $100,000 sweepstakes! Text WIN to 55444 now to register your free lucky draw ticket."
ham,Can you share the lecture slides from yesterday's distributed computing class?
ham,Let's catch up over coffee this evening at the student cafeteria.
ham,Please find attached the updated project report and data pipeline code.
ham,The exam schedule has been released on the university student portal.
ham,Good morning! Remember to submit the lab record before 5 PM today.
ham,Please find attached the updated project report and data pipeline code.
ham,"Yes, I already verified the cluster configuration on Spark master node."
ham,Can you please review the merge request I raised on the repository?
ham,Are you coming to the seminar on Cloud Computing and Spark in the auditorium?
ham,Please send me the PDF notes for Unit 4 data visualization.
ham,Are you coming to the seminar on Cloud Computing and Spark in the auditorium?
ham,Just reached home safely. Let me know when you reach your hostel.
ham,The exam schedule has been released on the university student portal.
ham,"I checked the PySpark MLlib documentation, the parameter is elasticNetParam."
ham,"Hi Priya, hope you are doing well! It's been a while since we talked."
ham,"Ok, I will reach college by 11:00 AM. Please save a seat for me."
ham,"I checked the PySpark MLlib documentation, the parameter is elasticNetParam."
ham,I'll bring my laptop charger with me so we can work on the lab assignment.
ham,"I checked the PySpark MLlib documentation, the parameter is elasticNetParam."
ham,Got your email with the dataset CSV. Loading it into Spark DataFrame now.
spam,"FREE entry into our weekly $1,000 sweepstakes! Text WIN to 55444 now to register your free lucky draw ticket."
ham,Are you coming to the seminar on Cloud Computing and Spark in the auditorium?
ham,Can you share the lecture slides from yesterday's distributed computing class?
ham,"I am stuck in traffic near the circle, will be delayed by 15 minutes."
ham,"I checked the PySpark MLlib documentation, the parameter is elasticNetParam."
ham,"Don't worry about the presentation, we have prepared all the slides well."
spam,"Dear Customer, your electricity connection will be disconnected tonight at 9:30 PM due to unpaid bill. Call helpline +1-800-419-7820 immediately."
ham,Happy Birthday Tanvi! Wishing you a wonderful and successful year ahead.
ham,Where should we order lunch from today? Pizza or sandwiches?
ham,"Don't worry about the presentation, we have prepared all the slides well."
ham,Did you complete the Big Data Analytics practical assignment for this week?
ham,Where should we order lunch from today? Pizza or sandwiches?
ham,"I checked the PySpark MLlib documentation, the parameter is elasticNetParam."
ham,See you tomorrow at 9 AM sharp in the computer lab.
ham,Your OTP for net banking login is 937299. Valid for 10 minutes. Do not share.
spam,Congratulations! You qualify for debt forgiveness and credit score repair. Call our financial counselor now at +44-20-7946-0921 to eliminate debt.
ham,See you tomorrow at 9 AM sharp in the computer lab.
ham,"Ok, I will reach college by 4:15 PM. Please save a seat for me."
ham,The exam schedule has been released on the university student portal.
spam,"CONGRATULATIONS! You have won a cash prize of $1,000 in the National Telecom Lottery! Call +1-800-555-0199 or visit http://gift-portal.com to claim now. T&C apply."
ham,Let's catch up over coffee this evening at the student cafeteria.
ham,"Yes, I already verified the cluster configuration on Spark master node."
ham,Good morning! Remember to submit the lab record before 5 PM today.
ham,The results for the midterm examination will be announced next Monday.
ham,"Yes, I already verified the cluster configuration on Spark master node."
ham,Happy Birthday Sneha! Wishing you a wonderful and successful year ahead.
ham,Just reached home safely. Let me know when you reach your hostel.
ham,Your order #17708 has been delivered successfully. Thank you for shopping with us.
ham,Happy Birthday Rohan! Wishing you a wonderful and successful year ahead.
ham,I'll bring my laptop charger with me so we can work on the lab assignment.
spam,Congratulations! You qualify for debt forgiveness and credit score repair. Call our financial counselor now at +1-800-555-0199 to eliminate debt.
ham,"I checked the PySpark MLlib documentation, the parameter is elasticNetParam."
ham,"Hey Sneha, are we still meeting for the project discussion at 2:00 PM today?"
ham,Did you complete the Big Data Analytics practical assignment for this week?
ham,"Ok, I will reach college by 11:00 AM. Please save a seat for me."
ham,"Hey Ananya, are we still meeting for the project discussion at 5:00 PM today?"
ham,I'll bring my laptop charger with me so we can work on the lab assignment.
ham,Your order #11295 has been delivered successfully. Thank you for shopping with us.
ham,"Hey Karan, are we still meeting for the project discussion at 10:30 AM today?"
ham,Let's catch up over coffee this evening at the student cafeteria.
ham,The library book 'Introduction to Algorithms' is due for return on Friday.
ham,"Yes, I already verified the cluster configuration on Spark master node."
ham,"Ok, I will reach college by 10:30 AM. Please save a seat for me."
ham,"Hey Vikram, are we still meeting for the project discussion at 5:00 PM today?"
ham,Thanks for the help earlier! Really appreciate your quick response.
ham,Please send me the PDF notes for Unit 4 data visualization.
ham,The library book 'Introduction to Algorithms' is due for return on Friday.
ham,Thanks for the help earlier! Really appreciate your quick response.
ham,Let's catch up over coffee this evening at the student cafeteria.
ham,Let's catch up over coffee this evening at the student cafeteria.
ham,Mom asked if you will be coming home for dinner tonight.
ham,"Yes, I already verified the cluster configuration on Spark master node."
ham,The bus is arriving at platform 4 in five minutes.
ham,The exam schedule has been released on the university student portal.
ham,I'll bring my laptop charger with me so we can work on the lab assignment.
spam,URGENT! Your bank account ending in 2441 has been suspended due to suspicious activity. Verify immediately at http://gift-portal.com to avoid permanent freeze.
ham,Good morning! Remember to submit the lab record before 5 PM today.
spam,Double your mobile balance today! Send FREE to 77331 and get instant 200% bonus talktime and data packs.
spam,URGENT NOTICE: Your package delivery has been put on hold due to missing delivery address. Pay $1.50 redelivery fee at http://secure-verify.net.
ham,The results for the midterm examination will be announced next Monday.
spam,"FREE entry into our weekly $1,000 sweepstakes! Text WIN to 88202 now to register your free lucky draw ticket."
ham,Your OTP for net banking login is 562345. Valid for 10 minutes. Do not share.
ham,See you tomorrow at 9 AM sharp in the computer lab.
spam,You have won a free 4-night luxury holiday voucher to Bali! Reply YES to 99100 to receive your booking code immediately.
ham,Are you coming to the seminar on Cloud Computing and Spark in the auditorium?
ham,Thanks for the help earlier! Really appreciate your quick response.
ham,The exam schedule has been released on the university student portal.
ham,Let's catch up over coffee this evening at the student cafeteria.
ham,Just reached home safely. Let me know when you reach your hostel.
ham,Your OTP for net banking login is 637333. Valid for 10 minutes. Do not share.
spam,URGENT! Your bank account ending in 4027 has been suspended due to suspicious activity. Verify immediately at http://fast-loan-app.co to avoid permanent freeze.
ham,Happy Birthday Pooja! Wishing you a wonderful and successful year ahead.
spam,"WINNER! As a valued customer, you have been selected to receive a FREE iPhone 15 Pro. Reply CLAIM to 99100 or click http://promo-deal.info today only!"
ham,Please send me the PDF notes for Unit 4 data visualization.
ham,Got your email with the dataset CSV. Loading it into Spark DataFrame now.
ham,Good morning! Remember to submit the lab record before 5 PM today.
ham,Where should we order lunch from today? Pizza or sandwiches?
spam,"Dear Customer, your electricity connection will be disconnected tonight at 9:30 PM due to unpaid bill. Call helpline +1-800-419-7820 immediately."
ham,Can you share the lecture slides from yesterday's distributed computing class?
spam,Special promotional offer: 100 GB High Speed 5G Data for just $1.99! Recharge now at http://secure-verify.net before the offer expires at midnight.
spam,Congratulations! You qualify for debt forgiveness and credit score repair. Call our financial counselor now at +1-888-920-1144 to eliminate debt.
spam,Congratulations! You qualify for debt forgiveness and credit score repair. Call our financial counselor now at +1-800-555-0199 to eliminate debt.
ham,"Yes, I already verified the cluster configuration on Spark master node."
ham,"Don't worry about the presentation, we have prepared all the slides well."
ham,I'll bring my laptop charger with me so we can work on the lab assignment.
ham,Can you please review the merge request I raised on the repository?
ham,See you tomorrow at 9 AM sharp in the computer lab.
spam,Double your mobile balance today! Send FREE to 55444 and get instant 200% bonus talktime and data packs.
ham,The exam schedule has been released on the university student portal.
ham,The library book 'Introduction to Algorithms' is due for return on Friday.
spam,Congratulations! You qualify for debt forgiveness and credit score repair. Call our financial counselor now at +1-800-555-0199 to eliminate debt.
ham,The library book 'Introduction to Algorithms' is due for return on Friday.
ham,"Hi Amit, hope you are doing well! It's been a while since we talked."
ham,Your OTP for net banking login is 164076. Valid for 10 minutes. Do not share.
ham,Please send me the PDF notes for Unit 4 data visualization.
ham,The bus is arriving at platform 4 in five minutes.
ham,Can you share the lecture slides from yesterday's distributed computing class?
ham,"Hi Pooja, hope you are doing well! It's been a while since we talked."
spam,URGENT NOTICE: Your package delivery has been put on hold due to missing delivery address. Pay $1.50 redelivery fee at http://promo-deal.info.
ham,Let's catch up over coffee this evening at the student cafeteria.
ham,The bus is arriving at platform 4 in five minutes.
ham,"Hey Tanvi, are we still meeting for the project discussion at 4:15 PM today?"
ham,"I checked the PySpark MLlib documentation, the parameter is elasticNetParam."
ham,Did you complete the Big Data Analytics practical assignment for this week?
ham,The results for the midterm examination will be announced next Monday.
spam,"WINNER! As a valued customer, you have been selected to receive a FREE iPhone 15 Pro. Reply CLAIM to 99100 or click http://gift-portal.com today only!"
ham,Please send me the PDF notes for Unit 4 data visualization.
ham,Happy Birthday Rohan! Wishing you a wonderful and successful year ahead.
ham,The bus is arriving at platform 4 in five minutes.
spam,You have won a free 4-night luxury holiday voucher to Bali! Reply YES to 99100 to receive your booking code immediately.
ham,"Don't worry about the presentation, we have prepared all the slides well."
ham,Are you coming to the seminar on Cloud Computing and Spark in the auditorium?
ham,Thanks for the help earlier! Really appreciate your quick response.
ham,Did you complete the Big Data Analytics practical assignment for this week?
ham,"Hey Rohan, are we still meeting for the project discussion at 3:30 PM today?"
ham,Can you share the lecture slides from yesterday's distributed computing class?
ham,"I checked the PySpark MLlib documentation, the parameter is elasticNetParam."
ham,Please send me the PDF notes for Unit 4 data visualization.
ham,Got your email with the dataset CSV. Loading it into Spark DataFrame now.
ham,The results for the midterm examination will be announced next Monday.
ham,The bus is arriving at platform 4 in five minutes.
ham,Let's catch up over coffee this evening at the student cafeteria.
ham,Your order #40750 has been delivered successfully. Thank you for shopping with us.
ham,Can you please review the merge request I raised on the repository?
ham,The library book 'Introduction to Algorithms' is due for return on Friday.
ham,The bus is arriving at platform 4 in five minutes.
ham,Just reached home safely. Let me know when you reach your hostel.
ham,I'll bring my laptop charger with me so we can work on the lab assignment.
ham,Did you complete the Big Data Analytics practical assignment for this week?
ham,"I am stuck in traffic near the circle, will be delayed by 15 minutes."
spam,"FREE entry into our weekly $1,000 sweepstakes! Text WIN to 99100 now to register your free lucky draw ticket."
ham,"Don't worry about the presentation, we have prepared all the slides well."
ham,Happy Birthday Tanvi! Wishing you a wonderful and successful year ahead.
ham,The bus is arriving at platform 4 in five minutes.
ham,"Hi Rahul, hope you are doing well! It's been a while since we talked."
spam,Hot singles in your area want to meet you tonight! Click http://promo-deal.info to chat live and browse profiles for free.
ham,Can you please review the merge request I raised on the repository?
spam,"Instant Personal Loan approved up to $25,000 with 0% processing fee and minimal documentation! Apply within 2 hours at http://secure-verify.net."
spam,"Instant Personal Loan approved up to $50,000 with 0% processing fee and minimal documentation! Apply within 2 hours at http://secure-verify.net."
ham,Let's catch up over coffee this evening at the student cafeteria.
ham,Mom asked if you will be coming home for dinner tonight.
ham,The results for the midterm examination will be announced next Monday.
ham,"I checked the PySpark MLlib documentation, the parameter is elasticNetParam."
ham,The library book 'Introduction to Algorithms' is due for return on Friday.
ham,Let's catch up over coffee this evening at the student cafeteria.
ham,See you tomorrow at 9 AM sharp in the computer lab.
ham,"Yes, I already verified the cluster configuration on Spark master node."
spam,"CONGRATULATIONS! You have won a cash prize of $5,000 in the National Telecom Lottery! Call +1-800-419-7820 or visit http://fast-loan-app.co to claim now. T&C apply."
spam,You have won a free 4-night luxury holiday voucher to Bali! Reply YES to 55444 to receive your booking code immediately.
ham,Are you coming to the seminar on Cloud Computing and Spark in the auditorium?
ham,The bus is arriving at platform 4 in five minutes.
ham,"Ok, I will reach college by 11:00 AM. Please save a seat for me."
ham,"Hi Amit, hope you are doing well! It's been a while since we talked."
ham,"Yes, I already verified the cluster configuration on Spark master node."
ham,I'll bring my laptop charger with me so we can work on the lab assignment.
spam,"Dear Customer, your electricity connection will be disconnected tonight at 9:30 PM due to unpaid bill. Call helpline +44-20-7946-0921 immediately."
ham,The bus is arriving at platform 4 in five minutes.
ham,The library book 'Introduction to Algorithms' is due for return on Friday.
spam,"ALERT: Unclaimed lottery reward of $50,000 waiting for your mobile number. Call +1-800-555-0199 now to transfer funds to your bank account."
spam,You have won a free 4-night luxury holiday voucher to Bali! Reply YES to 77331 to receive your booking code immediately.
ham,"Hi Karan, hope you are doing well! It's been a while since we talked."
spam,Congratulations! You qualify for debt forgiveness and credit score repair. Call our financial counselor now at +1-800-555-0199 to eliminate debt.
spam,"Instant Personal Loan approved up to $50,000 with 0% processing fee and minimal documentation! Apply within 2 hours at http://fast-loan-app.co."
spam,You have won a free 4-night luxury holiday voucher to Bali! Reply YES to 99100 to receive your booking code immediately.
ham,The bus is arriving at platform 4 in five minutes.
ham,Where should we order lunch from today? Pizza or sandwiches?
ham,"Hi Arjun, hope you are doing well! It's been a while since we talked."
spam,"Dear Customer, your electricity connection will be disconnected tonight at 9:30 PM due to unpaid bill. Call helpline +44-20-7946-0921 immediately."
ham,The exam schedule has been released on the university student portal.
ham,"Hey Sneha, are we still meeting for the project discussion at 3:30 PM today?"
ham,Good morning! Remember to submit the lab record before 5 PM today.
ham,Got your email with the dataset CSV. Loading it into Spark DataFrame now.
ham,Where should we order lunch from today? Pizza or sandwiches?
ham,The results for the midterm examination will be announced next Monday.
ham,Just reached home safely. Let me know when you reach your hostel.
ham,"Ok, I will reach college by 11:00 AM. Please save a seat for me."
spam,Exclusive Offer! Get 85% discount on top designer watches and luxury perfumes. Shop now at http://spam-claim.biz. Limited stocks available!
ham,The exam schedule has been released on the university student portal.
ham,Your OTP for net banking login is 684523. Valid for 10 minutes. Do not share.
ham,"Ok, I will reach college by 10:30 AM. Please save a seat for me."
ham,Happy Birthday Rohan! Wishing you a wonderful and successful year ahead.
ham,Happy Birthday Rahul! Wishing you a wonderful and successful year ahead.
ham,Mom asked if you will be coming home for dinner tonight.
ham,"I am stuck in traffic near the circle, will be delayed by 15 minutes."
spam,Special promotional offer: 100 GB High Speed 5G Data for just $1.99! Recharge now at http://secure-verify.net before the offer expires at midnight.
spam,"ALERT: Unclaimed lottery reward of $5,000 waiting for your mobile number. Call +1-800-419-7820 now to transfer funds to your bank account."
ham,Can you please review the merge request I raised on the repository?
ham,The exam schedule has been released on the university student portal.
ham,"Call me whenever you get free, need to discuss the weekend plans."
ham,Please send me the PDF notes for Unit 4 data visualization.
ham,Happy Birthday Arjun! Wishing you a wonderful and successful year ahead.
ham,Did you complete the Big Data Analytics practical assignment for this week?
ham,Mom asked if you will be coming home for dinner tonight.
ham,Mom asked if you will be coming home for dinner tonight.
spam,Double your mobile balance today! Send FREE to 55444 and get instant 200% bonus talktime and data packs.
spam,Congratulations! You qualify for debt forgiveness and credit score repair. Call our financial counselor now at +44-20-7946-0921 to eliminate debt.
ham,"Hey Amit, are we still meeting for the project discussion at 4:15 PM today?"
ham,"Ok, I will reach college by 11:00 AM. Please save a seat for me."
ham,"Hey Priya, are we still meeting for the project discussion at 10:30 AM today?"
ham,"Don't worry about the presentation, we have prepared all the slides well."
ham,Thanks for the help earlier! Really appreciate your quick response.
ham,Where should we order lunch from today? Pizza or sandwiches?
ham,"Yes, I already verified the cluster configuration on Spark master node."
ham,I'll bring my laptop charger with me so we can work on the lab assignment.
ham,The exam schedule has been released on the university student portal.
ham,Good morning! Remember to submit the lab record before 5 PM today.
ham,"Ok, I will reach college by 5:00 PM. Please save a seat for me."
spam,"ALERT: Unclaimed lottery reward of $5,000 waiting for your mobile number. Call +1-800-419-7820 now to transfer funds to your bank account."
ham,Please send me the PDF notes for Unit 4 data visualization.
ham,Where should we order lunch from today? Pizza or sandwiches?
spam,"Instant Personal Loan approved up to $50,000 with 0% processing fee and minimal documentation! Apply within 2 hours at http://fast-loan-app.co."
spam,"ALERT: Unclaimed lottery reward of $5,000 waiting for your mobile number. Call +44-20-7946-0921 now to transfer funds to your bank account."
ham,Did you complete the Big Data Analytics practical assignment for this week?
ham,"Yes, I already verified the cluster configuration on Spark master node."
ham,Can you please review the merge request I raised on the repository?
ham,Please send me the PDF notes for Unit 4 data visualization.
spam,"Dear Customer, your electricity connection will be disconnected tonight at 9:30 PM due to unpaid bill. Call helpline +1-800-419-7820 immediately."
spam,URGENT NOTICE: Your package delivery has been put on hold due to missing delivery address. Pay $1.50 redelivery fee at http://spam-claim.biz.
spam,Hot singles in your area want to meet you tonight! Click http://spam-claim.biz to chat live and browse profiles for free.
spam,Hot singles in your area want to meet you tonight! Click http://fast-loan-app.co to chat live and browse profiles for free.
ham,Did you complete the Big Data Analytics practical assignment for this week?
ham,The results for the midterm examination will be announced next Monday.
ham,Can you please review the merge request I raised on the repository?
ham,"Don't worry about the presentation, we have prepared all the slides well."
ham,"Hey Rahul, are we still meeting for the project discussion at 10:30 AM today?"
ham,Mom asked if you will be coming home for dinner tonight.
ham,"Hey Rohan, are we still meeting for the project discussion at 2:00 PM today?"
ham,See you tomorrow at 9 AM sharp in the computer lab.
ham,Can you please review the merge request I raised on the repository?
ham,Did you complete the Big Data Analytics practical assignment for this week?
ham,Just reached home safely. Let me know when you reach your hostel.
ham,The results for the midterm examination will be announced next Monday.
ham,Where should we order lunch from today? Pizza or sandwiches?
ham,The exam schedule has been released on the university student portal.
ham,Happy Birthday Tanvi! Wishing you a wonderful and successful year ahead.
ham,Your order #30524 has been delivered successfully. Thank you for shopping with us.
spam,"ALERT: Unclaimed lottery reward of $1,000 waiting for your mobile number. Call +1-800-555-0199 now to transfer funds to your bank account."
ham,Did you complete the Big Data Analytics practical assignment for this week?
ham,Let's catch up over coffee this evening at the student cafeteria.
ham,Just reached home safely. Let me know when you reach your hostel.
spam,URGENT NOTICE: Your package delivery has been put on hold due to missing delivery address. Pay $1.50 redelivery fee at http://fast-loan-app.co.
ham,"Don't worry about the presentation, we have prepared all the slides well."
ham,Can you share the lecture slides from yesterday's distributed computing class?
spam,"FREE entry into our weekly $100,000 sweepstakes! Text WIN to 99100 now to register your free lucky draw ticket."
ham,"Call me whenever you get free, need to discuss the weekend plans."
ham,Can you please review the merge request I raised on the repository?
ham,"Hi Vikram, hope you are doing well! It's been a while since we talked."
spam,Hot singles in your area want to meet you tonight! Click http://fast-loan-app.co to chat live and browse profiles for free.
ham,Mom asked if you will be coming home for dinner tonight.
ham,Please find attached the updated project report and data pipeline code.
ham,The bus is arriving at platform 4 in five minutes.
ham,Please send me the PDF notes for Unit 4 data visualization.
spam,Congratulations! You qualify for debt forgiveness and credit score repair. Call our financial counselor now at +1-888-920-1144 to eliminate debt.
ham,Are you coming to the seminar on Cloud Computing and Spark in the auditorium?
ham,Just reached home safely. Let me know when you reach your hostel.
ham,Your OTP for net banking login is 601885. Valid for 10 minutes. Do not share.
ham,The bus is arriving at platform 4 in five minutes.
ham,Happy Birthday Priya! Wishing you a wonderful and successful year ahead.
ham,Can you please review the merge request I raised on the repository?
spam,You have won a free 4-night luxury holiday voucher to Bali! Reply YES to 99100 to receive your booking code immediately.
spam,Exclusive Offer! Get 85% discount on top designer watches and luxury perfumes. Shop now at http://spam-claim.biz. Limited stocks available!
spam,"Dear Customer, your electricity connection will be disconnected tonight at 9:30 PM due to unpaid bill. Call helpline +44-20-7946-0921 immediately."
ham,Can you please review the merge request I raised on the repository?
ham,Happy Birthday Amit! Wishing you a wonderful and successful year ahead.
ham,"I am stuck in traffic near the circle, will be delayed by 15 minutes."
ham,Are you coming to the seminar on Cloud Computing and Spark in the auditorium?
ham,Your OTP for net banking login is 408972. Valid for 10 minutes. Do not share.
ham,"Ok, I will reach college by 4:15 PM. Please save a seat for me."
spam,"Instant Personal Loan approved up to $75,000 with 0% processing fee and minimal documentation! Apply within 2 hours at http://promo-deal.info."
ham,"Hi Ananya, hope you are doing well! It's been a while since we talked."
ham,Good morning! Remember to submit the lab record before 5 PM today.
ham,"Call me whenever you get free, need to discuss the weekend plans."
spam,URGENT! Your bank account ending in 9621 has been suspended due to suspicious activity. Verify immediately at http://promo-deal.info to avoid permanent freeze.
spam,"WINNER! As a valued customer, you have been selected to receive a FREE iPhone 15 Pro. Reply CLAIM to 99100 or click http://fast-loan-app.co today only!"
spam,URGENT NOTICE: Your package delivery has been put on hold due to missing delivery address. Pay $1.50 redelivery fee at http://fast-loan-app.co.
ham,Can you please review the merge request I raised on the repository?
ham,Your OTP for net banking login is 530928. Valid for 10 minutes. Do not share.
ham,Are you coming to the seminar on Cloud Computing and Spark in the auditorium?
ham,See you tomorrow at 9 AM sharp in the computer lab.
ham,Just reached home safely. Let me know when you reach your hostel.
ham,"Ok, I will reach college by 3:30 PM. Please save a seat for me."
ham,The bus is arriving at platform 4 in five minutes.
spam,URGENT! Your bank account ending in 8436 has been suspended due to suspicious activity. Verify immediately at http://fast-loan-app.co to avoid permanent freeze.
ham,The bus is arriving at platform 4 in five minutes.
ham,Please send me the PDF notes for Unit 4 data visualization.
ham,"Hi Ananya, hope you are doing well! It's been a while since we talked."
spam,Hot singles in your area want to meet you tonight! Click http://spam-claim.biz to chat live and browse profiles for free.
ham,"Ok, I will reach college by 5:00 PM. Please save a seat for me."
ham,"Ok, I will reach college by 3:30 PM. Please save a seat for me."
ham,"Ok, I will reach college by 10:30 AM. Please save a seat for me."
ham,Thanks for the help earlier! Really appreciate your quick response.
ham,Mom asked if you will be coming home for dinner tonight.
ham,Got your email with the dataset CSV. Loading it into Spark DataFrame now.
ham,The results for the midterm examination will be announced next Monday.
ham,Can you please review the merge request I raised on the repository?
ham,See you tomorrow at 9 AM sharp in the computer lab.
ham,"Ok, I will reach college by 10:30 AM. Please save a seat for me."
ham,Got your email with the dataset CSV. Loading it into Spark DataFrame now.
ham,Good morning! Remember to submit the lab record before 5 PM today.
spam,"Dear Customer, your electricity connection will be disconnected tonight at 9:30 PM due to unpaid bill. Call helpline +44-20-7946-0921 immediately."
ham,"Call me whenever you get free, need to discuss the weekend plans."
ham,The bus is arriving at platform 4 in five minutes.
ham,The exam schedule has been released on the university student portal.
ham,Got your email with the dataset CSV. Loading it into Spark DataFrame now.
ham,Let's catch up over coffee this evening at the student cafeteria.
ham,Can you please review the merge request I raised on the repository?
ham,"Don't worry about the presentation, we have prepared all the slides well."
ham,Thanks for the help earlier! Really appreciate your quick response.
ham,I'll bring my laptop charger with me so we can work on the lab assignment.
spam,"CONGRATULATIONS! You have won a cash prize of $100,000 in the National Telecom Lottery! Call +1-888-920-1144 or visit http://spam-claim.biz to claim now. T&C apply."
ham,Mom asked if you will be coming home for dinner tonight.
ham,The exam schedule has been released on the university student portal.
ham,The bus is arriving at platform 4 in five minutes.
spam,Double your mobile balance today! Send FREE to 99100 and get instant 200% bonus talktime and data packs.
ham,Let's catch up over coffee this evening at the student cafeteria.
ham,Happy Birthday Rahul! Wishing you a wonderful and successful year ahead.
spam,"Dear Customer, your electricity connection will be disconnected tonight at 9:30 PM due to unpaid bill. Call helpline +44-20-7946-0921 immediately."
ham,Your OTP for net banking login is 837290. Valid for 10 minutes. Do not share.
spam,"Instant Personal Loan approved up to $75,000 with 0% processing fee and minimal documentation! Apply within 2 hours at http://fast-loan-app.co."
ham,The library book 'Introduction to Algorithms' is due for return on Friday.
ham,"Hi Rohan, hope you are doing well! It's been a while since we talked."
spam,Double your mobile balance today! Send FREE to 88202 and get instant 200% bonus talktime and data packs.
ham,Please send me the PDF notes for Unit 4 data visualization.
ham,The library book 'Introduction to Algorithms' is due for return on Friday.
ham,Happy Birthday Arjun! Wishing you a wonderful and successful year ahead.
ham,Are you coming to the seminar on Cloud Computing and Spark in the auditorium?
spam,"WINNER! As a valued customer, you have been selected to receive a FREE iPhone 15 Pro. Reply CLAIM to 99100 or click http://promo-deal.info today only!"
ham,Can you please review the merge request I raised on the repository?
spam,Congratulations! You qualify for debt forgiveness and credit score repair. Call our financial counselor now at +44-20-7946-0921 to eliminate debt.
spam,Hot singles in your area want to meet you tonight! Click http://secure-verify.net to chat live and browse profiles for free.
ham,"Hey Rohan, are we still meeting for the project discussion at 11:00 AM today?"
spam,Exclusive Offer! Get 85% discount on top designer watches and luxury perfumes. Shop now at http://fast-loan-app.co. Limited stocks available!
ham,"I checked the PySpark MLlib documentation, the parameter is elasticNetParam."
ham,The bus is arriving at platform 4 in five minutes.
spam,"ALERT: Unclaimed lottery reward of $50,000 waiting for your mobile number. Call +44-20-7946-0921 now to transfer funds to your bank account."
ham,Can you share the lecture slides from yesterday's distributed computing class?
ham,The library book 'Introduction to Algorithms' is due for return on Friday.
spam,URGENT! Your bank account ending in 2690 has been suspended due to suspicious activity. Verify immediately at http://promo-deal.info to avoid permanent freeze.
ham,"I am stuck in traffic near the circle, will be delayed by 15 minutes."
ham,The library book 'Introduction to Algorithms' is due for return on Friday.
spam,URGENT! Your bank account ending in 1085 has been suspended due to suspicious activity. Verify immediately at http://fast-loan-app.co to avoid permanent freeze.
ham,See you tomorrow at 9 AM sharp in the computer lab.
spam,Exclusive Offer! Get 85% discount on top designer watches and luxury perfumes. Shop now at http://promo-deal.info. Limited stocks available!
ham,"Yes, I already verified the cluster configuration on Spark master node."
ham,Your OTP for net banking login is 142675. Valid for 10 minutes. Do not share.
ham,Please find attached the updated project report and data pipeline code.
ham,"Call me whenever you get free, need to discuss the weekend plans."
ham,"Ok, I will reach college by 10:30 AM. Please save a seat for me."
ham,Where should we order lunch from today? Pizza or sandwiches?
ham,Let's catch up over coffee this evening at the student cafeteria.
ham,Good morning! Remember to submit the lab record before 5 PM today.
ham,The results for the midterm examination will be announced next Monday.
ham,"Don't worry about the presentation, we have prepared all the slides well."
ham,Your OTP for net banking login is 224195. Valid for 10 minutes. Do not share.
spam,"CONGRATULATIONS! You have won a cash prize of $100,000 in the National Telecom Lottery! Call +1-888-920-1144 or visit http://secure-verify.net to claim now. T&C apply."
ham,Your OTP for net banking login is 997004. Valid for 10 minutes. Do not share.
spam,Special promotional offer: 100 GB High Speed 5G Data for just $1.99! Recharge now at http://secure-verify.net before the offer expires at midnight.
ham,I'll bring my laptop charger with me so we can work on the lab assignment.
ham,"Ok, I will reach college by 2:00 PM. Please save a seat for me."
ham,"Don't worry about the presentation, we have prepared all the slides well."
ham,"Ok, I will reach college by 4:15 PM. Please save a seat for me."
ham,The bus is arriving at platform 4 in five minutes.
spam,URGENT! Your bank account ending in 4404 has been suspended due to suspicious activity. Verify immediately at http://spam-claim.biz to avoid permanent freeze.
ham,Please find attached the updated project report and data pipeline code.
ham,"Hey Neha, are we still meeting for the project discussion at 11:00 AM today?"
ham,Happy Birthday Ananya! Wishing you a wonderful and successful year ahead.
spam,"Instant Personal Loan approved up to $25,000 with 0% processing fee and minimal documentation! Apply within 2 hours at http://fast-loan-app.co."
ham,See you tomorrow at 9 AM sharp in the computer lab.
ham,The exam schedule has been released on the university student portal.
ham,"I am stuck in traffic near the circle, will be delayed by 15 minutes."
spam,URGENT! Your bank account ending in 4618 has been suspended due to suspicious activity. Verify immediately at http://spam-claim.biz to avoid permanent freeze.
ham,The library book 'Introduction to Algorithms' is due for return on Friday.
spam,"Instant Personal Loan approved up to $75,000 with 0% processing fee and minimal documentation! Apply within 2 hours at http://gift-portal.com."
ham,The bus is arriving at platform 4 in five minutes.
ham,"I am stuck in traffic near the circle, will be delayed by 15 minutes."
spam,You have won a free 4-night luxury holiday voucher to Bali! Reply YES to 88202 to receive your booking code immediately.
ham,Good morning! Remember to submit the lab record before 5 PM today.
ham,Just reached home safely. Let me know when you reach your hostel.
spam,"Dear Customer, your electricity connection will be disconnected tonight at 9:30 PM due to unpaid bill. Call helpline +1-888-920-1144 immediately."
ham,"I am stuck in traffic near the circle, will be delayed by 15 minutes."
spam,Get rich quick with guaranteed daily returns of 25% on crypto trading! Join our VIP Telegram channel at http://promo-deal.info. No prior experience needed.
spam,"CONGRATULATIONS! You have won a cash prize of $5,000 in the National Telecom Lottery! Call +1-800-419-7820 or visit http://spam-claim.biz to claim now. T&C apply."
ham,Your OTP for net banking login is 570711. Valid for 10 minutes. Do not share.
ham,Just reached home safely. Let me know when you reach your hostel.
ham,"I checked the PySpark MLlib documentation, the parameter is elasticNetParam."
ham,"Don't worry about the presentation, we have prepared all the slides well."
ham,The results for the midterm examination will be announced next Monday.
ham,The library book 'Introduction to Algorithms' is due for return on Friday.
ham,The bus is arriving at platform 4 in five minutes.
ham,Can you share the lecture slides from yesterday's distributed computing class?
ham,"I am stuck in traffic near the circle, will be delayed by 15 minutes."
ham,"Hey Amit, are we still meeting for the project discussion at 10:30 AM today?"
ham,See you tomorrow at 9 AM sharp in the computer lab.
ham,Did you complete the Big Data Analytics practical assignment for this week?
ham,"Yes, I already verified the cluster configuration on Spark master node."
spam,"Dear Customer, your electricity connection will be disconnected tonight at 9:30 PM due to unpaid bill. Call helpline +1-800-419-7820 immediately."
ham,The exam schedule has been released on the university student portal.
ham,"I am stuck in traffic near the circle, will be delayed by 15 minutes."
spam,URGENT! Your bank account ending in 6753 has been suspended due to suspicious activity. Verify immediately at http://gift-portal.com to avoid permanent freeze.
ham,Got your email with the dataset CSV. Loading it into Spark DataFrame now.
ham,"I checked the PySpark MLlib documentation, the parameter is elasticNetParam."
spam,Exclusive Offer! Get 85% discount on top designer watches and luxury perfumes. Shop now at http://gift-portal.com. Limited stocks available!
ham,Are you coming to the seminar on Cloud Computing and Spark in the auditorium?
spam,Exclusive Offer! Get 85% discount on top designer watches and luxury perfumes. Shop now at http://gift-portal.com. Limited stocks available!
ham,Let's catch up over coffee this evening at the student cafeteria.
ham,Can you please review the merge request I raised on the repository?
ham,The bus is arriving at platform 4 in five minutes.
ham,The exam schedule has been released on the university student portal.
ham,Where should we order lunch from today? Pizza or sandwiches?
ham,Just reached home safely. Let me know when you reach your hostel.
ham,Got your email with the dataset CSV. Loading it into Spark DataFrame now.
ham,Good morning! Remember to submit the lab record before 5 PM today.
ham,Your order #81342 has been delivered successfully. Thank you for shopping with us.
ham,The bus is arriving at platform 4 in five minutes.
spam,"WINNER! As a valued customer, you have been selected to receive a FREE iPhone 15 Pro. Reply CLAIM to 99100 or click http://gift-portal.com today only!"
ham,Your OTP for net banking login is 330374. Valid for 10 minutes. Do not share.
ham,Good morning! Remember to submit the lab record before 5 PM today.
ham,Mom asked if you will be coming home for dinner tonight.
ham,Please send me the PDF notes for Unit 4 data visualization.
spam,"WINNER! As a valued customer, you have been selected to receive a FREE iPhone 15 Pro. Reply CLAIM to 77331 or click http://secure-verify.net today only!"
ham,I'll bring my laptop charger with me so we can work on the lab assignment.
ham,Can you please review the merge request I raised on the repository?
ham,Good morning! Remember to submit the lab record before 5 PM today.
ham,Your order #10031 has been delivered successfully. Thank you for shopping with us.
spam,Get rich quick with guaranteed daily returns of 25% on crypto trading! Join our VIP Telegram channel at http://spam-claim.biz. No prior experience needed.
ham,Are you coming to the seminar on Cloud Computing and Spark in the auditorium?
ham,"Ok, I will reach college by 5:00 PM. Please save a seat for me."
ham,The results for the midterm examination will be announced next Monday.
ham,"Call me whenever you get free, need to discuss the weekend plans."
ham,Your OTP for net banking login is 569636. Valid for 10 minutes. Do not share.
ham,"Don't worry about the presentation, we have prepared all the slides well."
ham,Got your email with the dataset CSV. Loading it into Spark DataFrame now.
spam,"FREE entry into our weekly $1,000 sweepstakes! Text WIN to 77331 now to register your free lucky draw ticket."
ham,"Hi Tanvi, hope you are doing well! It's been a while since we talked."
ham,Can you share the lecture slides from yesterday's distributed computing class?
ham,Thanks for the help earlier! Really appreciate your quick response.
ham,"Hey Rohan, are we still meeting for the project discussion at 3:30 PM today?"
ham,"Hey Priya, are we still meeting for the project discussion at 11:00 AM today?"
spam,"FREE entry into our weekly $1,000 sweepstakes! Text WIN to 77331 now to register your free lucky draw ticket."
ham,"Call me whenever you get free, need to discuss the weekend plans."
ham,Please send me the PDF notes for Unit 4 data visualization.
ham,The exam schedule has been released on the university student portal.
ham,Are you coming to the seminar on Cloud Computing and Spark in the auditorium?
ham,The results for the midterm examination will be announced next Monday.
ham,Please send me the PDF notes for Unit 4 data visualization.
ham,Your order #10400 has been delivered successfully. Thank you for shopping with us.
ham,Can you share the lecture slides from yesterday's distributed computing class?
spam,Exclusive Offer! Get 85% discount on top designer watches and luxury perfumes. Shop now at http://fast-loan-app.co. Limited stocks available!
spam,Hot singles in your area want to meet you tonight! Click http://gift-portal.com to chat live and browse profiles for free.
spam,"Dear Customer, your electricity connection will be disconnected tonight at 9:30 PM due to unpaid bill. Call helpline +1-800-555-0199 immediately."
ham,Where should we order lunch from today? Pizza or sandwiches?
ham,The bus is arriving at platform 4 in five minutes.
ham,Can you share the lecture slides from yesterday's distributed computing class?
ham,"Hey Amit, are we still meeting for the project discussion at 11:00 AM today?"
spam,"FREE entry into our weekly $1,000 sweepstakes! Text WIN to 88202 now to register your free lucky draw ticket."
spam,"FREE entry into our weekly $10,000 sweepstakes! Text WIN to 88202 now to register your free lucky draw ticket."
ham,Let's catch up over coffee this evening at the student cafeteria.
ham,I'll bring my laptop charger with me so we can work on the lab assignment.
spam,"WINNER! As a valued customer, you have been selected to receive a FREE iPhone 15 Pro. Reply CLAIM to 99100 or click http://spam-claim.biz today only!"
ham,Can you please review the merge request I raised on the repository?
ham,Are you coming to the seminar on Cloud Computing and Spark in the auditorium?
ham,"Hey Pooja, are we still meeting for the project discussion at 11:00 AM today?"
spam,"Dear Customer, your electricity connection will be disconnected tonight at 9:30 PM due to unpaid bill. Call helpline +1-888-920-1144 immediately."
ham,Please send me the PDF notes for Unit 4 data visualization.
ham,"Yes, I already verified the cluster configuration on Spark master node."
spam,"Instant Personal Loan approved up to $25,000 with 0% processing fee and minimal documentation! Apply within 2 hours at http://fast-loan-app.co."
ham,Are you coming to the seminar on Cloud Computing and Spark in the auditorium?
ham,Mom asked if you will be coming home for dinner tonight.
ham,"Ok, I will reach college by 4:15 PM. Please save a seat for me."
ham,"Hey Ananya, are we still meeting for the project discussion at 10:30 AM today?"
ham,Where should we order lunch from today? Pizza or sandwiches?
spam,"FREE entry into our weekly $100,000 sweepstakes! Text WIN to 99100 now to register your free lucky draw ticket."
spam,Get rich quick with guaranteed daily returns of 25% on crypto trading! Join our VIP Telegram channel at http://secure-verify.net. No prior experience needed.
ham,Mom asked if you will be coming home for dinner tonight.
ham,Your OTP for net banking login is 855582. Valid for 10 minutes. Do not share.
ham,I'll bring my laptop charger with me so we can work on the lab assignment.
spam,Exclusive Offer! Get 85% discount on top designer watches and luxury perfumes. Shop now at http://spam-claim.biz. Limited stocks available!
ham,"Hey Tanvi, are we still meeting for the project discussion at 2:00 PM today?"
ham,I'll bring my laptop charger with me so we can work on the lab assignment.
ham,See you tomorrow at 9 AM sharp in the computer lab.
ham,See you tomorrow at 9 AM sharp in the computer lab.
ham,"I checked the PySpark MLlib documentation, the parameter is elasticNetParam."
ham,"I checked the PySpark MLlib documentation, the parameter is elasticNetParam."
ham,Got your email with the dataset CSV. Loading it into Spark DataFrame now.
ham,"Ok, I will reach college by 5:00 PM. Please save a seat for me."
spam,URGENT! Your bank account ending in 7337 has been suspended due to suspicious activity. Verify immediately at http://spam-claim.biz to avoid permanent freeze.
ham,"Don't worry about the presentation, we have prepared all the slides well."
ham,Good morning! Remember to submit the lab record before 5 PM today.
ham,The exam schedule has been released on the university student portal.
ham,I'll bring my laptop charger with me so we can work on the lab assignment.
ham,"Yes, I already verified the cluster configuration on Spark master node."
ham,Please find attached the updated project report and data pipeline code.
ham,Let's catch up over coffee this evening at the student cafeteria.
ham,"Call me whenever you get free, need to discuss the weekend plans."
spam,Hot singles in your area want to meet you tonight! Click http://gift-portal.com to chat live and browse profiles for free.
ham,The bus is arriving at platform 4 in five minutes.
ham,Mom asked if you will be coming home for dinner tonight.
ham,"I am stuck in traffic near the circle, will be delayed by 15 minutes."
ham,"Don't worry about the presentation, we have prepared all the slides well."
ham,Can you share the lecture slides from yesterday's distributed computing class?
spam,Get rich quick with guaranteed daily returns of 25% on crypto trading! Join our VIP Telegram channel at http://fast-loan-app.co. No prior experience needed.
ham,The library book 'Introduction to Algorithms' is due for return on Friday.
spam,URGENT! Your bank account ending in 5261 has been suspended due to suspicious activity. Verify immediately at http://fast-loan-app.co to avoid permanent freeze.
spam,Hot singles in your area want to meet you tonight! Click http://spam-claim.biz to chat live and browse profiles for free.
ham,"I am stuck in traffic near the circle, will be delayed by 15 minutes."
ham,The bus is arriving at platform 4 in five minutes.
ham,Are you coming to the seminar on Cloud Computing and Spark in the auditorium?
ham,Where should we order lunch from today? Pizza or sandwiches?
ham,Please find attached the updated project report and data pipeline code.
spam,"WINNER! As a valued customer, you have been selected to receive a FREE iPhone 15 Pro. Reply CLAIM to 55444 or click http://spam-claim.biz today only!"
ham,"Hi Arjun, hope you are doing well! It's been a while since we talked."
ham,Happy Birthday Sneha! Wishing you a wonderful and successful year ahead.
ham,"Hey Vikram, are we still meeting for the project discussion at 3:30 PM today?"
ham,Let's catch up over coffee this evening at the student cafeteria.
ham,"Hey Arjun, are we still meeting for the project discussion at 4:15 PM today?"
ham,"I checked the PySpark MLlib documentation, the parameter is elasticNetParam."
spam,Exclusive Offer! Get 85% discount on top designer watches and luxury perfumes. Shop now at http://secure-verify.net. Limited stocks available!
ham,Can you share the lecture slides from yesterday's distributed computing class?
ham,"I am stuck in traffic near the circle, will be delayed by 15 minutes."
spam,Hot singles in your area want to meet you tonight! Click http://promo-deal.info to chat live and browse profiles for free.
ham,The bus is arriving at platform 4 in five minutes.
ham,Good morning! Remember to submit the lab record before 5 PM today.
ham,See you tomorrow at 9 AM sharp in the computer lab.
spam,URGENT! Your bank account ending in 2864 has been suspended due to suspicious activity. Verify immediately at http://gift-portal.com to avoid permanent freeze.
spam,Get rich quick with guaranteed daily returns of 25% on crypto trading! Join our VIP Telegram channel at http://promo-deal.info. No prior experience needed.
spam,Hot singles in your area want to meet you tonight! Click http://secure-verify.net to chat live and browse profiles for free.
ham,"Ok, I will reach college by 3:30 PM. Please save a seat for me."
spam,Special promotional offer: 100 GB High Speed 5G Data for just $1.99! Recharge now at http://spam-claim.biz before the offer expires at midnight.
spam,Hot singles in your area want to meet you tonight! Click http://gift-portal.com to chat live and browse profiles for free.
ham,See you tomorrow at 9 AM sharp in the computer lab.
spam,"Instant Personal Loan approved up to $75,000 with 0% processing fee and minimal documentation! Apply within 2 hours at http://spam-claim.biz."
ham,"Yes, I already verified the cluster configuration on Spark master node."
ham,"I checked the PySpark MLlib documentation, the parameter is elasticNetParam."
ham,Happy Birthday Tanvi! Wishing you a wonderful and successful year ahead.
ham,"I checked the PySpark MLlib documentation, the parameter is elasticNetParam."
spam,"CONGRATULATIONS! You have won a cash prize of $100,000 in the National Telecom Lottery! Call +1-800-555-0199 or visit http://fast-loan-app.co to claim now. T&C apply."
ham,"I am stuck in traffic near the circle, will be delayed by 15 minutes."
ham,Got your email with the dataset CSV. Loading it into Spark DataFrame now.
ham,Where should we order lunch from today? Pizza or sandwiches?
ham,Just reached home safely. Let me know when you reach your hostel.
ham,Just reached home safely. Let me know when you reach your hostel.
ham,"Hey Pooja, are we still meeting for the project discussion at 10:30 AM today?"
ham,See you tomorrow at 9 AM sharp in the computer lab.
ham,Just reached home safely. Let me know when you reach your hostel.
ham,Got your email with the dataset CSV. Loading it into Spark DataFrame now.
ham,Your OTP for net banking login is 109853. Valid for 10 minutes. Do not share.
ham,The exam schedule has been released on the university student portal.
ham,"Hi Sneha, hope you are doing well! It's been a while since we talked."
ham,The exam schedule has been released on the university student portal.
ham,Mom asked if you will be coming home for dinner tonight.
ham,Can you please review the merge request I raised on the repository?
ham,"Yes, I already verified the cluster configuration on Spark master node."
ham,Can you share the lecture slides from yesterday's distributed computing class?
ham,Are you coming to the seminar on Cloud Computing and Spark in the auditorium?
ham,Good morning! Remember to submit the lab record before 5 PM today.
ham,Let's catch up over coffee this evening at the student cafeteria.
spam,Exclusive Offer! Get 85% discount on top designer watches and luxury perfumes. Shop now at http://spam-claim.biz. Limited stocks available!
ham,Just reached home safely. Let me know when you reach your hostel.
ham,Please find attached the updated project report and data pipeline code.
ham,Can you share the lecture slides from yesterday's distributed computing class?
ham,See you tomorrow at 9 AM sharp in the computer lab.
ham,"Yes, I already verified the cluster configuration on Spark master node."
ham,The bus is arriving at platform 4 in five minutes.
ham,The bus is arriving at platform 4 in five minutes.
spam,"Instant Personal Loan approved up to $25,000 with 0% processing fee and minimal documentation! Apply within 2 hours at http://promo-deal.info."
ham,The bus is arriving at platform 4 in five minutes.
ham,"Don't worry about the presentation, we have prepared all the slides well."
ham,"Don't worry about the presentation, we have prepared all the slides well."
ham,The library book 'Introduction to Algorithms' is due for return on Friday.
ham,I'll bring my laptop charger with me so we can work on the lab assignment.
ham,"Call me whenever you get free, need to discuss the weekend plans."
ham,Are you coming to the seminar on Cloud Computing and Spark in the auditorium?
spam,URGENT NOTICE: Your package delivery has been put on hold due to missing delivery address. Pay $1.50 redelivery fee at http://promo-deal.info.
ham,Thanks for the help earlier! Really appreciate your quick response.
spam,Special promotional offer: 100 GB High Speed 5G Data for just $1.99! Recharge now at http://fast-loan-app.co before the offer expires at midnight.
ham,Please send me the PDF notes for Unit 4 data visualization.
ham,Can you please review the merge request I raised on the repository?
ham,Let's catch up over coffee this evening at the student cafeteria.
ham,Happy Birthday Priya! Wishing you a wonderful and successful year ahead.
ham,See you tomorrow at 9 AM sharp in the computer lab.
spam,"Dear Customer, your electricity connection will be disconnected tonight at 9:30 PM due to unpaid bill. Call helpline +44-20-7946-0921 immediately."
spam,Special promotional offer: 100 GB High Speed 5G Data for just $1.99! Recharge now at http://fast-loan-app.co before the offer expires at midnight.
ham,Your OTP for net banking login is 232955. Valid for 10 minutes. Do not share.
ham,"Hi Neha, hope you are doing well! It's been a while since we talked."
ham,Can you share the lecture slides from yesterday's distributed computing class?
ham,"Ok, I will reach college by 4:15 PM. Please save a seat for me."
ham,Got your email with the dataset CSV. Loading it into Spark DataFrame now.
spam,"WINNER! As a valued customer, you have been selected to receive a FREE iPhone 15 Pro. Reply CLAIM to 88202 or click http://promo-deal.info today only!"
ham,"Yes, I already verified the cluster configuration on Spark master node."
ham,I'll bring my laptop charger with me so we can work on the lab assignment.
spam,Hot singles in your area want to meet you tonight! Click http://spam-claim.biz to chat live and browse profiles for free.
ham,See you tomorrow at 9 AM sharp in the computer lab.
ham,Mom asked if you will be coming home for dinner tonight.
spam,Hot singles in your area want to meet you tonight! Click http://fast-loan-app.co to chat live and browse profiles for free.
ham,Please find attached the updated project report and data pipeline code.
ham,Are you coming to the seminar on Cloud Computing and Spark in the auditorium?
ham,Can you share the lecture slides from yesterday's distributed computing class?
ham,"I checked the PySpark MLlib documentation, the parameter is elasticNetParam."
ham,The exam schedule has been released on the university student portal.
ham,"Call me whenever you get free, need to discuss the weekend plans."
spam,"CONGRATULATIONS! You have won a cash prize of $1,000 in the National Telecom Lottery! Call +1-800-419-7820 or visit http://spam-claim.biz to claim now. T&C apply."
ham,"Call me whenever you get free, need to discuss the weekend plans."
ham,Where should we order lunch from today? Pizza or sandwiches?
ham,Got your email with the dataset CSV. Loading it into Spark DataFrame now.
ham,"Hi Rohan, hope you are doing well! It's been a while since we talked."
ham,Good morning! Remember to submit the lab record before 5 PM today.
ham,Good morning! Remember to submit the lab record before 5 PM today.
ham,Just reached home safely. Let me know when you reach your hostel.
ham,"Hi Amit, hope you are doing well! It's been a while since we talked."
ham,Your order #57241 has been delivered successfully. Thank you for shopping with us.
ham,Can you please review the merge request I raised on the repository?
ham,Where should we order lunch from today? Pizza or sandwiches?
ham,The exam schedule has been released on the university student portal.
ham,Mom asked if you will be coming home for dinner tonight.
ham,Where should we order lunch from today? Pizza or sandwiches?
spam,"FREE entry into our weekly $10,000 sweepstakes! Text WIN to 55444 now to register your free lucky draw ticket."
ham,"Don't worry about the presentation, we have prepared all the slides well."
ham,Your OTP for net banking login is 636002. Valid for 10 minutes. Do not share.
ham,"I checked the PySpark MLlib documentation, the parameter is elasticNetParam."
ham,The bus is arriving at platform 4 in five minutes.
ham,Are you coming to the seminar on Cloud Computing and Spark in the auditorium?
spam,Get rich quick with guaranteed daily returns of 25% on crypto trading! Join our VIP Telegram channel at http://spam-claim.biz. No prior experience needed.
ham,Thanks for the help earlier! Really appreciate your quick response.
ham,Your OTP for net banking login is 525110. Valid for 10 minutes. Do not share.
ham,Let's catch up over coffee this evening at the student cafeteria.
spam,"Dear Customer, your electricity connection will be disconnected tonight at 9:30 PM due to unpaid bill. Call helpline +1-888-920-1144 immediately."
ham,Let's catch up over coffee this evening at the student cafeteria.
ham,Mom asked if you will be coming home for dinner tonight.
ham,Happy Birthday Rohan! Wishing you a wonderful and successful year ahead.
ham,"Hey Neha, are we still meeting for the project discussion at 11:00 AM today?"
ham,Happy Birthday Karan! Wishing you a wonderful and successful year ahead.
ham,"Don't worry about the presentation, we have prepared all the slides well."
ham,"Ok, I will reach college by 4:15 PM. Please save a seat for me."
ham,Just reached home safely. Let me know when you reach your hostel.
ham,Can you share the lecture slides from yesterday's distributed computing class?
ham,Please find attached the updated project report and data pipeline code.
ham,The bus is arriving at platform 4 in five minutes.
ham,"I am stuck in traffic near the circle, will be delayed by 15 minutes."
ham,Your order #10657 has been delivered successfully. Thank you for shopping with us.
ham,Thanks for the help earlier! Really appreciate your quick response.
spam,Congratulations! You qualify for debt forgiveness and credit score repair. Call our financial counselor now at +1-800-419-7820 to eliminate debt.
ham,The exam schedule has been released on the university student portal.
ham,Your order #67431 has been delivered successfully. Thank you for shopping with us.
ham,The results for the midterm examination will be announced next Monday.
ham,"Hi Pooja, hope you are doing well! It's been a while since we talked."
ham,"I checked the PySpark MLlib documentation, the parameter is elasticNetParam."
spam,Special promotional offer: 100 GB High Speed 5G Data for just $1.99! Recharge now at http://fast-loan-app.co before the offer expires at midnight.
ham,The exam schedule has been released on the university student portal.
ham,The library book 'Introduction to Algorithms' is due for return on Friday.
ham,"Hi Arjun, hope you are doing well! It's been a while since we talked."
ham,Good morning! Remember to submit the lab record before 5 PM today.
ham,"I checked the PySpark MLlib documentation, the parameter is elasticNetParam."
ham,Let's catch up over coffee this evening at the student cafeteria.
ham,"Ok, I will reach college by 11:00 AM. Please save a seat for me."
spam,"FREE entry into our weekly $10,000 sweepstakes! Text WIN to 99100 now to register your free lucky draw ticket."
ham,Did you complete the Big Data Analytics practical assignment for this week?
ham,Your order #17134 has been delivered successfully. Thank you for shopping with us.
ham,Happy Birthday Karan! Wishing you a wonderful and successful year ahead.
ham,"Don't worry about the presentation, we have prepared all the slides well."
ham,Where should we order lunch from today? Pizza or sandwiches?
ham,Your OTP for net banking login is 350629. Valid for 10 minutes. Do not share.
ham,"I checked the PySpark MLlib documentation, the parameter is elasticNetParam."
ham,Did you complete the Big Data Analytics practical assignment for this week?
ham,See you tomorrow at 9 AM sharp in the computer lab.
ham,The results for the midterm examination will be announced next Monday.
spam,"WINNER! As a valued customer, you have been selected to receive a FREE iPhone 15 Pro. Reply CLAIM to 77331 or click http://spam-claim.biz today only!"
spam,You have won a free 4-night luxury holiday voucher to Bali! Reply YES to 88202 to receive your booking code immediately.
ham,"Hey Pooja, are we still meeting for the project discussion at 5:00 PM today?"
spam,You have won a free 4-night luxury holiday voucher to Bali! Reply YES to 99100 to receive your booking code immediately.
ham,I'll bring my laptop charger with me so we can work on the lab assignment.
ham,"I am stuck in traffic near the circle, will be delayed by 15 minutes."
ham,Can you share the lecture slides from yesterday's distributed computing class?
ham,I'll bring my laptop charger with me so we can work on the lab assignment.
ham,Let's catch up over coffee this evening at the student cafeteria.
ham,Your OTP for net banking login is 212358. Valid for 10 minutes. Do not share.
ham,Your OTP for net banking login is 403909. Valid for 10 minutes. Do not share.
ham,"Hi Rohan, hope you are doing well! It's been a while since we talked."
ham,Good morning! Remember to submit the lab record before 5 PM today.
spam,"Dear Customer, your electricity connection will be disconnected tonight at 9:30 PM due to unpaid bill. Call helpline +1-800-419-7820 immediately."
spam,"Instant Personal Loan approved up to $25,000 with 0% processing fee and minimal documentation! Apply within 2 hours at http://promo-deal.info."
spam,"CONGRATULATIONS! You have won a cash prize of $1,000 in the National Telecom Lottery! Call +1-800-419-7820 or visit http://fast-loan-app.co to claim now. T&C apply."
ham,Can you share the lecture slides from yesterday's distributed computing class?
ham,The library book 'Introduction to Algorithms' is due for return on Friday.
ham,"Hi Neha, hope you are doing well! It's been a while since we talked."
ham,"Don't worry about the presentation, we have prepared all the slides well."
ham,"Call me whenever you get free, need to discuss the weekend plans."
ham,I'll bring my laptop charger with me so we can work on the lab assignment.
ham,Where should we order lunch from today? Pizza or sandwiches?
ham,"Call me whenever you get free, need to discuss the weekend plans."
spam,"CONGRATULATIONS! You have won a cash prize of $50,000 in the National Telecom Lottery! Call +1-800-555-0199 or visit http://secure-verify.net to claim now. T&C apply."
ham,Let's catch up over coffee this evening at the student cafeteria.
spam,Exclusive Offer! Get 85% discount on top designer watches and luxury perfumes. Shop now at http://secure-verify.net. Limited stocks available!
ham,"Call me whenever you get free, need to discuss the weekend plans."
ham,Can you please review the merge request I raised on the repository?
ham,The library book 'Introduction to Algorithms' is due for return on Friday.
ham,Can you please review the merge request I raised on the repository?
ham,Are you coming to the seminar on Cloud Computing and Spark in the auditorium?
spam,URGENT! Your bank account ending in 6616 has been suspended due to suspicious activity. Verify immediately at http://fast-loan-app.co to avoid permanent freeze.
ham,Got your email with the dataset CSV. Loading it into Spark DataFrame now.
ham,"Yes, I already verified the cluster configuration on Spark master node."
ham,Your OTP for net banking login is 494388. Valid for 10 minutes. Do not share.
ham,"Call me whenever you get free, need to discuss the weekend plans."
ham,Where should we order lunch from today? Pizza or sandwiches?
ham,Good morning! Remember to submit the lab record before 5 PM today.
spam,Special promotional offer: 100 GB High Speed 5G Data for just $1.99! Recharge now at http://spam-claim.biz before the offer expires at midnight.
ham,"Yes, I already verified the cluster configuration on Spark master node."
ham,Can you share the lecture slides from yesterday's distributed computing class?
ham,The results for the midterm examination will be announced next Monday.
ham,"Ok, I will reach college by 3:30 PM. Please save a seat for me."
spam,Special promotional offer: 100 GB High Speed 5G Data for just $1.99! Recharge now at http://secure-verify.net before the offer expires at midnight.
spam,"WINNER! As a valued customer, you have been selected to receive a FREE iPhone 15 Pro. Reply CLAIM to 99100 or click http://gift-portal.com today only!"
ham,Your OTP for net banking login is 104502. Valid for 10 minutes. Do not share.
spam,URGENT NOTICE: Your package delivery has been put on hold due to missing delivery address. Pay $1.50 redelivery fee at http://gift-portal.com.
ham,Thanks for the help earlier! Really appreciate your quick response.
ham,The bus is arriving at platform 4 in five minutes.
ham,Thanks for the help earlier! Really appreciate your quick response.
ham,"Hey Karan, are we still meeting for the project discussion at 2:00 PM today?"
ham,The bus is arriving at platform 4 in five minutes.
ham,The results for the midterm examination will be announced next Monday.
ham,"I checked the PySpark MLlib documentation, the parameter is elasticNetParam."
spam,Hot singles in your area want to meet you tonight! Click http://gift-portal.com to chat live and browse profiles for free.
ham,"Hey Arjun, are we still meeting for the project discussion at 11:00 AM today?"
ham,The exam schedule has been released on the university student portal.
ham,"I am stuck in traffic near the circle, will be delayed by 15 minutes."
ham,The library book 'Introduction to Algorithms' is due for return on Friday.
ham,The results for the midterm examination will be announced next Monday.
spam,"ALERT: Unclaimed lottery reward of $5,000 waiting for your mobile number. Call +44-20-7946-0921 now to transfer funds to your bank account."
ham,Happy Birthday Sneha! Wishing you a wonderful and successful year ahead.
ham,Did you complete the Big Data Analytics practical assignment for this week?
ham,"Ok, I will reach college by 4:15 PM. Please save a seat for me."
spam,You have won a free 4-night luxury holiday voucher to Bali! Reply YES to 99100 to receive your booking code immediately.
ham,"Don't worry about the presentation, we have prepared all the slides well."
ham,Thanks for the help earlier! Really appreciate your quick response.
ham,Are you coming to the seminar on Cloud Computing and Spark in the auditorium?
spam,"ALERT: Unclaimed lottery reward of $1,000 waiting for your mobile number. Call +44-20-7946-0921 now to transfer funds to your bank account."
ham,See you tomorrow at 9 AM sharp in the computer lab.
ham,Thanks for the help earlier! Really appreciate your quick response.
ham,Please send me the PDF notes for Unit 4 data visualization.
ham,Happy Birthday Rohan! Wishing you a wonderful and successful year ahead.
ham,Let's catch up over coffee this evening at the student cafeteria.
ham,Happy Birthday Vikram! Wishing you a wonderful and successful year ahead.
ham,Happy Birthday Neha! Wishing you a wonderful and successful year ahead.
ham,Where should we order lunch from today? Pizza or sandwiches?
ham,"Don't worry about the presentation, we have prepared all the slides well."
ham,"I am stuck in traffic near the circle, will be delayed by 15 minutes."
ham,"Call me whenever you get free, need to discuss the weekend plans."
ham,The bus is arriving at platform 4 in five minutes.
ham,Are you coming to the seminar on Cloud Computing and Spark in the auditorium?
spam,You have won a free 4-night luxury holiday voucher to Bali! Reply YES to 55444 to receive your booking code immediately.
ham,Please find attached the updated project report and data pipeline code.
ham,Are you coming to the seminar on Cloud Computing and Spark in the auditorium?
spam,"Instant Personal Loan approved up to $75,000 with 0% processing fee and minimal documentation! Apply within 2 hours at http://spam-claim.biz."
ham,"Don't worry about the presentation, we have prepared all the slides well."
ham,"I am stuck in traffic near the circle, will be delayed by 15 minutes."
ham,"Ok, I will reach college by 5:00 PM. Please save a seat for me."
ham,"I am stuck in traffic near the circle, will be delayed by 15 minutes."
ham,Thanks for the help earlier! Really appreciate your quick response.
ham,Please find attached the updated project report and data pipeline code.
ham,Thanks for the help earlier! Really appreciate your quick response.
ham,Good morning! Remember to submit the lab record before 5 PM today.
ham,Did you complete the Big Data Analytics practical assignment for this week?
ham,Are you coming to the seminar on Cloud Computing and Spark in the auditorium?
ham,Please find attached the updated project report and data pipeline code.
ham,Can you please review the merge request I raised on the repository?
spam,Special promotional offer: 100 GB High Speed 5G Data for just $1.99! Recharge now at http://fast-loan-app.co before the offer expires at midnight.
ham,See you tomorrow at 9 AM sharp in the computer lab.
ham,Are you coming to the seminar on Cloud Computing and Spark in the auditorium?
ham,"Hi Amit, hope you are doing well! It's been a while since we talked."
ham,Can you share the lecture slides from yesterday's distributed computing class?
spam,"WINNER! As a valued customer, you have been selected to receive a FREE iPhone 15 Pro. Reply CLAIM to 99100 or click http://spam-claim.biz today only!"
ham,"Yes, I already verified the cluster configuration on Spark master node."
ham,Your order #75072 has been delivered successfully. Thank you for shopping with us.
ham,Are you coming to the seminar on Cloud Computing and Spark in the auditorium?
ham,Where should we order lunch from today? Pizza or sandwiches?
ham,Are you coming to the seminar on Cloud Computing and Spark in the auditorium?
ham,The bus is arriving at platform 4 in five minutes.
ham,The exam schedule has been released on the university student portal.
spam,Congratulations! You qualify for debt forgiveness and credit score repair. Call our financial counselor now at +1-800-419-7820 to eliminate debt.
ham,See you tomorrow at 9 AM sharp in the computer lab.
ham,Your order #18714 has been delivered successfully. Thank you for shopping with us.
spam,You have won a free 4-night luxury holiday voucher to Bali! Reply YES to 88202 to receive your booking code immediately.
ham,Are you coming to the seminar on Cloud Computing and Spark in the auditorium?
ham,The results for the midterm examination will be announced next Monday.
ham,The results for the midterm examination will be announced next Monday.
ham,Please find attached the updated project report and data pipeline code.
ham,Thanks for the help earlier! Really appreciate your quick response.
spam,Double your mobile balance today! Send FREE to 77331 and get instant 200% bonus talktime and data packs.
ham,Can you share the lecture slides from yesterday's distributed computing class?
ham,Let's catch up over coffee this evening at the student cafeteria.
spam,Get rich quick with guaranteed daily returns of 25% on crypto trading! Join our VIP Telegram channel at http://secure-verify.net. No prior experience needed.
ham,Please send me the PDF notes for Unit 4 data visualization.
ham,The bus is arriving at platform 4 in five minutes.
ham,Your OTP for net banking login is 711150. Valid for 10 minutes. Do not share.
ham,Are you coming to the seminar on Cloud Computing and Spark in the auditorium?
spam,"CONGRATULATIONS! You have won a cash prize of $100,000 in the National Telecom Lottery! Call +1-800-419-7820 or visit http://spam-claim.biz to claim now. T&C apply."
ham,Got your email with the dataset CSV. Loading it into Spark DataFrame now.
ham,Good morning! Remember to submit the lab record before 5 PM today.
ham,"Call me whenever you get free, need to discuss the weekend plans."
spam,"CONGRATULATIONS! You have won a cash prize of $10,000 in the National Telecom Lottery! Call +1-800-555-0199 or visit http://secure-verify.net to claim now. T&C apply."
ham,The exam schedule has been released on the university student portal.
ham,Thanks for the help earlier! Really appreciate your quick response.
ham,"I am stuck in traffic near the circle, will be delayed by 15 minutes."
ham,"I checked the PySpark MLlib documentation, the parameter is elasticNetParam."
ham,Please find attached the updated project report and data pipeline code.
ham,The library book 'Introduction to Algorithms' is due for return on Friday.
ham,"Hey Vikram, are we still meeting for the project discussion at 2:00 PM today?"
spam,"WINNER! As a valued customer, you have been selected to receive a FREE iPhone 15 Pro. Reply CLAIM to 55444 or click http://spam-claim.biz today only!"
spam,Congratulations! You qualify for debt forgiveness and credit score repair. Call our financial counselor now at +1-800-419-7820 to eliminate debt.
spam,Get rich quick with guaranteed daily returns of 25% on crypto trading! Join our VIP Telegram channel at http://promo-deal.info. No prior experience needed.
ham,"Yes, I already verified the cluster configuration on Spark master node."
ham,Mom asked if you will be coming home for dinner tonight.
spam,Special promotional offer: 100 GB High Speed 5G Data for just $1.99! Recharge now at http://spam-claim.biz before the offer expires at midnight.
ham,The bus is arriving at platform 4 in five minutes.
spam,"Dear Customer, your electricity connection will be disconnected tonight at 9:30 PM due to unpaid bill. Call helpline +1-800-555-0199 immediately."
ham,The results for the midterm examination will be announced next Monday.
ham,"Ok, I will reach college by 2:00 PM. Please save a seat for me."
ham,"Hey Rohan, are we still meeting for the project discussion at 2:00 PM today?"
ham,Can you please review the merge request I raised on the repository?
ham,The library book 'Introduction to Algorithms' is due for return on Friday.
ham,Did you complete the Big Data Analytics practical assignment for this week?
ham,"Ok, I will reach college by 3:30 PM. Please save a seat for me."
ham,Thanks for the help earlier! Really appreciate your quick response.
ham,Just reached home safely. Let me know when you reach your hostel.
ham,Please send me the PDF notes for Unit 4 data visualization.
ham,Can you please review the merge request I raised on the repository?
spam,Hot singles in your area want to meet you tonight! Click http://spam-claim.biz to chat live and browse profiles for free.
ham,Just reached home safely. Let me know when you reach your hostel.
ham,Thanks for the help earlier! Really appreciate your quick response.
ham,See you tomorrow at 9 AM sharp in the computer lab.
ham,Let's catch up over coffee this evening at the student cafeteria.
ham,Good morning! Remember to submit the lab record before 5 PM today.
ham,Please send me the PDF notes for Unit 4 data visualization.
spam,You have won a free 4-night luxury holiday voucher to Bali! Reply YES to 99100 to receive your booking code immediately.
ham,"Hey Sneha, are we still meeting for the project discussion at 3:30 PM today?"
ham,I'll bring my laptop charger with me so we can work on the lab assignment.
ham,"I am stuck in traffic near the circle, will be delayed by 15 minutes."
ham,Your order #36277 has been delivered successfully. Thank you for shopping with us.
spam,Double your mobile balance today! Send FREE to 77331 and get instant 200% bonus talktime and data packs.
ham,"Ok, I will reach college by 5:00 PM. Please save a seat for me."
spam,Get rich quick with guaranteed daily returns of 25% on crypto trading! Join our VIP Telegram channel at http://fast-loan-app.co. No prior experience needed.
ham,Your order #41157 has been delivered successfully. Thank you for shopping with us.
ham,"Call me whenever you get free, need to discuss the weekend plans."
ham,Good morning! Remember to submit the lab record before 5 PM today.
ham,"Hey Karan, are we still meeting for the project discussion at 4:15 PM today?"
ham,"I am stuck in traffic near the circle, will be delayed by 15 minutes."
ham,Got your email with the dataset CSV. Loading it into Spark DataFrame now.
ham,Just reached home safely. Let me know when you reach your hostel.
ham,Thanks for the help earlier! Really appreciate your quick response.
ham,Are you coming to the seminar on Cloud Computing and Spark in the auditorium?
ham,"Hey Amit, are we still meeting for the project discussion at 4:15 PM today?"
ham,See you tomorrow at 9 AM sharp in the computer lab.
ham,"I am stuck in traffic near the circle, will be delayed by 15 minutes."
ham,Please send me the PDF notes for Unit 4 data visualization.
ham,I'll bring my laptop charger with me so we can work on the lab assignment.
ham,The results for the midterm examination will be announced next Monday.
ham,Did you complete the Big Data Analytics practical assignment for this week?
ham,The library book 'Introduction to Algorithms' is due for return on Friday.
ham,"Ok, I will reach college by 4:15 PM. Please save a seat for me."
ham,"Hi Arjun, hope you are doing well! It's been a while since we talked."
ham,Got your email with the dataset CSV. Loading it into Spark DataFrame now.
ham,The results for the midterm examination will be announced next Monday.
ham,Happy Birthday Rohan! Wishing you a wonderful and successful year ahead.
ham,Where should we order lunch from today? Pizza or sandwiches?
ham,"Hey Priya, are we still meeting for the project discussion at 5:00 PM today?"
ham,Where should we order lunch from today? Pizza or sandwiches?
ham,"I checked the PySpark MLlib documentation, the parameter is elasticNetParam."
ham,See you tomorrow at 9 AM sharp in the computer lab.
ham,The results for the midterm examination will be announced next Monday.
spam,Congratulations! You qualify for debt forgiveness and credit score repair. Call our financial counselor now at +44-20-7946-0921 to eliminate debt.
ham,Thanks for the help earlier! Really appreciate your quick response.
ham,The library book 'Introduction to Algorithms' is due for return on Friday.
ham,Mom asked if you will be coming home for dinner tonight.
ham,Just reached home safely. Let me know when you reach your hostel.
ham,Please find attached the updated project report and data pipeline code.
ham,Where should we order lunch from today? Pizza or sandwiches?
ham,The library book 'Introduction to Algorithms' is due for return on Friday.
ham,Let's catch up over coffee this evening at the student cafeteria.
spam,Get rich quick with guaranteed daily returns of 25% on crypto trading! Join our VIP Telegram channel at http://spam-claim.biz. No prior experience needed.
ham,"Hi Karan, hope you are doing well! It's been a while since we talked."
ham,"Yes, I already verified the cluster configuration on Spark master node."
ham,The exam schedule has been released on the university student portal.
ham,The exam schedule has been released on the university student portal.
spam,Double your mobile balance today! Send FREE to 77331 and get instant 200% bonus talktime and data packs.
ham,Thanks for the help earlier! Really appreciate your quick response.
ham,Where should we order lunch from today? Pizza or sandwiches?
ham,"Hey Karan, are we still meeting for the project discussion at 10:30 AM today?"
ham,The exam schedule has been released on the university student portal.
spam,"FREE entry into our weekly $1,000 sweepstakes! Text WIN to 88202 now to register your free lucky draw ticket."
ham,Your order #55384 has been delivered successfully. Thank you for shopping with us.
ham,Did you complete the Big Data Analytics practical assignment for this week?
ham,Are you coming to the seminar on Cloud Computing and Spark in the auditorium?
ham,Just reached home safely. Let me know when you reach your hostel.
spam,URGENT! Your bank account ending in 2264 has been suspended due to suspicious activity. Verify immediately at http://gift-portal.com to avoid permanent freeze.
ham,The library book 'Introduction to Algorithms' is due for return on Friday.
ham,Please find attached the updated project report and data pipeline code.
ham,The bus is arriving at platform 4 in five minutes.
ham,The results for the midterm examination will be announced next Monday.
ham,Your order #54077 has been delivered successfully. Thank you for shopping with us.
ham,See you tomorrow at 9 AM sharp in the computer lab.
ham,The exam schedule has been released on the university student portal.
ham,Your OTP for net banking login is 531055. Valid for 10 minutes. Do not share.
ham,Your OTP for net banking login is 141185. Valid for 10 minutes. Do not share.
ham,"Yes, I already verified the cluster configuration on Spark master node."
ham,"I am stuck in traffic near the circle, will be delayed by 15 minutes."
ham,Your OTP for net banking login is 395175. Valid for 10 minutes. Do not share.
ham,"Call me whenever you get free, need to discuss the weekend plans."
ham,"I checked the PySpark MLlib documentation, the parameter is elasticNetParam."
ham,Your order #59881 has been delivered successfully. Thank you for shopping with us.
ham,Let's catch up over coffee this evening at the student cafeteria.
ham,The results for the midterm examination will be announced next Monday.
ham,Your OTP for net banking login is 516430. Valid for 10 minutes. Do not share.
ham,"Call me whenever you get free, need to discuss the weekend plans."
spam,"CONGRATULATIONS! You have won a cash prize of $50,000 in the National Telecom Lottery! Call +1-800-419-7820 or visit http://spam-claim.biz to claim now. T&C apply."
ham,"Hi Ananya, hope you are doing well! It's been a while since we talked."
spam,"FREE entry into our weekly $10,000 sweepstakes! Text WIN to 88202 now to register your free lucky draw ticket."
ham,Good morning! Remember to submit the lab record before 5 PM today.
spam,URGENT! Your bank account ending in 7771 has been suspended due to suspicious activity. Verify immediately at http://promo-deal.info to avoid permanent freeze.
ham,Good morning! Remember to submit the lab record before 5 PM today.
ham,"Call me whenever you get free, need to discuss the weekend plans."
ham,"Ok, I will reach college by 5:00 PM. Please save a seat for me."
ham,"I am stuck in traffic near the circle, will be delayed by 15 minutes."
spam,Double your mobile balance today! Send FREE to 55444 and get instant 200% bonus talktime and data packs.
ham,"Ok, I will reach college by 2:00 PM. Please save a seat for me."
ham,Good morning! Remember to submit the lab record before 5 PM today.
spam,"CONGRATULATIONS! You have won a cash prize of $100,000 in the National Telecom Lottery! Call +1-800-555-0199 or visit http://gift-portal.com to claim now. T&C apply."
ham,"I am stuck in traffic near the circle, will be delayed by 15 minutes."
ham,The results for the midterm examination will be announced next Monday.
ham,The results for the midterm examination will be announced next Monday.
ham,"Don't worry about the presentation, we have prepared all the slides well."
ham,The exam schedule has been released on the university student portal.
ham,Where should we order lunch from today? Pizza or sandwiches?
ham,Just reached home safely. Let me know when you reach your hostel.
spam,"WINNER! As a valued customer, you have been selected to receive a FREE iPhone 15 Pro. Reply CLAIM to 77331 or click http://gift-portal.com today only!"
ham,The results for the midterm examination will be announced next Monday.
ham,Did you complete the Big Data Analytics practical assignment for this week?
ham,Good morning! Remember to submit the lab record before 5 PM today.
ham,Let's catch up over coffee this evening at the student cafeteria.
ham,"Hi Neha, hope you are doing well! It's been a while since we talked."
ham,Where should we order lunch from today? Pizza or sandwiches?
ham,Can you share the lecture slides from yesterday's distributed computing class?
ham,The library book 'Introduction to Algorithms' is due for return on Friday.
spam,URGENT NOTICE: Your package delivery has been put on hold due to missing delivery address. Pay $1.50 redelivery fee at http://spam-claim.biz.
ham,Can you please review the merge request I raised on the repository?
ham,The results for the midterm examination will be announced next Monday.
ham,"Hey Ananya, are we still meeting for the project discussion at 5:00 PM today?"
spam,"WINNER! As a valued customer, you have been selected to receive a FREE iPhone 15 Pro. Reply CLAIM to 88202 or click http://gift-portal.com today only!"
spam,"WINNER! As a valued customer, you have been selected to receive a FREE iPhone 15 Pro. Reply CLAIM to 77331 or click http://promo-deal.info today only!"
spam,Congratulations! You qualify for debt forgiveness and credit score repair. Call our financial counselor now at +44-20-7946-0921 to eliminate debt.
ham,Your OTP for net banking login is 938201. Valid for 10 minutes. Do not share.
spam,"Instant Personal Loan approved up to $75,000 with 0% processing fee and minimal documentation! Apply within 2 hours at http://gift-portal.com."
spam,Exclusive Offer! Get 85% discount on top designer watches and luxury perfumes. Shop now at http://spam-claim.biz. Limited stocks available!
spam,"ALERT: Unclaimed lottery reward of $1,000 waiting for your mobile number. Call +1-800-555-0199 now to transfer funds to your bank account."
spam,"CONGRATULATIONS! You have won a cash prize of $10,000 in the National Telecom Lottery! Call +44-20-7946-0921 or visit http://promo-deal.info to claim now. T&C apply."
ham,Your order #26470 has been delivered successfully. Thank you for shopping with us.
ham,I'll bring my laptop charger with me so we can work on the lab assignment.
ham,Your order #62531 has been delivered successfully. Thank you for shopping with us.
ham,"Ok, I will reach college by 10:30 AM. Please save a seat for me."
ham,"I am stuck in traffic near the circle, will be delayed by 15 minutes."
ham,The library book 'Introduction to Algorithms' is due for return on Friday.
spam,"Instant Personal Loan approved up to $50,000 with 0% processing fee and minimal documentation! Apply within 2 hours at http://fast-loan-app.co."
ham,Let's catch up over coffee this evening at the student cafeteria.
ham,Please send me the PDF notes for Unit 4 data visualization.
ham,Did you complete the Big Data Analytics practical assignment for this week?
ham,"Call me whenever you get free, need to discuss the weekend plans."
ham,Did you complete the Big Data Analytics practical assignment for this week?
ham,Can you please review the merge request I raised on the repository?
spam,"FREE entry into our weekly $5,000 sweepstakes! Text WIN to 77331 now to register your free lucky draw ticket."
ham,"Ok, I will reach college by 10:30 AM. Please save a seat for me."
ham,Thanks for the help earlier! Really appreciate your quick response.
ham,See you tomorrow at 9 AM sharp in the computer lab.
ham,Did you complete the Big Data Analytics practical assignment for this week?
ham,Good morning! Remember to submit the lab record before 5 PM today.
ham,Where should we order lunch from today? Pizza or sandwiches?
ham,"Hey Arjun, are we still meeting for the project discussion at 10:30 AM today?"
ham,Got your email with the dataset CSV. Loading it into Spark DataFrame now.
ham,Did you complete the Big Data Analytics practical assignment for this week?
ham,"Hi Ananya, hope you are doing well! It's been a while since we talked."
ham,Thanks for the help earlier! Really appreciate your quick response.
ham,"Hey Priya, are we still meeting for the project discussion at 2:00 PM today?"
spam,"Dear Customer, your electricity connection will be disconnected tonight at 9:30 PM due to unpaid bill. Call helpline +1-800-419-7820 immediately."
spam,"CONGRATULATIONS! You have won a cash prize of $5,000 in the National Telecom Lottery! Call +1-888-920-1144 or visit http://fast-loan-app.co to claim now. T&C apply."
spam,URGENT! Your bank account ending in 8823 has been suspended due to suspicious activity. Verify immediately at http://fast-loan-app.co to avoid permanent freeze.
ham,Please find attached the updated project report and data pipeline code.
ham,Got your email with the dataset CSV. Loading it into Spark DataFrame now.
ham,The results for the midterm examination will be announced next Monday.
ham,Can you please review the merge request I raised on the repository?
ham,Are you coming to the seminar on Cloud Computing and Spark in the auditorium?
ham,See you tomorrow at 9 AM sharp in the computer lab.
ham,"Hey Neha, are we still meeting for the project discussion at 2:00 PM today?"
ham,The results for the midterm examination will be announced next Monday.
ham,I'll bring my laptop charger with me so we can work on the lab assignment.
ham,I'll bring my laptop charger with me so we can work on the lab assignment.
ham,Let's catch up over coffee this evening at the student cafeteria.
ham,Just reached home safely. Let me know when you reach your hostel.
ham,"Call me whenever you get free, need to discuss the weekend plans."
spam,"WINNER! As a valued customer, you have been selected to receive a FREE iPhone 15 Pro. Reply CLAIM to 88202 or click http://promo-deal.info today only!"
ham,See you tomorrow at 9 AM sharp in the computer lab.
spam,"Dear Customer, your electricity connection will be disconnected tonight at 9:30 PM due to unpaid bill. Call helpline +1-800-419-7820 immediately."
ham,"I am stuck in traffic near the circle, will be delayed by 15 minutes."
ham,Happy Birthday Neha! Wishing you a wonderful and successful year ahead.
ham,Can you please review the merge request I raised on the repository?
ham,The results for the midterm examination will be announced next Monday.
ham,Please find attached the updated project report and data pipeline code.
ham,Let's catch up over coffee this evening at the student cafeteria.
ham,Please send me the PDF notes for Unit 4 data visualization.
ham,"I am stuck in traffic near the circle, will be delayed by 15 minutes."
ham,Just reached home safely. Let me know when you reach your hostel.
ham,Please find attached the updated project report and data pipeline code.
spam,Double your mobile balance today! Send FREE to 77331 and get instant 200% bonus talktime and data packs.
spam,Double your mobile balance today! Send FREE to 88202 and get instant 200% bonus talktime and data packs.
ham,"I checked the PySpark MLlib documentation, the parameter is elasticNetParam."
ham,Thanks for the help earlier! Really appreciate your quick response.
spam,URGENT! Your bank account ending in 2536 has been suspended due to suspicious activity. Verify immediately at http://secure-verify.net to avoid permanent freeze.
spam,"WINNER! As a valued customer, you have been selected to receive a FREE iPhone 15 Pro. Reply CLAIM to 88202 or click http://spam-claim.biz today only!"
ham,Mom asked if you will be coming home for dinner tonight.
spam,Special promotional offer: 100 GB High Speed 5G Data for just $1.99! Recharge now at http://spam-claim.biz before the offer expires at midnight.
ham,Are you coming to the seminar on Cloud Computing and Spark in the auditorium?
ham,"Ok, I will reach college by 4:15 PM. Please save a seat for me."
spam,"CONGRATULATIONS! You have won a cash prize of $50,000 in the National Telecom Lottery! Call +1-800-419-7820 or visit http://fast-loan-app.co to claim now. T&C apply."
ham,Happy Birthday Vikram! Wishing you a wonderful and successful year ahead.
ham,"Hey Ananya, are we still meeting for the project discussion at 10:30 AM today?"
ham,Just reached home safely. Let me know when you reach your hostel.
ham,"Don't worry about the presentation, we have prepared all the slides well."
spam,Get rich quick with guaranteed daily returns of 25% on crypto trading! Join our VIP Telegram channel at http://gift-portal.com. No prior experience needed.
ham,"Don't worry about the presentation, we have prepared all the slides well."
ham,Got your email with the dataset CSV. Loading it into Spark DataFrame now.
ham,I'll bring my laptop charger with me so we can work on the lab assignment.
ham,Can you please review the merge request I raised on the repository?
ham,"I am stuck in traffic near the circle, will be delayed by 15 minutes."
ham,Your OTP for net banking login is 217069. Valid for 10 minutes. Do not share.
ham,Your OTP for net banking login is 315084. Valid for 10 minutes. Do not share.
spam,"CONGRATULATIONS! You have won a cash prize of $50,000 in the National Telecom Lottery! Call +44-20-7946-0921 or visit http://fast-loan-app.co to claim now. T&C apply."
ham,"Yes, I already verified the cluster configuration on Spark master node."
ham,"Hey Pooja, are we still meeting for the project discussion at 5:00 PM today?"
ham,Your OTP for net banking login is 389003. Valid for 10 minutes. Do not share.
ham,"Hi Karan, hope you are doing well! It's been a while since we talked."
ham,See you tomorrow at 9 AM sharp in the computer lab.
spam,URGENT NOTICE: Your package delivery has been put on hold due to missing delivery address. Pay $1.50 redelivery fee at http://spam-claim.biz.
ham,Your OTP for net banking login is 269695. Valid for 10 minutes. Do not share.
ham,Your OTP for net banking login is 901276. Valid for 10 minutes. Do not share.
ham,Happy Birthday Priya! Wishing you a wonderful and successful year ahead.
ham,The bus is arriving at platform 4 in five minutes.
ham,Please send me the PDF notes for Unit 4 data visualization.
ham,"Don't worry about the presentation, we have prepared all the slides well."
ham,"Don't worry about the presentation, we have prepared all the slides well."
ham,"Call me whenever you get free, need to discuss the weekend plans."
ham,Did you complete the Big Data Analytics practical assignment for this week?
ham,The library book 'Introduction to Algorithms' is due for return on Friday.
ham,"Hey Arjun, are we still meeting for the project discussion at 2:00 PM today?"
ham,"Hey Arjun, are we still meeting for the project discussion at 4:15 PM today?"
ham,Are you coming to the seminar on Cloud Computing and Spark in the auditorium?
spam,"WINNER! As a valued customer, you have been selected to receive a FREE iPhone 15 Pro. Reply CLAIM to 55444 or click http://fast-loan-app.co today only!"
ham,Mom asked if you will be coming home for dinner tonight.
ham,The exam schedule has been released on the university student portal.
ham,"Don't worry about the presentation, we have prepared all the slides well."
spam,Congratulations! You qualify for debt forgiveness and credit score repair. Call our financial counselor now at +1-888-920-1144 to eliminate debt.
spam,"ALERT: Unclaimed lottery reward of $50,000 waiting for your mobile number. Call +1-800-555-0199 now to transfer funds to your bank account."
ham,Can you share the lecture slides from yesterday's distributed computing class?
ham,The bus is arriving at platform 4 in five minutes.
ham,"Yes, I already verified the cluster configuration on Spark master node."
ham,"Ok, I will reach college by 11:00 AM. Please save a seat for me."
ham,Thanks for the help earlier! Really appreciate your quick response.
ham,I'll bring my laptop charger with me so we can work on the lab assignment.
ham,"Hi Amit, hope you are doing well! It's been a while since we talked."
spam,You have won a free 4-night luxury holiday voucher to Bali! Reply YES to 55444 to receive your booking code immediately.
ham,"Hey Pooja, are we still meeting for the project discussion at 10:30 AM today?"
ham,"Yes, I already verified the cluster configuration on Spark master node."
ham,I'll bring my laptop charger with me so we can work on the lab assignment.
ham,"Ok, I will reach college by 2:00 PM. Please save a seat for me."
spam,Exclusive Offer! Get 85% discount on top designer watches and luxury perfumes. Shop now at http://spam-claim.biz. Limited stocks available!
ham,Happy Birthday Tanvi! Wishing you a wonderful and successful year ahead.
ham,Your order #30077 has been delivered successfully. Thank you for shopping with us.
spam,"FREE entry into our weekly $50,000 sweepstakes! Text WIN to 55444 now to register your free lucky draw ticket."
ham,Mom asked if you will be coming home for dinner tonight.
ham,The exam schedule has been released on the university student portal.
ham,Just reached home safely. Let me know when you reach your hostel.
ham,"Hey Ananya, are we still meeting for the project discussion at 3:30 PM today?"
ham,The bus is arriving at platform 4 in five minutes.
ham,Good morning! Remember to submit the lab record before 5 PM today.
ham,The bus is arriving at platform 4 in five minutes.
ham,Please find attached the updated project report and data pipeline code.
ham,Please send me the PDF notes for Unit 4 data visualization.
ham,Your order #26083 has been delivered successfully. Thank you for shopping with us.
spam,Congratulations! You qualify for debt forgiveness and credit score repair. Call our financial counselor now at +1-800-419-7820 to eliminate debt.
ham,Please find attached the updated project report and data pipeline code.
ham,Your OTP for net banking login is 732677. Valid for 10 minutes. Do not share.
ham,Good morning! Remember to submit the lab record before 5 PM today.
ham,"Ok, I will reach college by 2:00 PM. Please save a seat for me."
ham,Please find attached the updated project report and data pipeline code.
ham,The library book 'Introduction to Algorithms' is due for return on Friday.
ham,"Ok, I will reach college by 3:30 PM. Please save a seat for me."
ham,"Ok, I will reach college by 4:15 PM. Please save a seat for me."
ham,Where should we order lunch from today? Pizza or sandwiches?
spam,Special promotional offer: 100 GB High Speed 5G Data for just $1.99! Recharge now at http://fast-loan-app.co before the offer expires at midnight.
ham,Please find attached the updated project report and data pipeline code.
ham,I'll bring my laptop charger with me so we can work on the lab assignment.
ham,Please find attached the updated project report and data pipeline code.
ham,Happy Birthday Tanvi! Wishing you a wonderful and successful year ahead.
ham,Can you share the lecture slides from yesterday's distributed computing class?
spam,Special promotional offer: 100 GB High Speed 5G Data for just $1.99! Recharge now at http://fast-loan-app.co before the offer expires at midnight.
ham,Let's catch up over coffee this evening at the student cafeteria.
spam,"WINNER! As a valued customer, you have been selected to receive a FREE iPhone 15 Pro. Reply CLAIM to 88202 or click http://gift-portal.com today only!"
spam,"Dear Customer, your electricity connection will be disconnected tonight at 9:30 PM due to unpaid bill. Call helpline +1-800-419-7820 immediately."
ham,Please find attached the updated project report and data pipeline code.
spam,"WINNER! As a valued customer, you have been selected to receive a FREE iPhone 15 Pro. Reply CLAIM to 77331 or click http://fast-loan-app.co today only!"
ham,See you tomorrow at 9 AM sharp in the computer lab.
ham,Please find attached the updated project report and data pipeline code.
ham,"Ok, I will reach college by 11:00 AM. Please save a seat for me."
spam,Get rich quick with guaranteed daily returns of 25% on crypto trading! Join our VIP Telegram channel at http://gift-portal.com. No prior experience needed.
ham,Got your email with the dataset CSV. Loading it into Spark DataFrame now.
ham,I'll bring my laptop charger with me so we can work on the lab assignment.
ham,Your OTP for net banking login is 701290. Valid for 10 minutes. Do not share.
spam,"Dear Customer, your electricity connection will be disconnected tonight at 9:30 PM due to unpaid bill. Call helpline +1-800-419-7820 immediately."
ham,The results for the midterm examination will be announced next Monday.
ham,"Hi Karan, hope you are doing well! It's been a while since we talked."
ham,"Call me whenever you get free, need to discuss the weekend plans."
ham,Your OTP for net banking login is 134028. Valid for 10 minutes. Do not share.
ham,"I am stuck in traffic near the circle, will be delayed by 15 minutes."
spam,Special promotional offer: 100 GB High Speed 5G Data for just $1.99! Recharge now at http://promo-deal.info before the offer expires at midnight.
ham,Did you complete the Big Data Analytics practical assignment for this week?
ham,Good morning! Remember to submit the lab record before 5 PM today.
ham,Where should we order lunch from today? Pizza or sandwiches?
ham,I'll bring my laptop charger with me so we can work on the lab assignment.
ham,Got your email with the dataset CSV. Loading it into Spark DataFrame now.
ham,The results for the midterm examination will be announced next Monday.
ham,"Call me whenever you get free, need to discuss the weekend plans."
spam,You have won a free 4-night luxury holiday voucher to Bali! Reply YES to 99100 to receive your booking code immediately.
ham,Can you share the lecture slides from yesterday's distributed computing class?
ham,Are you coming to the seminar on Cloud Computing and Spark in the auditorium?
ham,Did you complete the Big Data Analytics practical assignment for this week?
spam,Special promotional offer: 100 GB High Speed 5G Data for just $1.99! Recharge now at http://fast-loan-app.co before the offer expires at midnight.
ham,"Don't worry about the presentation, we have prepared all the slides well."
ham,The library book 'Introduction to Algorithms' is due for return on Friday.
ham,See you tomorrow at 9 AM sharp in the computer lab.
ham,The library book 'Introduction to Algorithms' is due for return on Friday.
ham,The library book 'Introduction to Algorithms' is due for return on Friday.
ham,See you tomorrow at 9 AM sharp in the computer lab.
ham,"I am stuck in traffic near the circle, will be delayed by 15 minutes."
ham,The results for the midterm examination will be announced next Monday.
ham,Can you share the lecture slides from yesterday's distributed computing class?
ham,Mom asked if you will be coming home for dinner tonight.
ham,The bus is arriving at platform 4 in five minutes.
ham,"I am stuck in traffic near the circle, will be delayed by 15 minutes."
ham,Mom asked if you will be coming home for dinner tonight.
spam,Double your mobile balance today! Send FREE to 77331 and get instant 200% bonus talktime and data packs.
ham,The bus is arriving at platform 4 in five minutes.
spam,"CONGRATULATIONS! You have won a cash prize of $100,000 in the National Telecom Lottery! Call +1-800-555-0199 or visit http://spam-claim.biz to claim now. T&C apply."
ham,"Ok, I will reach college by 4:15 PM. Please save a seat for me."
ham,Happy Birthday Priya! Wishing you a wonderful and successful year ahead.
ham,Please find attached the updated project report and data pipeline code.
ham,Please send me the PDF notes for Unit 4 data visualization.
spam,"WINNER! As a valued customer, you have been selected to receive a FREE iPhone 15 Pro. Reply CLAIM to 99100 or click http://fast-loan-app.co today only!"
ham,I'll bring my laptop charger with me so we can work on the lab assignment.
ham,"Hi Sneha, hope you are doing well! It's been a while since we talked."
ham,"Don't worry about the presentation, we have prepared all the slides well."
spam,Exclusive Offer! Get 85% discount on top designer watches and luxury perfumes. Shop now at http://spam-claim.biz. Limited stocks available!
ham,Can you share the lecture slides from yesterday's distributed computing class?
ham,"Hey Vikram, are we still meeting for the project discussion at 3:30 PM today?"
ham,Got your email with the dataset CSV. Loading it into Spark DataFrame now.
ham,"Hi Amit, hope you are doing well! It's been a while since we talked."
spam,Exclusive Offer! Get 85% discount on top designer watches and luxury perfumes. Shop now at http://promo-deal.info. Limited stocks available!
ham,Are you coming to the seminar on Cloud Computing and Spark in the auditorium?
ham,Your order #80457 has been delivered successfully. Thank you for shopping with us.
ham,Can you share the lecture slides from yesterday's distributed computing class?
spam,Get rich quick with guaranteed daily returns of 25% on crypto trading! Join our VIP Telegram channel at http://promo-deal.info. No prior experience needed.
ham,The results for the midterm examination will be announced next Monday.
spam,"Instant Personal Loan approved up to $25,000 with 0% processing fee and minimal documentation! Apply within 2 hours at http://fast-loan-app.co."
ham,Just reached home safely. Let me know when you reach your hostel.
spam,Double your mobile balance today! Send FREE to 55444 and get instant 200% bonus talktime and data packs.
ham,I'll bring my laptop charger with me so we can work on the lab assignment.
ham,Good morning! Remember to submit the lab record before 5 PM today.
spam,Exclusive Offer! Get 85% discount on top designer watches and luxury perfumes. Shop now at http://promo-deal.info. Limited stocks available!
ham,Are you coming to the seminar on Cloud Computing and Spark in the auditorium?
ham,Thanks for the help earlier! Really appreciate your quick response.
ham,"I checked the PySpark MLlib documentation, the parameter is elasticNetParam."
ham,Just reached home safely. Let me know when you reach your hostel.
ham,See you tomorrow at 9 AM sharp in the computer lab.
ham,Good morning! Remember to submit the lab record before 5 PM today.
ham,Good morning! Remember to submit the lab record before 5 PM today.
ham,I'll bring my laptop charger with me so we can work on the lab assignment.
ham,"Don't worry about the presentation, we have prepared all the slides well."
ham,The results for the midterm examination will be announced next Monday.
ham,Good morning! Remember to submit the lab record before 5 PM today.
ham,The library book 'Introduction to Algorithms' is due for return on Friday.
ham,The exam schedule has been released on the university student portal.
ham,The exam schedule has been released on the university student portal.
ham,"Hi Priya, hope you are doing well! It's been a while since we talked."
ham,Did you complete the Big Data Analytics practical assignment for this week?
ham,Thanks for the help earlier! Really appreciate your quick response.
ham,Let's catch up over coffee this evening at the student cafeteria.
ham,Happy Birthday Rohan! Wishing you a wonderful and successful year ahead.
ham,Are you coming to the seminar on Cloud Computing and Spark in the auditorium?
ham,See you tomorrow at 9 AM sharp in the computer lab.
spam,URGENT NOTICE: Your package delivery has been put on hold due to missing delivery address. Pay $1.50 redelivery fee at http://fast-loan-app.co.
ham,The exam schedule has been released on the university student portal.
ham,Your order #38902 has been delivered successfully. Thank you for shopping with us.
ham,See you tomorrow at 9 AM sharp in the computer lab.
ham,Can you please review the merge request I raised on the repository?
ham,Just reached home safely. Let me know when you reach your hostel.
ham,Are you coming to the seminar on Cloud Computing and Spark in the auditorium?
ham,Let's catch up over coffee this evening at the student cafeteria.
ham,"Call me whenever you get free, need to discuss the weekend plans."
ham,"Call me whenever you get free, need to discuss the weekend plans."
ham,Got your email with the dataset CSV. Loading it into Spark DataFrame now.
spam,Congratulations! You qualify for debt forgiveness and credit score repair. Call our financial counselor now at +1-800-555-0199 to eliminate debt.
ham,Your OTP for net banking login is 574320. Valid for 10 minutes. Do not share.
ham,The library book 'Introduction to Algorithms' is due for return on Friday.
ham,Happy Birthday Pooja! Wishing you a wonderful and successful year ahead.
ham,"Don't worry about the presentation, we have prepared all the slides well."
ham,Did you complete the Big Data Analytics practical assignment for this week?
ham,The results for the midterm examination will be announced next Monday.
ham,See you tomorrow at 9 AM sharp in the computer lab.
ham,"Yes, I already verified the cluster configuration on Spark master node."
ham,Good morning! Remember to submit the lab record before 5 PM today.
spam,You have won a free 4-night luxury holiday voucher to Bali! Reply YES to 88202 to receive your booking code immediately.
ham,The library book 'Introduction to Algorithms' is due for return on Friday.
ham,Mom asked if you will be coming home for dinner tonight.
ham,The results for the midterm examination will be announced next Monday.
ham,Can you share the lecture slides from yesterday's distributed computing class?
ham,"Don't worry about the presentation, we have prepared all the slides well."
ham,The bus is arriving at platform 4 in five minutes.
ham,Got your email with the dataset CSV. Loading it into Spark DataFrame now.
ham,Are you coming to the seminar on Cloud Computing and Spark in the auditorium?
ham,Can you share the lecture slides from yesterday's distributed computing class?
ham,The library book 'Introduction to Algorithms' is due for return on Friday.
ham,Got your email with the dataset CSV. Loading it into Spark DataFrame now.
ham,"Ok, I will reach college by 4:15 PM. Please save a seat for me."
ham,The exam schedule has been released on the university student portal.
ham,Did you complete the Big Data Analytics practical assignment for this week?
ham,See you tomorrow at 9 AM sharp in the computer lab.
ham,Happy Birthday Rahul! Wishing you a wonderful and successful year ahead.
ham,The bus is arriving at platform 4 in five minutes.
ham,Good morning! Remember to submit the lab record before 5 PM today.
ham,Just reached home safely. Let me know when you reach your hostel.
ham,Please send me the PDF notes for Unit 4 data visualization.
ham,See you tomorrow at 9 AM sharp in the computer lab.
ham,"I checked the PySpark MLlib documentation, the parameter is elasticNetParam."
ham,"Ok, I will reach college by 2:00 PM. Please save a seat for me."
ham,Good morning! Remember to submit the lab record before 5 PM today.
ham,The exam schedule has been released on the university student portal.
ham,I'll bring my laptop charger with me so we can work on the lab assignment.
ham,Your OTP for net banking login is 628689. Valid for 10 minutes. Do not share.
ham,Mom asked if you will be coming home for dinner tonight.
ham,"I am stuck in traffic near the circle, will be delayed by 15 minutes."
ham,Please find attached the updated project report and data pipeline code.
ham,The bus is arriving at platform 4 in five minutes.
ham,The results for the midterm examination will be announced next Monday.
ham,I'll bring my laptop charger with me so we can work on the lab assignment.
ham,Happy Birthday Amit! Wishing you a wonderful and successful year ahead.
ham,The bus is arriving at platform 4 in five minutes.
ham,"Don't worry about the presentation, we have prepared all the slides well."
spam,Congratulations! You qualify for debt forgiveness and credit score repair. Call our financial counselor now at +44-20-7946-0921 to eliminate debt.
ham,Good morning! Remember to submit the lab record before 5 PM today.
ham,I'll bring my laptop charger with me so we can work on the lab assignment.
ham,Where should we order lunch from today? Pizza or sandwiches?
ham,Mom asked if you will be coming home for dinner tonight.
ham,Good morning! Remember to submit the lab record before 5 PM today.
spam,"CONGRATULATIONS! You have won a cash prize of $5,000 in the National Telecom Lottery! Call +44-20-7946-0921 or visit http://spam-claim.biz to claim now. T&C apply."
ham,"I checked the PySpark MLlib documentation, the parameter is elasticNetParam."
ham,"Yes, I already verified the cluster configuration on Spark master node."
ham,Where should we order lunch from today? Pizza or sandwiches?
ham,The library book 'Introduction to Algorithms' is due for return on Friday.
ham,Please find attached the updated project report and data pipeline code.
ham,I'll bring my laptop charger with me so we can work on the lab assignment.
ham,"Hi Neha, hope you are doing well! It's been a while since we talked."
ham,Just reached home safely. Let me know when you reach your hostel.
ham,Are you coming to the seminar on Cloud Computing and Spark in the auditorium?
ham,Please find attached the updated project report and data pipeline code.
ham,I'll bring my laptop charger with me so we can work on the lab assignment.
ham,Can you share the lecture slides from yesterday's distributed computing class?
ham,Please send me the PDF notes for Unit 4 data visualization.
ham,Good morning! Remember to submit the lab record before 5 PM today.
ham,"Yes, I already verified the cluster configuration on Spark master node."
ham,Please find attached the updated project report and data pipeline code.
spam,Congratulations! You qualify for debt forgiveness and credit score repair. Call our financial counselor now at +44-20-7946-0921 to eliminate debt.
ham,I'll bring my laptop charger with me so we can work on the lab assignment.
ham,"Ok, I will reach college by 5:00 PM. Please save a seat for me."
ham,See you tomorrow at 9 AM sharp in the computer lab.
ham,Happy Birthday Priya! Wishing you a wonderful and successful year ahead.
ham,Your order #70497 has been delivered successfully. Thank you for shopping with us.
ham,"Hey Pooja, are we still meeting for the project discussion at 2:00 PM today?"
ham,Did you complete the Big Data Analytics practical assignment for this week?
ham,Are you coming to the seminar on Cloud Computing and Spark in the auditorium?
ham,"Don't worry about the presentation, we have prepared all the slides well."
ham,Thanks for the help earlier! Really appreciate your quick response.
ham,I'll bring my laptop charger with me so we can work on the lab assignment.
ham,Your order #64136 has been delivered successfully. Thank you for shopping with us.
ham,Please send me the PDF notes for Unit 4 data visualization.
ham,Your order #60140 has been delivered successfully. Thank you for shopping with us.
ham,"Hi Ananya, hope you are doing well! It's been a while since we talked."
ham,The exam schedule has been released on the university student portal.
ham,"Hi Priya, hope you are doing well! It's been a while since we talked."
spam,"Instant Personal Loan approved up to $50,000 with 0% processing fee and minimal documentation! Apply within 2 hours at http://fast-loan-app.co."
ham,Just reached home safely. Let me know when you reach your hostel.
ham,I'll bring my laptop charger with me so we can work on the lab assignment.
spam,"WINNER! As a valued customer, you have been selected to receive a FREE iPhone 15 Pro. Reply CLAIM to 55444 or click http://fast-loan-app.co today only!"
ham,Thanks for the help earlier! Really appreciate your quick response.
ham,Happy Birthday Rahul! Wishing you a wonderful and successful year ahead.
spam,Exclusive Offer! Get 85% discount on top designer watches and luxury perfumes. Shop now at http://secure-verify.net. Limited stocks available!
ham,Did you complete the Big Data Analytics practical assignment for this week?
ham,"Ok, I will reach college by 11:00 AM. Please save a seat for me."
ham,"Don't worry about the presentation, we have prepared all the slides well."
spam,Get rich quick with guaranteed daily returns of 25% on crypto trading! Join our VIP Telegram channel at http://fast-loan-app.co. No prior experience needed.
ham,"I checked the PySpark MLlib documentation, the parameter is elasticNetParam."
ham,"Hi Neha, hope you are doing well! It's been a while since we talked."
ham,Happy Birthday Vikram! Wishing you a wonderful and successful year ahead.
ham,The results for the midterm examination will be announced next Monday.
ham,"Call me whenever you get free, need to discuss the weekend plans."
ham,The library book 'Introduction to Algorithms' is due for return on Friday.
spam,"ALERT: Unclaimed lottery reward of $100,000 waiting for your mobile number. Call +44-20-7946-0921 now to transfer funds to your bank account."
ham,"Hi Tanvi, hope you are doing well! It's been a while since we talked."
spam,"WINNER! As a valued customer, you have been selected to receive a FREE iPhone 15 Pro. Reply CLAIM to 55444 or click http://secure-verify.net today only!"
ham,"I am stuck in traffic near the circle, will be delayed by 15 minutes."
ham,Can you please review the merge request I raised on the repository?
spam,"ALERT: Unclaimed lottery reward of $50,000 waiting for your mobile number. Call +44-20-7946-0921 now to transfer funds to your bank account."
ham,Got your email with the dataset CSV. Loading it into Spark DataFrame now.
ham,Can you please review the merge request I raised on the repository?
ham,Mom asked if you will be coming home for dinner tonight.
ham,Your order #57301 has been delivered successfully. Thank you for shopping with us.
ham,Good morning! Remember to submit the lab record before 5 PM today.
ham,Just reached home safely. Let me know when you reach your hostel.
ham,The results for the midterm examination will be announced next Monday.
ham,See you tomorrow at 9 AM sharp in the computer lab.
ham,Happy Birthday Karan! Wishing you a wonderful and successful year ahead.
spam,You have won a free 4-night luxury holiday voucher to Bali! Reply YES to 88202 to receive your booking code immediately.
ham,"Don't worry about the presentation, we have prepared all the slides well."
ham,"Yes, I already verified the cluster configuration on Spark master node."
ham,The bus is arriving at platform 4 in five minutes.
ham,"Yes, I already verified the cluster configuration on Spark master node."
ham,I'll bring my laptop charger with me so we can work on the lab assignment.
ham,Got your email with the dataset CSV. Loading it into Spark DataFrame now.
spam,Congratulations! You qualify for debt forgiveness and credit score repair. Call our financial counselor now at +44-20-7946-0921 to eliminate debt.
ham,"I am stuck in traffic near the circle, will be delayed by 15 minutes."
ham,Thanks for the help earlier! Really appreciate your quick response.
spam,URGENT! Your bank account ending in 4305 has been suspended due to suspicious activity. Verify immediately at http://promo-deal.info to avoid permanent freeze.
ham,The bus is arriving at platform 4 in five minutes.
spam,"WINNER! As a valued customer, you have been selected to receive a FREE iPhone 15 Pro. Reply CLAIM to 99100 or click http://fast-loan-app.co today only!"
ham,I'll bring my laptop charger with me so we can work on the lab assignment.
ham,The results for the midterm examination will be announced next Monday.
ham,Your order #15289 has been delivered successfully. Thank you for shopping with us.
ham,I'll bring my laptop charger with me so we can work on the lab assignment.
ham,Can you please review the merge request I raised on the repository?
spam,"ALERT: Unclaimed lottery reward of $1,000 waiting for your mobile number. Call +1-800-555-0199 now to transfer funds to your bank account."
ham,Just reached home safely. Let me know when you reach your hostel.
ham,"Hi Rahul, hope you are doing well! It's been a while since we talked."
ham,"Yes, I already verified the cluster configuration on Spark master node."
spam,"CONGRATULATIONS! You have won a cash prize of $1,000 in the National Telecom Lottery! Call +1-800-555-0199 or visit http://fast-loan-app.co to claim now. T&C apply."
ham,"Ok, I will reach college by 4:15 PM. Please save a seat for me."
spam,URGENT! Your bank account ending in 7223 has been suspended due to suspicious activity. Verify immediately at http://fast-loan-app.co to avoid permanent freeze.
ham,"Don't worry about the presentation, we have prepared all the slides well."
spam,"ALERT: Unclaimed lottery reward of $10,000 waiting for your mobile number. Call +1-888-920-1144 now to transfer funds to your bank account."
ham,I'll bring my laptop charger with me so we can work on the lab assignment.
ham,The results for the midterm examination will be announced next Monday.
spam,Congratulations! You qualify for debt forgiveness and credit score repair. Call our financial counselor now at +1-888-920-1144 to eliminate debt.
ham,"Don't worry about the presentation, we have prepared all the slides well."
ham,"I checked the PySpark MLlib documentation, the parameter is elasticNetParam."
ham,"I am stuck in traffic near the circle, will be delayed by 15 minutes."
ham,Happy Birthday Priya! Wishing you a wonderful and successful year ahead.
ham,Your OTP for net banking login is 156102. Valid for 10 minutes. Do not share.
ham,The results for the midterm examination will be announced next Monday.
spam,"ALERT: Unclaimed lottery reward of $100,000 waiting for your mobile number. Call +1-800-419-7820 now to transfer funds to your bank account."
ham,The library book 'Introduction to Algorithms' is due for return on Friday.
spam,Hot singles in your area want to meet you tonight! Click http://secure-verify.net to chat live and browse profiles for free.
ham,Your OTP for net banking login is 270555. Valid for 10 minutes. Do not share.
ham,See you tomorrow at 9 AM sharp in the computer lab.
spam,Congratulations! You qualify for debt forgiveness and credit score repair. Call our financial counselor now at +1-800-419-7820 to eliminate debt.
ham,"I checked the PySpark MLlib documentation, the parameter is elasticNetParam."
ham,The results for the midterm examination will be announced next Monday.
ham,Your order #48197 has been delivered successfully. Thank you for shopping with us.
spam,"ALERT: Unclaimed lottery reward of $1,000 waiting for your mobile number. Call +1-800-419-7820 now to transfer funds to your bank account."
ham,Thanks for the help earlier! Really appreciate your quick response.
ham,See you tomorrow at 9 AM sharp in the computer lab.
ham,"Don't worry about the presentation, we have prepared all the slides well."
ham,Happy Birthday Ananya! Wishing you a wonderful and successful year ahead.
ham,"I am stuck in traffic near the circle, will be delayed by 15 minutes."
ham,Happy Birthday Arjun! Wishing you a wonderful and successful year ahead.
ham,The exam schedule has been released on the university student portal.
ham,The library book 'Introduction to Algorithms' is due for return on Friday.
spam,Special promotional offer: 100 GB High Speed 5G Data for just $1.99! Recharge now at http://secure-verify.net before the offer expires at midnight.
ham,"Ok, I will reach college by 3:30 PM. Please save a seat for me."
ham,Got your email with the dataset CSV. Loading it into Spark DataFrame now.
spam,Exclusive Offer! Get 85% discount on top designer watches and luxury perfumes. Shop now at http://gift-portal.com. Limited stocks available!
ham,I'll bring my laptop charger with me so we can work on the lab assignment.
ham,Good morning! Remember to submit the lab record before 5 PM today.
ham,The bus is arriving at platform 4 in five minutes.
ham,"Don't worry about the presentation, we have prepared all the slides well."
ham,"Yes, I already verified the cluster configuration on Spark master node."
ham,Can you please review the merge request I raised on the repository?
ham,The library book 'Introduction to Algorithms' is due for return on Friday.
spam,Congratulations! You qualify for debt forgiveness and credit score repair. Call our financial counselor now at +1-888-920-1144 to eliminate debt.
ham,Your OTP for net banking login is 603164. Valid for 10 minutes. Do not share.
ham,Can you share the lecture slides from yesterday's distributed computing class?
ham,Can you share the lecture slides from yesterday's distributed computing class?
ham,Can you share the lecture slides from yesterday's distributed computing class?
ham,Got your email with the dataset CSV. Loading it into Spark DataFrame now.
ham,Can you share the lecture slides from yesterday's distributed computing class?
ham,"I checked the PySpark MLlib documentation, the parameter is elasticNetParam."
ham,See you tomorrow at 9 AM sharp in the computer lab.
ham,"Ok, I will reach college by 2:00 PM. Please save a seat for me."
ham,Your order #43700 has been delivered successfully. Thank you for shopping with us.
ham,Can you please review the merge request I raised on the repository?
ham,The exam schedule has been released on the university student portal.
ham,Did you complete the Big Data Analytics practical assignment for this week?
ham,"Call me whenever you get free, need to discuss the weekend plans."
ham,"I checked the PySpark MLlib documentation, the parameter is elasticNetParam."
ham,The results for the midterm examination will be announced next Monday.
ham,Are you coming to the seminar on Cloud Computing and Spark in the auditorium?
ham,Your order #82515 has been delivered successfully. Thank you for shopping with us.
spam,Hot singles in your area want to meet you tonight! Click http://gift-portal.com to chat live and browse profiles for free.
ham,Thanks for the help earlier! Really appreciate your quick response.
ham,The exam schedule has been released on the university student portal.
ham,Thanks for the help earlier! Really appreciate your quick response.
ham,Your OTP for net banking login is 823975. Valid for 10 minutes. Do not share.
ham,Thanks for the help earlier! Really appreciate your quick response.
spam,Get rich quick with guaranteed daily returns of 25% on crypto trading! Join our VIP Telegram channel at http://secure-verify.net. No prior experience needed.
ham,Your OTP for net banking login is 211892. Valid for 10 minutes. Do not share.
spam,URGENT NOTICE: Your package delivery has been put on hold due to missing delivery address. Pay $1.50 redelivery fee at http://secure-verify.net.
ham,Did you complete the Big Data Analytics practical assignment for this week?
ham,Can you share the lecture slides from yesterday's distributed computing class?
ham,"Don't worry about the presentation, we have prepared all the slides well."
ham,Can you please review the merge request I raised on the repository?
ham,"Don't worry about the presentation, we have prepared all the slides well."
ham,"Call me whenever you get free, need to discuss the weekend plans."
spam,You have won a free 4-night luxury holiday voucher to Bali! Reply YES to 77331 to receive your booking code immediately.
ham,Did you complete the Big Data Analytics practical assignment for this week?
ham,Got your email with the dataset CSV. Loading it into Spark DataFrame now.
ham,See you tomorrow at 9 AM sharp in the computer lab.
ham,The exam schedule has been released on the university student portal.
ham,Happy Birthday Rohan! Wishing you a wonderful and successful year ahead.
ham,Good morning! Remember to submit the lab record before 5 PM today.
ham,Are you coming to the seminar on Cloud Computing and Spark in the auditorium?
ham,"Hi Arjun, hope you are doing well! It's been a while since we talked."
spam,Congratulations! You qualify for debt forgiveness and credit score repair. Call our financial counselor now at +1-800-419-7820 to eliminate debt.
ham,Can you share the lecture slides from yesterday's distributed computing class?
ham,Got your email with the dataset CSV. Loading it into Spark DataFrame now.
ham,"Call me whenever you get free, need to discuss the weekend plans."
ham,"Don't worry about the presentation, we have prepared all the slides well."
ham,"Call me whenever you get free, need to discuss the weekend plans."
ham,The results for the midterm examination will be announced next Monday.
spam,Special promotional offer: 100 GB High Speed 5G Data for just $1.99! Recharge now at http://secure-verify.net before the offer expires at midnight.
ham,Where should we order lunch from today? Pizza or sandwiches?
ham,Let's catch up over coffee this evening at the student cafeteria.
ham,Happy Birthday Sneha! Wishing you a wonderful and successful year ahead.
ham,"I am stuck in traffic near the circle, will be delayed by 15 minutes."
ham,"Don't worry about the presentation, we have prepared all the slides well."
ham,"Yes, I already verified the cluster configuration on Spark master node."
ham,"Call me whenever you get free, need to discuss the weekend plans."
spam,Exclusive Offer! Get 85% discount on top designer watches and luxury perfumes. Shop now at http://gift-portal.com. Limited stocks available!
ham,"Hi Rohan, hope you are doing well! It's been a while since we talked."
spam,Special promotional offer: 100 GB High Speed 5G Data for just $1.99! Recharge now at http://spam-claim.biz before the offer expires at midnight.
ham,Please send me the PDF notes for Unit 4 data visualization.
ham,"Don't worry about the presentation, we have prepared all the slides well."
ham,Mom asked if you will be coming home for dinner tonight.
ham,Your OTP for net banking login is 560289. Valid for 10 minutes. Do not share.
ham,Where should we order lunch from today? Pizza or sandwiches?
spam,"CONGRATULATIONS! You have won a cash prize of $1,000 in the National Telecom Lottery! Call +1-800-555-0199 or visit http://spam-claim.biz to claim now. T&C apply."
spam,"FREE entry into our weekly $1,000 sweepstakes! Text WIN to 55444 now to register your free lucky draw ticket."
ham,"I checked the PySpark MLlib documentation, the parameter is elasticNetParam."
ham,"Ok, I will reach college by 3:30 PM. Please save a seat for me."
ham,"I checked the PySpark MLlib documentation, the parameter is elasticNetParam."
spam,You have won a free 4-night luxury holiday voucher to Bali! Reply YES to 88202 to receive your booking code immediately.
ham,Good morning! Remember to submit the lab record before 5 PM today.
ham,Just reached home safely. Let me know when you reach your hostel.
ham,Can you share the lecture slides from yesterday's distributed computing class?
ham,Can you share the lecture slides from yesterday's distributed computing class?
ham,"Ok, I will reach college by 10:30 AM. Please save a seat for me."
spam,URGENT NOTICE: Your package delivery has been put on hold due to missing delivery address. Pay $1.50 redelivery fee at http://secure-verify.net.
spam,"ALERT: Unclaimed lottery reward of $5,000 waiting for your mobile number. Call +1-888-920-1144 now to transfer funds to your bank account."
ham,Mom asked if you will be coming home for dinner tonight.
ham,"Don't worry about the presentation, we have prepared all the slides well."
ham,"Hey Tanvi, are we still meeting for the project discussion at 2:00 PM today?"
ham,The bus is arriving at platform 4 in five minutes.
ham,"Don't worry about the presentation, we have prepared all the slides well."
ham,Are you coming to the seminar on Cloud Computing and Spark in the auditorium?
ham,Can you share the lecture slides from yesterday's distributed computing class?
ham,Please send me the PDF notes for Unit 4 data visualization.
ham,"Don't worry about the presentation, we have prepared all the slides well."
ham,"I checked the PySpark MLlib documentation, the parameter is elasticNetParam."
ham,"Call me whenever you get free, need to discuss the weekend plans."
ham,"Call me whenever you get free, need to discuss the weekend plans."
ham,"I am stuck in traffic near the circle, will be delayed by 15 minutes."
ham,"Yes, I already verified the cluster configuration on Spark master node."
ham,Your order #83798 has been delivered successfully. Thank you for shopping with us.
ham,Are you coming to the seminar on Cloud Computing and Spark in the auditorium?
spam,Special promotional offer: 100 GB High Speed 5G Data for just $1.99! Recharge now at http://fast-loan-app.co before the offer expires at midnight.
spam,"WINNER! As a valued customer, you have been selected to receive a FREE iPhone 15 Pro. Reply CLAIM to 77331 or click http://promo-deal.info today only!"
spam,"FREE entry into our weekly $50,000 sweepstakes! Text WIN to 99100 now to register your free lucky draw ticket."
ham,"Ok, I will reach college by 2:00 PM. Please save a seat for me."
ham,The library book 'Introduction to Algorithms' is due for return on Friday.
ham,Happy Birthday Ananya! Wishing you a wonderful and successful year ahead.
ham,"Call me whenever you get free, need to discuss the weekend plans."
ham,"Call me whenever you get free, need to discuss the weekend plans."
spam,URGENT NOTICE: Your package delivery has been put on hold due to missing delivery address. Pay $1.50 redelivery fee at http://gift-portal.com.
ham,Got your email with the dataset CSV. Loading it into Spark DataFrame now.
ham,Please send me the PDF notes for Unit 4 data visualization.
ham,Can you please review the merge request I raised on the repository?
spam,Get rich quick with guaranteed daily returns of 25% on crypto trading! Join our VIP Telegram channel at http://fast-loan-app.co. No prior experience needed.
ham,"I am stuck in traffic near the circle, will be delayed by 15 minutes."
ham,The bus is arriving at platform 4 in five minutes.
ham,Can you share the lecture slides from yesterday's distributed computing class?
ham,"Don't worry about the presentation, we have prepared all the slides well."
ham,Let's catch up over coffee this evening at the student cafeteria.
ham,The library book 'Introduction to Algorithms' is due for return on Friday.
ham,The results for the midterm examination will be announced next Monday.
ham,"I checked the PySpark MLlib documentation, the parameter is elasticNetParam."
ham,Please send me the PDF notes for Unit 4 data visualization.
ham,The library book 'Introduction to Algorithms' is due for return on Friday.
ham,Please send me the PDF notes for Unit 4 data visualization.
ham,Happy Birthday Ananya! Wishing you a wonderful and successful year ahead.
ham,"Ok, I will reach college by 11:00 AM. Please save a seat for me."
spam,Congratulations! You qualify for debt forgiveness and credit score repair. Call our financial counselor now at +1-800-555-0199 to eliminate debt.
ham,Did you complete the Big Data Analytics practical assignment for this week?
ham,"Hi Rohan, hope you are doing well! It's been a while since we talked."
ham,Where should we order lunch from today? Pizza or sandwiches?
ham,Can you share the lecture slides from yesterday's distributed computing class?
ham,The library book 'Introduction to Algorithms' is due for return on Friday.
ham,Where should we order lunch from today? Pizza or sandwiches?
spam,"WINNER! As a valued customer, you have been selected to receive a FREE iPhone 15 Pro. Reply CLAIM to 99100 or click http://gift-portal.com today only!"
ham,Just reached home safely. Let me know when you reach your hostel.
ham,Are you coming to the seminar on Cloud Computing and Spark in the auditorium?
ham,Mom asked if you will be coming home for dinner tonight.
ham,Got your email with the dataset CSV. Loading it into Spark DataFrame now.
ham,Can you please review the merge request I raised on the repository?
ham,"Call me whenever you get free, need to discuss the weekend plans."
ham,See you tomorrow at 9 AM sharp in the computer lab.
ham,Please find attached the updated project report and data pipeline code.
ham,Are you coming to the seminar on Cloud Computing and Spark in the auditorium?
ham,The results for the midterm examination will be announced next Monday.
ham,The library book 'Introduction to Algorithms' is due for return on Friday.
ham,"Yes, I already verified the cluster configuration on Spark master node."
spam,"FREE entry into our weekly $100,000 sweepstakes! Text WIN to 77331 now to register your free lucky draw ticket."
ham,Please find attached the updated project report and data pipeline code.
ham,Where should we order lunch from today? Pizza or sandwiches?
ham,Can you please review the merge request I raised on the repository?
ham,Your order #98219 has been delivered successfully. Thank you for shopping with us.
ham,Let's catch up over coffee this evening at the student cafeteria.
ham,"I am stuck in traffic near the circle, will be delayed by 15 minutes."
spam,URGENT NOTICE: Your package delivery has been put on hold due to missing delivery address. Pay $1.50 redelivery fee at http://spam-claim.biz.
spam,You have won a free 4-night luxury holiday voucher to Bali! Reply YES to 99100 to receive your booking code immediately.
ham,"Don't worry about the presentation, we have prepared all the slides well."
ham,Your order #89182 has been delivered successfully. Thank you for shopping with us.
ham,Your OTP for net banking login is 398701. Valid for 10 minutes. Do not share.
ham,Can you share the lecture slides from yesterday's distributed computing class?
ham,"Call me whenever you get free, need to discuss the weekend plans."
spam,"FREE entry into our weekly $5,000 sweepstakes! Text WIN to 55444 now to register your free lucky draw ticket."
ham,Got your email with the dataset CSV. Loading it into Spark DataFrame now.
ham,Can you please review the merge request I raised on the repository?
ham,Let's catch up over coffee this evening at the student cafeteria.
ham,Please send me the PDF notes for Unit 4 data visualization.
ham,"I checked the PySpark MLlib documentation, the parameter is elasticNetParam."
ham,Please send me the PDF notes for Unit 4 data visualization.
ham,"Call me whenever you get free, need to discuss the weekend plans."
ham,"Hi Ananya, hope you are doing well! It's been a while since we talked."
ham,Did you complete the Big Data Analytics practical assignment for this week?
spam,Hot singles in your area want to meet you tonight! Click http://gift-portal.com to chat live and browse profiles for free.
ham,Can you share the lecture slides from yesterday's distributed computing class?
ham,"Call me whenever you get free, need to discuss the weekend plans."
ham,Got your email with the dataset CSV. Loading it into Spark DataFrame now.
ham,The results for the midterm examination will be announced next Monday.
spam,Exclusive Offer! Get 85% discount on top designer watches and luxury perfumes. Shop now at http://promo-deal.info. Limited stocks available!
ham,Your OTP for net banking login is 454808. Valid for 10 minutes. Do not share.
ham,Just reached home safely. Let me know when you reach your hostel.
ham,Please send me the PDF notes for Unit 4 data visualization.
ham,Where should we order lunch from today? Pizza or sandwiches?
ham,The library book 'Introduction to Algorithms' is due for return on Friday.
spam,"WINNER! As a valued customer, you have been selected to receive a FREE iPhone 15 Pro. Reply CLAIM to 77331 or click http://secure-verify.net today only!"
ham,Your OTP for net banking login is 211193. Valid for 10 minutes. Do not share.
ham,"Ok, I will reach college by 4:15 PM. Please save a seat for me."
ham,Happy Birthday Neha! Wishing you a wonderful and successful year ahead.
ham,Are you coming to the seminar on Cloud Computing and Spark in the auditorium?
ham,"Call me whenever you get free, need to discuss the weekend plans."
spam,"FREE entry into our weekly $10,000 sweepstakes! Text WIN to 99100 now to register your free lucky draw ticket."
ham,The bus is arriving at platform 4 in five minutes.
spam,"WINNER! As a valued customer, you have been selected to receive a FREE iPhone 15 Pro. Reply CLAIM to 77331 or click http://spam-claim.biz today only!"
ham,"Hey Pooja, are we still meeting for the project discussion at 5:00 PM today?"
spam,Double your mobile balance today! Send FREE to 55444 and get instant 200% bonus talktime and data packs.
ham,See you tomorrow at 9 AM sharp in the computer lab.
ham,The library book 'Introduction to Algorithms' is due for return on Friday.
ham,"Hi Rahul, hope you are doing well! It's been a while since we talked."
ham,The results for the midterm examination will be announced next Monday.
ham,Please find attached the updated project report and data pipeline code.
ham,Where should we order lunch from today? Pizza or sandwiches?
spam,"CONGRATULATIONS! You have won a cash prize of $1,000 in the National Telecom Lottery! Call +1-800-555-0199 or visit http://promo-deal.info to claim now. T&C apply."
ham,Did you complete the Big Data Analytics practical assignment for this week?
ham,The bus is arriving at platform 4 in five minutes.
spam,You have won a free 4-night luxury holiday voucher to Bali! Reply YES to 55444 to receive your booking code immediately.
spam,Double your mobile balance today! Send FREE to 77331 and get instant 200% bonus talktime and data packs.
ham,The exam schedule has been released on the university student portal.
spam,Congratulations! You qualify for debt forgiveness and credit score repair. Call our financial counselor now at +1-888-920-1144 to eliminate debt.
ham,Good morning! Remember to submit the lab record before 5 PM today.
spam,Double your mobile balance today! Send FREE to 99100 and get instant 200% bonus talktime and data packs.
spam,URGENT NOTICE: Your package delivery has been put on hold due to missing delivery address. Pay $1.50 redelivery fee at http://secure-verify.net.
ham,"I checked the PySpark MLlib documentation, the parameter is elasticNetParam."
ham,I'll bring my laptop charger with me so we can work on the lab assignment.
spam,"WINNER! As a valued customer, you have been selected to receive a FREE iPhone 15 Pro. Reply CLAIM to 99100 or click http://fast-loan-app.co today only!"
spam,URGENT! Your bank account ending in 1625 has been suspended due to suspicious activity. Verify immediately at http://spam-claim.biz to avoid permanent freeze.
ham,Got your email with the dataset CSV. Loading it into Spark DataFrame now.
ham,Are you coming to the seminar on Cloud Computing and Spark in the auditorium?
spam,"FREE entry into our weekly $1,000 sweepstakes! Text WIN to 99100 now to register your free lucky draw ticket."
ham,Please find attached the updated project report and data pipeline code.
ham,Please find attached the updated project report and data pipeline code.
ham,Just reached home safely. Let me know when you reach your hostel.
ham,The library book 'Introduction to Algorithms' is due for return on Friday.
ham,Can you share the lecture slides from yesterday's distributed computing class?
ham,Can you please review the merge request I raised on the repository?
ham,Happy Birthday Rohan! Wishing you a wonderful and successful year ahead.
ham,The bus is arriving at platform 4 in five minutes.
ham,"Call me whenever you get free, need to discuss the weekend plans."
ham,Let's catch up over coffee this evening at the student cafeteria.
ham,"I am stuck in traffic near the circle, will be delayed by 15 minutes."
ham,Just reached home safely. Let me know when you reach your hostel.
spam,Congratulations! You qualify for debt forgiveness and credit score repair. Call our financial counselor now at +44-20-7946-0921 to eliminate debt.
ham,Did you complete the Big Data Analytics practical assignment for this week?
ham,Please find attached the updated project report and data pipeline code.
spam,"ALERT: Unclaimed lottery reward of $50,000 waiting for your mobile number. Call +1-888-920-1144 now to transfer funds to your bank account."
ham,See you tomorrow at 9 AM sharp in the computer lab.
ham,The results for the midterm examination will be announced next Monday.
ham,Can you please review the merge request I raised on the repository?
ham,"Ok, I will reach college by 10:30 AM. Please save a seat for me."
ham,"Don't worry about the presentation, we have prepared all the slides well."
ham,"Yes, I already verified the cluster configuration on Spark master node."
ham,Are you coming to the seminar on Cloud Computing and Spark in the auditorium?
spam,"Dear Customer, your electricity connection will be disconnected tonight at 9:30 PM due to unpaid bill. Call helpline +44-20-7946-0921 immediately."
ham,"Call me whenever you get free, need to discuss the weekend plans."
ham,Just reached home safely. Let me know when you reach your hostel.
ham,The results for the midterm examination will be announced next Monday.
ham,Happy Birthday Tanvi! Wishing you a wonderful and successful year ahead.
ham,"I checked the PySpark MLlib documentation, the parameter is elasticNetParam."
ham,Just reached home safely. Let me know when you reach your hostel.
ham,"Yes, I already verified the cluster configuration on Spark master node."
ham,Happy Birthday Tanvi! Wishing you a wonderful and successful year ahead.
ham,"I checked the PySpark MLlib documentation, the parameter is elasticNetParam."
ham,"I checked the PySpark MLlib documentation, the parameter is elasticNetParam."
ham,I'll bring my laptop charger with me so we can work on the lab assignment.
spam,Special promotional offer: 100 GB High Speed 5G Data for just $1.99! Recharge now at http://promo-deal.info before the offer expires at midnight.
ham,See you tomorrow at 9 AM sharp in the computer lab.
ham,"I am stuck in traffic near the circle, will be delayed by 15 minutes."
ham,I'll bring my laptop charger with me so we can work on the lab assignment.
ham,Where should we order lunch from today? Pizza or sandwiches?
ham,"I checked the PySpark MLlib documentation, the parameter is elasticNetParam."
spam,"Dear Customer, your electricity connection will be disconnected tonight at 9:30 PM due to unpaid bill. Call helpline +1-888-920-1144 immediately."
ham,"Ok, I will reach college by 11:00 AM. Please save a seat for me."
ham,Did you complete the Big Data Analytics practical assignment for this week?
ham,I'll bring my laptop charger with me so we can work on the lab assignment.
ham,Good morning! Remember to submit the lab record before 5 PM today.
ham,"Hi Rohan, hope you are doing well! It's been a while since we talked."
ham,"Ok, I will reach college by 11:00 AM. Please save a seat for me."
spam,"ALERT: Unclaimed lottery reward of $50,000 waiting for your mobile number. Call +1-800-555-0199 now to transfer funds to your bank account."
spam,"ALERT: Unclaimed lottery reward of $10,000 waiting for your mobile number. Call +1-800-555-0199 now to transfer funds to your bank account."
ham,The exam schedule has been released on the university student portal.
ham,"Ok, I will reach college by 3:30 PM. Please save a seat for me."
ham,"Hi Arjun, hope you are doing well! It's been a while since we talked."
spam,"Dear Customer, your electricity connection will be disconnected tonight at 9:30 PM due to unpaid bill. Call helpline +1-800-419-7820 immediately."
ham,The exam schedule has been released on the university student portal.
ham,Just reached home safely. Let me know when you reach your hostel.
ham,Are you coming to the seminar on Cloud Computing and Spark in the auditorium?
ham,"Yes, I already verified the cluster configuration on Spark master node."
spam,URGENT! Your bank account ending in 8972 has been suspended due to suspicious activity. Verify immediately at http://gift-portal.com to avoid permanent freeze.
ham,Please send me the PDF notes for Unit 4 data visualization.
spam,Hot singles in your area want to meet you tonight! Click http://gift-portal.com to chat live and browse profiles for free.
ham,The bus is arriving at platform 4 in five minutes.
spam,Hot singles in your area want to meet you tonight! Click http://spam-claim.biz to chat live and browse profiles for free.
ham,Got your email with the dataset CSV. Loading it into Spark DataFrame now.
ham,"Yes, I already verified the cluster configuration on Spark master node."
ham,The bus is arriving at platform 4 in five minutes.
ham,"I am stuck in traffic near the circle, will be delayed by 15 minutes."
ham,Thanks for the help earlier! Really appreciate your quick response.
ham,Just reached home safely. Let me know when you reach your hostel.
spam,Congratulations! You qualify for debt forgiveness and credit score repair. Call our financial counselor now at +1-800-555-0199 to eliminate debt.
ham,The bus is arriving at platform 4 in five minutes.
ham,Can you share the lecture slides from yesterday's distributed computing class?
spam,"Instant Personal Loan approved up to $25,000 with 0% processing fee and minimal documentation! Apply within 2 hours at http://promo-deal.info."
ham,"Yes, I already verified the cluster configuration on Spark master node."
ham,The exam schedule has been released on the university student portal.
ham,Did you complete the Big Data Analytics practical assignment for this week?
ham,Got your email with the dataset CSV. Loading it into Spark DataFrame now.
spam,"Dear Customer, your electricity connection will be disconnected tonight at 9:30 PM due to unpaid bill. Call helpline +44-20-7946-0921 immediately."
ham,Your OTP for net banking login is 115446. Valid for 10 minutes. Do not share.
ham,"Hey Rahul, are we still meeting for the project discussion at 4:15 PM today?"
ham,Can you share the lecture slides from yesterday's distributed computing class?
ham,Your order #66455 has been delivered successfully. Thank you for shopping with us.
ham,Good morning! Remember to submit the lab record before 5 PM today.
ham,See you tomorrow at 9 AM sharp in the computer lab.
ham,"Hey Rahul, are we still meeting for the project discussion at 5:00 PM today?"
ham,Happy Birthday Rahul! Wishing you a wonderful and successful year ahead.
ham,Can you share the lecture slides from yesterday's distributed computing class?
ham,"Don't worry about the presentation, we have prepared all the slides well."
ham,The exam schedule has been released on the university student portal.
ham,The exam schedule has been released on the university student portal.
spam,"Dear Customer, your electricity connection will be disconnected tonight at 9:30 PM due to unpaid bill. Call helpline +1-800-419-7820 immediately."
ham,"Hi Priya, hope you are doing well! It's been a while since we talked."
ham,Are you coming to the seminar on Cloud Computing and Spark in the auditorium?
ham,"Call me whenever you get free, need to discuss the weekend plans."
ham,Thanks for the help earlier! Really appreciate your quick response.
ham,Let's catch up over coffee this evening at the student cafeteria.
ham,The exam schedule has been released on the university student portal.
ham,The results for the midterm examination will be announced next Monday.
ham,Just reached home safely. Let me know when you reach your hostel.
ham,Please find attached the updated project report and data pipeline code.
ham,Where should we order lunch from today? Pizza or sandwiches?
ham,Good morning! Remember to submit the lab record before 5 PM today.
ham,Can you share the lecture slides from yesterday's distributed computing class?
ham,Are you coming to the seminar on Cloud Computing and Spark in the auditorium?
ham,"Hi Karan, hope you are doing well! It's been a while since we talked."
ham,Mom asked if you will be coming home for dinner tonight.
ham,"Don't worry about the presentation, we have prepared all the slides well."
ham,"Ok, I will reach college by 10:30 AM. Please save a seat for me."
ham,Good morning! Remember to submit the lab record before 5 PM today.
ham,"I am stuck in traffic near the circle, will be delayed by 15 minutes."
ham,Let's catch up over coffee this evening at the student cafeteria.
spam,"FREE entry into our weekly $1,000 sweepstakes! Text WIN to 99100 now to register your free lucky draw ticket."
ham,The bus is arriving at platform 4 in five minutes.
ham,Please find attached the updated project report and data pipeline code.
spam,URGENT NOTICE: Your package delivery has been put on hold due to missing delivery address. Pay $1.50 redelivery fee at http://fast-loan-app.co.
ham,The bus is arriving at platform 4 in five minutes.
ham,Thanks for the help earlier! Really appreciate your quick response.
ham,I'll bring my laptop charger with me so we can work on the lab assignment.
ham,"Yes, I already verified the cluster configuration on Spark master node."
spam,"Dear Customer, your electricity connection will be disconnected tonight at 9:30 PM due to unpaid bill. Call helpline +44-20-7946-0921 immediately."
ham,Just reached home safely. Let me know when you reach your hostel.
spam,Get rich quick with guaranteed daily returns of 25% on crypto trading! Join our VIP Telegram channel at http://fast-loan-app.co. No prior experience needed.
ham,"I checked the PySpark MLlib documentation, the parameter is elasticNetParam."
ham,"I am stuck in traffic near the circle, will be delayed by 15 minutes."
spam,"Dear Customer, your electricity connection will be disconnected tonight at 9:30 PM due to unpaid bill. Call helpline +44-20-7946-0921 immediately."
ham,Just reached home safely. Let me know when you reach your hostel.
ham,Did you complete the Big Data Analytics practical assignment for this week?
ham,The results for the midterm examination will be announced next Monday.
ham,"Don't worry about the presentation, we have prepared all the slides well."
spam,You have won a free 4-night luxury holiday voucher to Bali! Reply YES to 88202 to receive your booking code immediately.
ham,See you tomorrow at 9 AM sharp in the computer lab.
spam,URGENT! Your bank account ending in 1303 has been suspended due to suspicious activity. Verify immediately at http://promo-deal.info to avoid permanent freeze.
ham,Can you please review the merge request I raised on the repository?
ham,Happy Birthday Pooja! Wishing you a wonderful and successful year ahead.
ham,Please send me the PDF notes for Unit 4 data visualization.
ham,Happy Birthday Rohan! Wishing you a wonderful and successful year ahead.
ham,Please send me the PDF notes for Unit 4 data visualization.
spam,Hot singles in your area want to meet you tonight! Click http://secure-verify.net to chat live and browse profiles for free.
spam,Hot singles in your area want to meet you tonight! Click http://fast-loan-app.co to chat live and browse profiles for free.
ham,The results for the midterm examination will be announced next Monday.
ham,"I checked the PySpark MLlib documentation, the parameter is elasticNetParam."
ham,The bus is arriving at platform 4 in five minutes.
ham,The bus is arriving at platform 4 in five minutes.
ham,The library book 'Introduction to Algorithms' is due for return on Friday.
spam,"WINNER! As a valued customer, you have been selected to receive a FREE iPhone 15 Pro. Reply CLAIM to 77331 or click http://gift-portal.com today only!"
ham,The library book 'Introduction to Algorithms' is due for return on Friday.
spam,Hot singles in your area want to meet you tonight! Click http://promo-deal.info to chat live and browse profiles for free.
spam,Congratulations! You qualify for debt forgiveness and credit score repair. Call our financial counselor now at +1-888-920-1144 to eliminate debt.
ham,The library book 'Introduction to Algorithms' is due for return on Friday.
ham,Are you coming to the seminar on Cloud Computing and Spark in the auditorium?
ham,Just reached home safely. Let me know when you reach your hostel.
ham,Your OTP for net banking login is 916749. Valid for 10 minutes. Do not share.
ham,"I checked the PySpark MLlib documentation, the parameter is elasticNetParam."
ham,Your order #13578 has been delivered successfully. Thank you for shopping with us.
ham,Let's catch up over coffee this evening at the student cafeteria.
ham,Did you complete the Big Data Analytics practical assignment for this week?
ham,"Don't worry about the presentation, we have prepared all the slides well."
spam,"ALERT: Unclaimed lottery reward of $100,000 waiting for your mobile number. Call +44-20-7946-0921 now to transfer funds to your bank account."
ham,Can you please review the merge request I raised on the repository?
ham,"Call me whenever you get free, need to discuss the weekend plans."
spam,Congratulations! You qualify for debt forgiveness and credit score repair. Call our financial counselor now at +44-20-7946-0921 to eliminate debt.
ham,Got your email with the dataset CSV. Loading it into Spark DataFrame now.
ham,I'll bring my laptop charger with me so we can work on the lab assignment.
ham,I'll bring my laptop charger with me so we can work on the lab assignment.
ham,See you tomorrow at 9 AM sharp in the computer lab.
ham,Your OTP for net banking login is 643899. Valid for 10 minutes. Do not share.
ham,Let's catch up over coffee this evening at the student cafeteria.
ham,Mom asked if you will be coming home for dinner tonight.
ham,"I am stuck in traffic near the circle, will be delayed by 15 minutes."
ham,"Ok, I will reach college by 2:00 PM. Please save a seat for me."
ham,Can you share the lecture slides from yesterday's distributed computing class?
ham,"Ok, I will reach college by 4:15 PM. Please save a seat for me."
spam,URGENT! Your bank account ending in 8352 has been suspended due to suspicious activity. Verify immediately at http://spam-claim.biz to avoid permanent freeze.
ham,Please find attached the updated project report and data pipeline code.
ham,Can you please review the merge request I raised on the repository?
ham,Got your email with the dataset CSV. Loading it into Spark DataFrame now.
ham,"Hey Sneha, are we still meeting for the project discussion at 11:00 AM today?"
ham,Got your email with the dataset CSV. Loading it into Spark DataFrame now.
ham,Thanks for the help earlier! Really appreciate your quick response.
spam,"FREE entry into our weekly $50,000 sweepstakes! Text WIN to 77331 now to register your free lucky draw ticket."
ham,Please send me the PDF notes for Unit 4 data visualization.
ham,"I checked the PySpark MLlib documentation, the parameter is elasticNetParam."
ham,The bus is arriving at platform 4 in five minutes.
ham,Got your email with the dataset CSV. Loading it into Spark DataFrame now.
ham,Just reached home safely. Let me know when you reach your hostel.
ham,Just reached home safely. Let me know when you reach your hostel.
ham,Please find attached the updated project report and data pipeline code.
ham,"Call me whenever you get free, need to discuss the weekend plans."
ham,Can you please review the merge request I raised on the repository?
ham,The exam schedule has been released on the university student portal.
ham,The exam schedule has been released on the university student portal.
spam,Special promotional offer: 100 GB High Speed 5G Data for just $1.99! Recharge now at http://secure-verify.net before the offer expires at midnight.
spam,Hot singles in your area want to meet you tonight! Click http://gift-portal.com to chat live and browse profiles for free.
ham,Can you share the lecture slides from yesterday's distributed computing class?
ham,Can you please review the merge request I raised on the repository?
ham,The results for the midterm examination will be announced next Monday.
ham,"Don't worry about the presentation, we have prepared all the slides well."
spam,"CONGRATULATIONS! You have won a cash prize of $5,000 in the National Telecom Lottery! Call +1-888-920-1144 or visit http://spam-claim.biz to claim now. T&C apply."
ham,The bus is arriving at platform 4 in five minutes.
spam,Special promotional offer: 100 GB High Speed 5G Data for just $1.99! Recharge now at http://promo-deal.info before the offer expires at midnight.
spam,URGENT NOTICE: Your package delivery has been put on hold due to missing delivery address. Pay $1.50 redelivery fee at http://secure-verify.net.
ham,Did you complete the Big Data Analytics practical assignment for this week?
ham,"I am stuck in traffic near the circle, will be delayed by 15 minutes."
spam,You have won a free 4-night luxury holiday voucher to Bali! Reply YES to 88202 to receive your booking code immediately.
ham,Just reached home safely. Let me know when you reach your hostel.
ham,The exam schedule has been released on the university student portal.
ham,"Ok, I will reach college by 10:30 AM. Please save a seat for me."
ham,Let's catch up over coffee this evening at the student cafeteria.
ham,Are you coming to the seminar on Cloud Computing and Spark in the auditorium?
ham,"Hi Rohan, hope you are doing well! It's been a while since we talked."
ham,"Hi Priya, hope you are doing well! It's been a while since we talked."
ham,Can you share the lecture slides from yesterday's distributed computing class?
ham,Let's catch up over coffee this evening at the student cafeteria.
ham,Where should we order lunch from today? Pizza or sandwiches?
ham,"Don't worry about the presentation, we have prepared all the slides well."
spam,Special promotional offer: 100 GB High Speed 5G Data for just $1.99! Recharge now at http://fast-loan-app.co before the offer expires at midnight.
ham,The results for the midterm examination will be announced next Monday.
ham,Mom asked if you will be coming home for dinner tonight.
ham,Are you coming to the seminar on Cloud Computing and Spark in the auditorium?
ham,"Don't worry about the presentation, we have prepared all the slides well."
spam,"WINNER! As a valued customer, you have been selected to receive a FREE iPhone 15 Pro. Reply CLAIM to 99100 or click http://fast-loan-app.co today only!"
ham,"Hi Rohan, hope you are doing well! It's been a while since we talked."
ham,Please find attached the updated project report and data pipeline code.
ham,Mom asked if you will be coming home for dinner tonight.
ham,The library book 'Introduction to Algorithms' is due for return on Friday.
ham,Did you complete the Big Data Analytics practical assignment for this week?
ham,"Hey Arjun, are we still meeting for the project discussion at 2:00 PM today?"
ham,"Hey Vikram, are we still meeting for the project discussion at 5:00 PM today?"
ham,The library book 'Introduction to Algorithms' is due for return on Friday.
ham,See you tomorrow at 9 AM sharp in the computer lab.
ham,Did you complete the Big Data Analytics practical assignment for this week?
ham,Let's catch up over coffee this evening at the student cafeteria.
ham,"Call me whenever you get free, need to discuss the weekend plans."
spam,"Dear Customer, your electricity connection will be disconnected tonight at 9:30 PM due to unpaid bill. Call helpline +1-888-920-1144 immediately."
ham,Where should we order lunch from today? Pizza or sandwiches?
ham,"Yes, I already verified the cluster configuration on Spark master node."
ham,"I checked the PySpark MLlib documentation, the parameter is elasticNetParam."
ham,Can you please review the merge request I raised on the repository?
ham,The exam schedule has been released on the university student portal.
spam,Hot singles in your area want to meet you tonight! Click http://fast-loan-app.co to chat live and browse profiles for free.
ham,"Ok, I will reach college by 2:00 PM. Please save a seat for me."
ham,Are you coming to the seminar on Cloud Computing and Spark in the auditorium?
ham,The library book 'Introduction to Algorithms' is due for return on Friday.
ham,Happy Birthday Rohan! Wishing you a wonderful and successful year ahead.
ham,Let's catch up over coffee this evening at the student cafeteria.
ham,The exam schedule has been released on the university student portal.
ham,Did you complete the Big Data Analytics practical assignment for this week?
ham,"I checked the PySpark MLlib documentation, the parameter is elasticNetParam."
ham,The library book 'Introduction to Algorithms' is due for return on Friday.
ham,Just reached home safely. Let me know when you reach your hostel.
ham,Your OTP for net banking login is 226741. Valid for 10 minutes. Do not share.
ham,Mom asked if you will be coming home for dinner tonight.
ham,Your order #47171 has been delivered successfully. Thank you for shopping with us.
ham,Mom asked if you will be coming home for dinner tonight.
ham,Your OTP for net banking login is 311741. Valid for 10 minutes. Do not share.
spam,"CONGRATULATIONS! You have won a cash prize of $1,000 in the National Telecom Lottery! Call +1-800-555-0199 or visit http://secure-verify.net to claim now. T&C apply."
ham,Did you complete the Big Data Analytics practical assignment for this week?
ham,The results for the midterm examination will be announced next Monday.
ham,"Hey Tanvi, are we still meeting for the project discussion at 5:00 PM today?"
ham,Did you complete the Big Data Analytics practical assignment for this week?
ham,Where should we order lunch from today? Pizza or sandwiches?
ham,Are you coming to the seminar on Cloud Computing and Spark in the auditorium?
ham,The exam schedule has been released on the university student portal.
spam,Exclusive Offer! Get 85% discount on top designer watches and luxury perfumes. Shop now at http://gift-portal.com. Limited stocks available!
ham,"Hi Sneha, hope you are doing well! It's been a while since we talked."
ham,The results for the midterm examination will be announced next Monday.
ham,Let's catch up over coffee this evening at the student cafeteria.
ham,Mom asked if you will be coming home for dinner tonight.
ham,Please send me the PDF notes for Unit 4 data visualization.
ham,Can you please review the merge request I raised on the repository?
ham,Mom asked if you will be coming home for dinner tonight.
ham,See you tomorrow at 9 AM sharp in the computer lab.
ham,Just reached home safely. Let me know when you reach your hostel.
ham,Please send me the PDF notes for Unit 4 data visualization.
spam,"WINNER! As a valued customer, you have been selected to receive a FREE iPhone 15 Pro. Reply CLAIM to 55444 or click http://promo-deal.info today only!"
ham,The bus is arriving at platform 4 in five minutes.
ham,"I am stuck in traffic near the circle, will be delayed by 15 minutes."
ham,Got your email with the dataset CSV. Loading it into Spark DataFrame now.
ham,"Hi Arjun, hope you are doing well! It's been a while since we talked."
ham,Can you share the lecture slides from yesterday's distributed computing class?
ham,"Hey Rohan, are we still meeting for the project discussion at 2:00 PM today?"
ham,"Hi Sneha, hope you are doing well! It's been a while since we talked."
ham,I'll bring my laptop charger with me so we can work on the lab assignment.
ham,Just reached home safely. Let me know when you reach your hostel.
ham,The exam schedule has been released on the university student portal.
ham,"Call me whenever you get free, need to discuss the weekend plans."
spam,Exclusive Offer! Get 85% discount on top designer watches and luxury perfumes. Shop now at http://gift-portal.com. Limited stocks available!
spam,You have won a free 4-night luxury holiday voucher to Bali! Reply YES to 99100 to receive your booking code immediately.
ham,Your order #40793 has been delivered successfully. Thank you for shopping with us.
ham,"Ok, I will reach college by 4:15 PM. Please save a seat for me."
spam,"Dear Customer, your electricity connection will be disconnected tonight at 9:30 PM due to unpaid bill. Call helpline +44-20-7946-0921 immediately."
ham,Mom asked if you will be coming home for dinner tonight.
ham,Your order #88722 has been delivered successfully. Thank you for shopping with us.
ham,Are you coming to the seminar on Cloud Computing and Spark in the auditorium?
ham,Can you share the lecture slides from yesterday's distributed computing class?
spam,"FREE entry into our weekly $50,000 sweepstakes! Text WIN to 99100 now to register your free lucky draw ticket."
ham,Your order #99746 has been delivered successfully. Thank you for shopping with us.
spam,You have won a free 4-night luxury holiday voucher to Bali! Reply YES to 77331 to receive your booking code immediately.
ham,Thanks for the help earlier! Really appreciate your quick response.
ham,"Yes, I already verified the cluster configuration on Spark master node."
spam,URGENT! Your bank account ending in 1844 has been suspended due to suspicious activity. Verify immediately at http://gift-portal.com to avoid permanent freeze.
ham,Got your email with the dataset CSV. Loading it into Spark DataFrame now.
ham,Can you share the lecture slides from yesterday's distributed computing class?
ham,"I checked the PySpark MLlib documentation, the parameter is elasticNetParam."
spam,Exclusive Offer! Get 85% discount on top designer watches and luxury perfumes. Shop now at http://gift-portal.com. Limited stocks available!
spam,"Instant Personal Loan approved up to $50,000 with 0% processing fee and minimal documentation! Apply within 2 hours at http://secure-verify.net."
ham,Can you please review the merge request I raised on the repository?
spam,"FREE entry into our weekly $5,000 sweepstakes! Text WIN to 88202 now to register your free lucky draw ticket."
spam,URGENT! Your bank account ending in 6377 has been suspended due to suspicious activity. Verify immediately at http://gift-portal.com to avoid permanent freeze.
ham,"Hey Sneha, are we still meeting for the project discussion at 5:00 PM today?"
spam,Congratulations! You qualify for debt forgiveness and credit score repair. Call our financial counselor now at +1-800-555-0199 to eliminate debt.
ham,Got your email with the dataset CSV. Loading it into Spark DataFrame now.
ham,Thanks for the help earlier! Really appreciate your quick response.
ham,Please find attached the updated project report and data pipeline code.
ham,Happy Birthday Ananya! Wishing you a wonderful and successful year ahead.
ham,"Yes, I already verified the cluster configuration on Spark master node."
ham,"I am stuck in traffic near the circle, will be delayed by 15 minutes."
spam,URGENT! Your bank account ending in 6271 has been suspended due to suspicious activity. Verify immediately at http://gift-portal.com to avoid permanent freeze.
ham,Did you complete the Big Data Analytics practical assignment for this week?
spam,Get rich quick with guaranteed daily returns of 25% on crypto trading! Join our VIP Telegram channel at http://gift-portal.com. No prior experience needed.
ham,Just reached home safely. Let me know when you reach your hostel.
ham,Happy Birthday Arjun! Wishing you a wonderful and successful year ahead.
ham,Please send me the PDF notes for Unit 4 data visualization.
spam,"CONGRATULATIONS! You have won a cash prize of $50,000 in the National Telecom Lottery! Call +1-800-419-7820 or visit http://fast-loan-app.co to claim now. T&C apply."
ham,Thanks for the help earlier! Really appreciate your quick response.
ham,The bus is arriving at platform 4 in five minutes.
ham,The library book 'Introduction to Algorithms' is due for return on Friday.
ham,"Call me whenever you get free, need to discuss the weekend plans."
spam,URGENT NOTICE: Your package delivery has been put on hold due to missing delivery address. Pay $1.50 redelivery fee at http://spam-claim.biz.
spam,"Instant Personal Loan approved up to $50,000 with 0% processing fee and minimal documentation! Apply within 2 hours at http://promo-deal.info."
ham,Just reached home safely. Let me know when you reach your hostel.
ham,"Yes, I already verified the cluster configuration on Spark master node."
ham,Are you coming to the seminar on Cloud Computing and Spark in the auditorium?
ham,"I am stuck in traffic near the circle, will be delayed by 15 minutes."
ham,Just reached home safely. Let me know when you reach your hostel.
ham,Did you complete the Big Data Analytics practical assignment for this week?
ham,Thanks for the help earlier! Really appreciate your quick response.
ham,Just reached home safely. Let me know when you reach your hostel.
spam,"CONGRATULATIONS! You have won a cash prize of $5,000 in the National Telecom Lottery! Call +44-20-7946-0921 or visit http://promo-deal.info to claim now. T&C apply."
ham,Please find attached the updated project report and data pipeline code.
spam,URGENT! Your bank account ending in 9242 has been suspended due to suspicious activity. Verify immediately at http://promo-deal.info to avoid permanent freeze.
ham,See you tomorrow at 9 AM sharp in the computer lab.
ham,See you tomorrow at 9 AM sharp in the computer lab.
ham,Thanks for the help earlier! Really appreciate your quick response.
ham,Are you coming to the seminar on Cloud Computing and Spark in the auditorium?
ham,I'll bring my laptop charger with me so we can work on the lab assignment.
ham,Did you complete the Big Data Analytics practical assignment for this week?
ham,The library book 'Introduction to Algorithms' is due for return on Friday.
ham,Your OTP for net banking login is 488953. Valid for 10 minutes. Do not share.
ham,"Yes, I already verified the cluster configuration on Spark master node."
ham,"I checked the PySpark MLlib documentation, the parameter is elasticNetParam."
ham,"I am stuck in traffic near the circle, will be delayed by 15 minutes."
ham,The bus is arriving at platform 4 in five minutes.
ham,Can you share the lecture slides from yesterday's distributed computing class?
ham,Happy Birthday Amit! Wishing you a wonderful and successful year ahead.
ham,Your OTP for net banking login is 409234. Valid for 10 minutes. Do not share.
spam,Exclusive Offer! Get 85% discount on top designer watches and luxury perfumes. Shop now at http://spam-claim.biz. Limited stocks available!
ham,Can you please review the merge request I raised on the repository?
ham,The results for the midterm examination will be announced next Monday.
ham,The bus is arriving at platform 4 in five minutes.
ham,Got your email with the dataset CSV. Loading it into Spark DataFrame now.
ham,Can you share the lecture slides from yesterday's distributed computing class?
ham,"Ok, I will reach college by 3:30 PM. Please save a seat for me."
ham,Did you complete the Big Data Analytics practical assignment for this week?
ham,The library book 'Introduction to Algorithms' is due for return on Friday.
ham,"Don't worry about the presentation, we have prepared all the slides well."
ham,Mom asked if you will be coming home for dinner tonight.
ham,"Yes, I already verified the cluster configuration on Spark master node."
ham,Where should we order lunch from today? Pizza or sandwiches?
spam,"Dear Customer, your electricity connection will be disconnected tonight at 9:30 PM due to unpaid bill. Call helpline +1-888-920-1144 immediately."
ham,I'll bring my laptop charger with me so we can work on the lab assignment.
ham,The bus is arriving at platform 4 in five minutes.
ham,"Ok, I will reach college by 3:30 PM. Please save a seat for me."
ham,The library book 'Introduction to Algorithms' is due for return on Friday.
ham,Your OTP for net banking login is 683202. Valid for 10 minutes. Do not share.
ham,The exam schedule has been released on the university student portal.
ham,"Ok, I will reach college by 4:15 PM. Please save a seat for me."
spam,"Instant Personal Loan approved up to $25,000 with 0% processing fee and minimal documentation! Apply within 2 hours at http://gift-portal.com."
ham,Got your email with the dataset CSV. Loading it into Spark DataFrame now.
ham,"Hey Tanvi, are we still meeting for the project discussion at 2:00 PM today?"
ham,"Ok, I will reach college by 11:00 AM. Please save a seat for me."
ham,Mom asked if you will be coming home for dinner tonight.
ham,See you tomorrow at 9 AM sharp in the computer lab.
spam,"FREE entry into our weekly $1,000 sweepstakes! Text WIN to 77331 now to register your free lucky draw ticket."
ham,Thanks for the help earlier! Really appreciate your quick response.
ham,Where should we order lunch from today? Pizza or sandwiches?
spam,URGENT! Your bank account ending in 9935 has been suspended due to suspicious activity. Verify immediately at http://spam-claim.biz to avoid permanent freeze.
ham,"Hey Priya, are we still meeting for the project discussion at 3:30 PM today?"
ham,Please send me the PDF notes for Unit 4 data visualization.
ham,"I checked the PySpark MLlib documentation, the parameter is elasticNetParam."
spam,"Instant Personal Loan approved up to $50,000 with 0% processing fee and minimal documentation! Apply within 2 hours at http://gift-portal.com."
ham,Mom asked if you will be coming home for dinner tonight.
ham,Please send me the PDF notes for Unit 4 data visualization.
ham,Can you share the lecture slides from yesterday's distributed computing class?
ham,Did you complete the Big Data Analytics practical assignment for this week?
ham,I'll bring my laptop charger with me so we can work on the lab assignment.
ham,The exam schedule has been released on the university student portal.
ham,Please find attached the updated project report and data pipeline code.
ham,"I am stuck in traffic near the circle, will be delayed by 15 minutes."
ham,Got your email with the dataset CSV. Loading it into Spark DataFrame now.
ham,"Hi Vikram, hope you are doing well! It's been a while since we talked."
ham,Your order #22270 has been delivered successfully. Thank you for shopping with us.
ham,"Yes, I already verified the cluster configuration on Spark master node."
ham,Where should we order lunch from today? Pizza or sandwiches?
ham,Good morning! Remember to submit the lab record before 5 PM today.
ham,"Hi Priya, hope you are doing well! It's been a while since we talked."
ham,The library book 'Introduction to Algorithms' is due for return on Friday.
ham,"Call me whenever you get free, need to discuss the weekend plans."
ham,"Hey Sneha, are we still meeting for the project discussion at 2:00 PM today?"
ham,"Don't worry about the presentation, we have prepared all the slides well."
ham,"I checked the PySpark MLlib documentation, the parameter is elasticNetParam."
ham,The library book 'Introduction to Algorithms' is due for return on Friday.
spam,"Dear Customer, your electricity connection will be disconnected tonight at 9:30 PM due to unpaid bill. Call helpline +1-800-419-7820 immediately."
ham,Your OTP for net banking login is 621627. Valid for 10 minutes. Do not share.
ham,Thanks for the help earlier! Really appreciate your quick response.
ham,Where should we order lunch from today? Pizza or sandwiches?
spam,Get rich quick with guaranteed daily returns of 25% on crypto trading! Join our VIP Telegram channel at http://promo-deal.info. No prior experience needed.
ham,Happy Birthday Arjun! Wishing you a wonderful and successful year ahead.
spam,Special promotional offer: 100 GB High Speed 5G Data for just $1.99! Recharge now at http://promo-deal.info before the offer expires at midnight.
ham,Happy Birthday Tanvi! Wishing you a wonderful and successful year ahead.
ham,See you tomorrow at 9 AM sharp in the computer lab.
spam,"ALERT: Unclaimed lottery reward of $1,000 waiting for your mobile number. Call +44-20-7946-0921 now to transfer funds to your bank account."
ham,Got your email with the dataset CSV. Loading it into Spark DataFrame now.
ham,"Don't worry about the presentation, we have prepared all the slides well."
ham,The results for the midterm examination will be announced next Monday.
ham,"Call me whenever you get free, need to discuss the weekend plans."
ham,The library book 'Introduction to Algorithms' is due for return on Friday.
ham,See you tomorrow at 9 AM sharp in the computer lab.
ham,Just reached home safely. Let me know when you reach your hostel.
spam,"CONGRATULATIONS! You have won a cash prize of $5,000 in the National Telecom Lottery! Call +44-20-7946-0921 or visit http://promo-deal.info to claim now. T&C apply."
spam,"FREE entry into our weekly $10,000 sweepstakes! Text WIN to 88202 now to register your free lucky draw ticket."
ham,Just reached home safely. Let me know when you reach your hostel.
ham,I'll bring my laptop charger with me so we can work on the lab assignment.
spam,Congratulations! You qualify for debt forgiveness and credit score repair. Call our financial counselor now at +1-800-555-0199 to eliminate debt.
ham,The results for the midterm examination will be announced next Monday.
ham,Good morning! Remember to submit the lab record before 5 PM today.
ham,Can you please review the merge request I raised on the repository?
ham,Can you please review the merge request I raised on the repository?
spam,URGENT! Your bank account ending in 6200 has been suspended due to suspicious activity. Verify immediately at http://promo-deal.info to avoid permanent freeze.
ham,Got your email with the dataset CSV. Loading it into Spark DataFrame now.
ham,Just reached home safely. Let me know when you reach your hostel.
ham,"I am stuck in traffic near the circle, will be delayed by 15 minutes."
ham,Your OTP for net banking login is 900529. Valid for 10 minutes. Do not share.
ham,The library book 'Introduction to Algorithms' is due for return on Friday.
ham,I'll bring my laptop charger with me so we can work on the lab assignment.
spam,"CONGRATULATIONS! You have won a cash prize of $1,000 in the National Telecom Lottery! Call +1-888-920-1144 or visit http://fast-loan-app.co to claim now. T&C apply."
ham,The bus is arriving at platform 4 in five minutes.
spam,"CONGRATULATIONS! You have won a cash prize of $1,000 in the National Telecom Lottery! Call +1-800-555-0199 or visit http://fast-loan-app.co to claim now. T&C apply."
spam,"FREE entry into our weekly $1,000 sweepstakes! Text WIN to 77331 now to register your free lucky draw ticket."
ham,I'll bring my laptop charger with me so we can work on the lab assignment.
ham,Can you please review the merge request I raised on the repository?
ham,Where should we order lunch from today? Pizza or sandwiches?
ham,Good morning! Remember to submit the lab record before 5 PM today.
ham,Please send me the PDF notes for Unit 4 data visualization.
ham,See you tomorrow at 9 AM sharp in the computer lab.
ham,I'll bring my laptop charger with me so we can work on the lab assignment.
spam,You have won a free 4-night luxury holiday voucher to Bali! Reply YES to 55444 to receive your booking code immediately.
ham,Can you share the lecture slides from yesterday's distributed computing class?
ham,Are you coming to the seminar on Cloud Computing and Spark in the auditorium?
ham,Got your email with the dataset CSV. Loading it into Spark DataFrame now.
ham,"Ok, I will reach college by 5:00 PM. Please save a seat for me."
ham,"I checked the PySpark MLlib documentation, the parameter is elasticNetParam."
spam,Congratulations! You qualify for debt forgiveness and credit score repair. Call our financial counselor now at +1-800-419-7820 to eliminate debt.
ham,Just reached home safely. Let me know when you reach your hostel.
spam,"FREE entry into our weekly $10,000 sweepstakes! Text WIN to 55444 now to register your free lucky draw ticket."
ham,The exam schedule has been released on the university student portal.
ham,Please find attached the updated project report and data pipeline code.
ham,"Hi Vikram, hope you are doing well! It's been a while since we talked."
ham,"I checked the PySpark MLlib documentation, the parameter is elasticNetParam."
ham,Got your email with the dataset CSV. Loading it into Spark DataFrame now.
ham,"Yes, I already verified the cluster configuration on Spark master node."
ham,I'll bring my laptop charger with me so we can work on the lab assignment.
ham,Happy Birthday Priya! Wishing you a wonderful and successful year ahead.
ham,The bus is arriving at platform 4 in five minutes.
ham,Are you coming to the seminar on Cloud Computing and Spark in the auditorium?
ham,"Call me whenever you get free, need to discuss the weekend plans."
spam,Exclusive Offer! Get 85% discount on top designer watches and luxury perfumes. Shop now at http://gift-portal.com. Limited stocks available!
ham,I'll bring my laptop charger with me so we can work on the lab assignment.
ham,Mom asked if you will be coming home for dinner tonight.
ham,Please send me the PDF notes for Unit 4 data visualization.
ham,"Ok, I will reach college by 5:00 PM. Please save a seat for me."
ham,"Ok, I will reach college by 10:30 AM. Please save a seat for me."
ham,Where should we order lunch from today? Pizza or sandwiches?
ham,"Don't worry about the presentation, we have prepared all the slides well."
spam,Hot singles in your area want to meet you tonight! Click http://promo-deal.info to chat live and browse profiles for free.
spam,"Instant Personal Loan approved up to $75,000 with 0% processing fee and minimal documentation! Apply within 2 hours at http://gift-portal.com."
ham,Are you coming to the seminar on Cloud Computing and Spark in the auditorium?
ham,See you tomorrow at 9 AM sharp in the computer lab.
ham,Can you share the lecture slides from yesterday's distributed computing class?
ham,Can you share the lecture slides from yesterday's distributed computing class?
spam,Congratulations! You qualify for debt forgiveness and credit score repair. Call our financial counselor now at +44-20-7946-0921 to eliminate debt.
ham,"Yes, I already verified the cluster configuration on Spark master node."
ham,The exam schedule has been released on the university student portal.
ham,"Ok, I will reach college by 11:00 AM. Please save a seat for me."
ham,"I checked the PySpark MLlib documentation, the parameter is elasticNetParam."
ham,Where should we order lunch from today? Pizza or sandwiches?
ham,"Hi Amit, hope you are doing well! It's been a while since we talked."
ham,Can you share the lecture slides from yesterday's distributed computing class?
ham,"I checked the PySpark MLlib documentation, the parameter is elasticNetParam."
ham,"Don't worry about the presentation, we have prepared all the slides well."
spam,Exclusive Offer! Get 85% discount on top designer watches and luxury perfumes. Shop now at http://fast-loan-app.co. Limited stocks available!
spam,"FREE entry into our weekly $5,000 sweepstakes! Text WIN to 77331 now to register your free lucky draw ticket."
ham,Where should we order lunch from today? Pizza or sandwiches?
ham,Happy Birthday Tanvi! Wishing you a wonderful and successful year ahead.
ham,"Ok, I will reach college by 4:15 PM. Please save a seat for me."
ham,Thanks for the help earlier! Really appreciate your quick response.
ham,Just reached home safely. Let me know when you reach your hostel.
spam,Special promotional offer: 100 GB High Speed 5G Data for just $1.99! Recharge now at http://promo-deal.info before the offer expires at midnight.
ham,Did you complete the Big Data Analytics practical assignment for this week?
ham,Thanks for the help earlier! Really appreciate your quick response.
ham,The library book 'Introduction to Algorithms' is due for return on Friday.
ham,Please send me the PDF notes for Unit 4 data visualization.
ham,See you tomorrow at 9 AM sharp in the computer lab.
ham,I'll bring my laptop charger with me so we can work on the lab assignment.
ham,The exam schedule has been released on the university student portal.
ham,The library book 'Introduction to Algorithms' is due for return on Friday.
ham,Please send me the PDF notes for Unit 4 data visualization.
ham,The bus is arriving at platform 4 in five minutes.
spam,You have won a free 4-night luxury holiday voucher to Bali! Reply YES to 77331 to receive your booking code immediately.
ham,The library book 'Introduction to Algorithms' is due for return on Friday.
ham,Got your email with the dataset CSV. Loading it into Spark DataFrame now.
ham,Thanks for the help earlier! Really appreciate your quick response.
ham,See you tomorrow at 9 AM sharp in the computer lab.
spam,"Instant Personal Loan approved up to $25,000 with 0% processing fee and minimal documentation! Apply within 2 hours at http://promo-deal.info."
ham,"Call me whenever you get free, need to discuss the weekend plans."
ham,Good morning! Remember to submit the lab record before 5 PM today.
spam,"FREE entry into our weekly $50,000 sweepstakes! Text WIN to 55444 now to register your free lucky draw ticket."
ham,Can you please review the merge request I raised on the repository?
ham,"I am stuck in traffic near the circle, will be delayed by 15 minutes."
spam,"WINNER! As a valued customer, you have been selected to receive a FREE iPhone 15 Pro. Reply CLAIM to 99100 or click http://secure-verify.net today only!"
ham,Please send me the PDF notes for Unit 4 data visualization.
spam,"WINNER! As a valued customer, you have been selected to receive a FREE iPhone 15 Pro. Reply CLAIM to 55444 or click http://promo-deal.info today only!"
ham,Got your email with the dataset CSV. Loading it into Spark DataFrame now.
ham,Let's catch up over coffee this evening at the student cafeteria.
ham,Can you please review the merge request I raised on the repository?
spam,URGENT NOTICE: Your package delivery has been put on hold due to missing delivery address. Pay $1.50 redelivery fee at http://promo-deal.info.
ham,"Hi Arjun, hope you are doing well! It's been a while since we talked."
ham,Please send me the PDF notes for Unit 4 data visualization.
ham,I'll bring my laptop charger with me so we can work on the lab assignment.
ham,Let's catch up over coffee this evening at the student cafeteria.
ham,"Don't worry about the presentation, we have prepared all the slides well."
spam,Special promotional offer: 100 GB High Speed 5G Data for just $1.99! Recharge now at http://secure-verify.net before the offer expires at midnight.
spam,"ALERT: Unclaimed lottery reward of $5,000 waiting for your mobile number. Call +1-888-920-1144 now to transfer funds to your bank account."
ham,Did you complete the Big Data Analytics practical assignment for this week?
ham,Where should we order lunch from today? Pizza or sandwiches?
spam,"Dear Customer, your electricity connection will be disconnected tonight at 9:30 PM due to unpaid bill. Call helpline +44-20-7946-0921 immediately."
ham,"I am stuck in traffic near the circle, will be delayed by 15 minutes."
ham,"Yes, I already verified the cluster configuration on Spark master node."
ham,"I checked the PySpark MLlib documentation, the parameter is elasticNetParam."
spam,Double your mobile balance today! Send FREE to 99100 and get instant 200% bonus talktime and data packs.
ham,The bus is arriving at platform 4 in five minutes.
ham,"I checked the PySpark MLlib documentation, the parameter is elasticNetParam."
ham,"Ok, I will reach college by 3:30 PM. Please save a seat for me."
spam,Special promotional offer: 100 GB High Speed 5G Data for just $1.99! Recharge now at http://gift-portal.com before the offer expires at midnight.
spam,"Dear Customer, your electricity connection will be disconnected tonight at 9:30 PM due to unpaid bill. Call helpline +44-20-7946-0921 immediately."
spam,"Instant Personal Loan approved up to $50,000 with 0% processing fee and minimal documentation! Apply within 2 hours at http://gift-portal.com."
ham,Mom asked if you will be coming home for dinner tonight.
ham,Thanks for the help earlier! Really appreciate your quick response.
ham,The exam schedule has been released on the university student portal.
ham,"I checked the PySpark MLlib documentation, the parameter is elasticNetParam."
ham,"Yes, I already verified the cluster configuration on Spark master node."
ham,Your OTP for net banking login is 931882. Valid for 10 minutes. Do not share.
ham,Can you share the lecture slides from yesterday's distributed computing class?
spam,Hot singles in your area want to meet you tonight! Click http://secure-verify.net to chat live and browse profiles for free.
ham,The exam schedule has been released on the university student portal.
ham,Are you coming to the seminar on Cloud Computing and Spark in the auditorium?
ham,"Hey Pooja, are we still meeting for the project discussion at 2:00 PM today?"
ham,Where should we order lunch from today? Pizza or sandwiches?
ham,The exam schedule has been released on the university student portal.
ham,Happy Birthday Neha! Wishing you a wonderful and successful year ahead.
ham,The exam schedule has been released on the university student portal.
spam,"FREE entry into our weekly $50,000 sweepstakes! Text WIN to 99100 now to register your free lucky draw ticket."
spam,"Dear Customer, your electricity connection will be disconnected tonight at 9:30 PM due to unpaid bill. Call helpline +1-888-920-1144 immediately."
ham,"I am stuck in traffic near the circle, will be delayed by 15 minutes."
ham,Can you please review the merge request I raised on the repository?
ham,Got your email with the dataset CSV. Loading it into Spark DataFrame now.
ham,Just reached home safely. Let me know when you reach your hostel.
ham,Let's catch up over coffee this evening at the student cafeteria.
ham,Thanks for the help earlier! Really appreciate your quick response.
ham,"Don't worry about the presentation, we have prepared all the slides well."
ham,Got your email with the dataset CSV. Loading it into Spark DataFrame now.
ham,Can you please review the merge request I raised on the repository?
spam,Special promotional offer: 100 GB High Speed 5G Data for just $1.99! Recharge now at http://fast-loan-app.co before the offer expires at midnight.
ham,Your OTP for net banking login is 246638. Valid for 10 minutes. Do not share.
ham,The exam schedule has been released on the university student portal.
ham,"Ok, I will reach college by 4:15 PM. Please save a seat for me."
spam,Special promotional offer: 100 GB High Speed 5G Data for just $1.99! Recharge now at http://gift-portal.com before the offer expires at midnight.
ham,Please find attached the updated project report and data pipeline code.
ham,The library book 'Introduction to Algorithms' is due for return on Friday.
spam,"CONGRATULATIONS! You have won a cash prize of $50,000 in the National Telecom Lottery! Call +1-800-419-7820 or visit http://spam-claim.biz to claim now. T&C apply."
ham,Can you share the lecture slides from yesterday's distributed computing class?
ham,See you tomorrow at 9 AM sharp in the computer lab.
ham,Thanks for the help earlier! Really appreciate your quick response.
ham,Can you please review the merge request I raised on the repository?
spam,"ALERT: Unclaimed lottery reward of $1,000 waiting for your mobile number. Call +1-888-920-1144 now to transfer funds to your bank account."
ham,I'll bring my laptop charger with me so we can work on the lab assignment.
ham,Where should we order lunch from today? Pizza or sandwiches?
ham,I'll bring my laptop charger with me so we can work on the lab assignment.
ham,See you tomorrow at 9 AM sharp in the computer lab.
ham,The results for the midterm examination will be announced next Monday.
ham,Please send me the PDF notes for Unit 4 data visualization.
ham,The bus is arriving at platform 4 in five minutes.
spam,Congratulations! You qualify for debt forgiveness and credit score repair. Call our financial counselor now at +44-20-7946-0921 to eliminate debt.
ham,Where should we order lunch from today? Pizza or sandwiches?
ham,"I checked the PySpark MLlib documentation, the parameter is elasticNetParam."
ham,"Ok, I will reach college by 4:15 PM. Please save a seat for me."
ham,"Hey Vikram, are we still meeting for the project discussion at 3:30 PM today?"
ham,See you tomorrow at 9 AM sharp in the computer lab.
ham,Your order #51672 has been delivered successfully. Thank you for shopping with us.
ham,"Yes, I already verified the cluster configuration on Spark master node."
ham,Please send me the PDF notes for Unit 4 data visualization.
ham,Please send me the PDF notes for Unit 4 data visualization.
ham,The bus is arriving at platform 4 in five minutes.
ham,Mom asked if you will be coming home for dinner tonight.
ham,See you tomorrow at 9 AM sharp in the computer lab.
spam,"WINNER! As a valued customer, you have been selected to receive a FREE iPhone 15 Pro. Reply CLAIM to 77331 or click http://fast-loan-app.co today only!"
ham,The library book 'Introduction to Algorithms' is due for return on Friday.
ham,Got your email with the dataset CSV. Loading it into Spark DataFrame now.
ham,Please send me the PDF notes for Unit 4 data visualization.
ham,"Hi Neha, hope you are doing well! It's been a while since we talked."
ham,"Don't worry about the presentation, we have prepared all the slides well."
ham,Just reached home safely. Let me know when you reach your hostel.
spam,"Instant Personal Loan approved up to $50,000 with 0% processing fee and minimal documentation! Apply within 2 hours at http://spam-claim.biz."
ham,Your OTP for net banking login is 476885. Valid for 10 minutes. Do not share.
ham,"Call me whenever you get free, need to discuss the weekend plans."
ham,Happy Birthday Priya! Wishing you a wonderful and successful year ahead.
spam,Hot singles in your area want to meet you tonight! Click http://spam-claim.biz to chat live and browse profiles for free.
ham,Please send me the PDF notes for Unit 4 data visualization.
ham,Your OTP for net banking login is 665484. Valid for 10 minutes. Do not share.
spam,Get rich quick with guaranteed daily returns of 25% on crypto trading! Join our VIP Telegram channel at http://secure-verify.net. No prior experience needed.
ham,The exam schedule has been released on the university student portal.
ham,I'll bring my laptop charger with me so we can work on the lab assignment.
ham,"I am stuck in traffic near the circle, will be delayed by 15 minutes."
ham,Where should we order lunch from today? Pizza or sandwiches?
spam,Congratulations! You qualify for debt forgiveness and credit score repair. Call our financial counselor now at +44-20-7946-0921 to eliminate debt.
ham,Your OTP for net banking login is 315379. Valid for 10 minutes. Do not share.
ham,Did you complete the Big Data Analytics practical assignment for this week?
ham,See you tomorrow at 9 AM sharp in the computer lab.
ham,Are you coming to the seminar on Cloud Computing and Spark in the auditorium?
ham,"Hey Ananya, are we still meeting for the project discussion at 5:00 PM today?"
ham,The exam schedule has been released on the university student portal.
ham,"Yes, I already verified the cluster configuration on Spark master node."
ham,Happy Birthday Sneha! Wishing you a wonderful and successful year ahead.
ham,Did you complete the Big Data Analytics practical assignment for this week?
ham,The results for the midterm examination will be announced next Monday.
ham,Just reached home safely. Let me know when you reach your hostel.
ham,I'll bring my laptop charger with me so we can work on the lab assignment.
spam,Get rich quick with guaranteed daily returns of 25% on crypto trading! Join our VIP Telegram channel at http://promo-deal.info. No prior experience needed.
ham,Can you share the lecture slides from yesterday's distributed computing class?
ham,Thanks for the help earlier! Really appreciate your quick response.
spam,Congratulations! You qualify for debt forgiveness and credit score repair. Call our financial counselor now at +1-888-920-1144 to eliminate debt.
ham,The exam schedule has been released on the university student portal.
ham,Where should we order lunch from today? Pizza or sandwiches?
ham,Can you share the lecture slides from yesterday's distributed computing class?
ham,The results for the midterm examination will be announced next Monday.
spam,"WINNER! As a valued customer, you have been selected to receive a FREE iPhone 15 Pro. Reply CLAIM to 88202 or click http://spam-claim.biz today only!"
ham,I'll bring my laptop charger with me so we can work on the lab assignment.
ham,Thanks for the help earlier! Really appreciate your quick response.
spam,URGENT! Your bank account ending in 9569 has been suspended due to suspicious activity. Verify immediately at http://spam-claim.biz to avoid permanent freeze.
ham,Mom asked if you will be coming home for dinner tonight.
ham,Good morning! Remember to submit the lab record before 5 PM today.
ham,Can you please review the merge request I raised on the repository?
ham,Where should we order lunch from today? Pizza or sandwiches?
spam,Special promotional offer: 100 GB High Speed 5G Data for just $1.99! Recharge now at http://promo-deal.info before the offer expires at midnight.
ham,"Don't worry about the presentation, we have prepared all the slides well."
ham,Mom asked if you will be coming home for dinner tonight.
ham,Thanks for the help earlier! Really appreciate your quick response.
spam,"Instant Personal Loan approved up to $25,000 with 0% processing fee and minimal documentation! Apply within 2 hours at http://promo-deal.info."
ham,The results for the midterm examination will be announced next Monday.
ham,"Don't worry about the presentation, we have prepared all the slides well."
ham,The library book 'Introduction to Algorithms' is due for return on Friday.
spam,Hot singles in your area want to meet you tonight! Click http://secure-verify.net to chat live and browse profiles for free.
ham,"I am stuck in traffic near the circle, will be delayed by 15 minutes."
ham,Your OTP for net banking login is 948809. Valid for 10 minutes. Do not share.
ham,Mom asked if you will be coming home for dinner tonight.
ham,"Hey Karan, are we still meeting for the project discussion at 10:30 AM today?"
spam,"WINNER! As a valued customer, you have been selected to receive a FREE iPhone 15 Pro. Reply CLAIM to 77331 or click http://gift-portal.com today only!"
ham,See you tomorrow at 9 AM sharp in the computer lab.
ham,Happy Birthday Tanvi! Wishing you a wonderful and successful year ahead.
ham,"Hi Rohan, hope you are doing well! It's been a while since we talked."
ham,Where should we order lunch from today? Pizza or sandwiches?
spam,"CONGRATULATIONS! You have won a cash prize of $10,000 in the National Telecom Lottery! Call +1-800-419-7820 or visit http://fast-loan-app.co to claim now. T&C apply."
ham,Did you complete the Big Data Analytics practical assignment for this week?
spam,Congratulations! You qualify for debt forgiveness and credit score repair. Call our financial counselor now at +44-20-7946-0921 to eliminate debt.
ham,"I checked the PySpark MLlib documentation, the parameter is elasticNetParam."
ham,"Call me whenever you get free, need to discuss the weekend plans."
ham,Please send me the PDF notes for Unit 4 data visualization.
ham,"Ok, I will reach college by 11:00 AM. Please save a seat for me."
ham,See you tomorrow at 9 AM sharp in the computer lab.
ham,"Hi Priya, hope you are doing well! It's been a while since we talked."
ham,Got your email with the dataset CSV. Loading it into Spark DataFrame now.
ham,The exam schedule has been released on the university student portal.
ham,Your order #17432 has been delivered successfully. Thank you for shopping with us.
ham,Can you share the lecture slides from yesterday's distributed computing class?
ham,Just reached home safely. Let me know when you reach your hostel.
ham,Your order #74162 has been delivered successfully. Thank you for shopping with us.
spam,"WINNER! As a valued customer, you have been selected to receive a FREE iPhone 15 Pro. Reply CLAIM to 99100 or click http://gift-portal.com today only!"
ham,See you tomorrow at 9 AM sharp in the computer lab.
ham,"Don't worry about the presentation, we have prepared all the slides well."
ham,"I checked the PySpark MLlib documentation, the parameter is elasticNetParam."
ham,"Ok, I will reach college by 10:30 AM. Please save a seat for me."
ham,The library book 'Introduction to Algorithms' is due for return on Friday.
spam,"CONGRATULATIONS! You have won a cash prize of $100,000 in the National Telecom Lottery! Call +1-888-920-1144 or visit http://secure-verify.net to claim now. T&C apply."
spam,Special promotional offer: 100 GB High Speed 5G Data for just $1.99! Recharge now at http://promo-deal.info before the offer expires at midnight.
ham,Where should we order lunch from today? Pizza or sandwiches?
ham,Good morning! Remember to submit the lab record before 5 PM today.
ham,Your order #33345 has been delivered successfully. Thank you for shopping with us.
ham,"Call me whenever you get free, need to discuss the weekend plans."
ham,Your OTP for net banking login is 218425. Valid for 10 minutes. Do not share.
ham,"I am stuck in traffic near the circle, will be delayed by 15 minutes."
ham,"I checked the PySpark MLlib documentation, the parameter is elasticNetParam."
ham,Good morning! Remember to submit the lab record before 5 PM today.
spam,Special promotional offer: 100 GB High Speed 5G Data for just $1.99! Recharge now at http://promo-deal.info before the offer expires at midnight.
ham,The exam schedule has been released on the university student portal.
spam,Get rich quick with guaranteed daily returns of 25% on crypto trading! Join our VIP Telegram channel at http://spam-claim.biz. No prior experience needed.
ham,"Ok, I will reach college by 2:00 PM. Please save a seat for me."
ham,Thanks for the help earlier! Really appreciate your quick response.
ham,Can you share the lecture slides from yesterday's distributed computing class?
ham,I'll bring my laptop charger with me so we can work on the lab assignment.
ham,"I am stuck in traffic near the circle, will be delayed by 15 minutes."
ham,Thanks for the help earlier! Really appreciate your quick response.
spam,Congratulations! You qualify for debt forgiveness and credit score repair. Call our financial counselor now at +1-800-419-7820 to eliminate debt.
ham,Your OTP for net banking login is 950270. Valid for 10 minutes. Do not share.
ham,Let's catch up over coffee this evening at the student cafeteria.
spam,Hot singles in your area want to meet you tonight! Click http://gift-portal.com to chat live and browse profiles for free.
spam,"WINNER! As a valued customer, you have been selected to receive a FREE iPhone 15 Pro. Reply CLAIM to 99100 or click http://promo-deal.info today only!"
ham,"Hey Tanvi, are we still meeting for the project discussion at 3:30 PM today?"
ham,Are you coming to the seminar on Cloud Computing and Spark in the auditorium?
ham,"I am stuck in traffic near the circle, will be delayed by 15 minutes."
ham,"I am stuck in traffic near the circle, will be delayed by 15 minutes."
ham,Good morning! Remember to submit the lab record before 5 PM today.
ham,Are you coming to the seminar on Cloud Computing and Spark in the auditorium?
spam,Congratulations! You qualify for debt forgiveness and credit score repair. Call our financial counselor now at +1-800-419-7820 to eliminate debt.
ham,Can you please review the merge request I raised on the repository?
ham,"Hey Rahul, are we still meeting for the project discussion at 11:00 AM today?"
ham,Can you share the lecture slides from yesterday's distributed computing class?
ham,The bus is arriving at platform 4 in five minutes.
spam,Exclusive Offer! Get 85% discount on top designer watches and luxury perfumes. Shop now at http://fast-loan-app.co. Limited stocks available!
ham,Your OTP for net banking login is 637756. Valid for 10 minutes. Do not share.
ham,Your OTP for net banking login is 808005. Valid for 10 minutes. Do not share.
spam,"CONGRATULATIONS! You have won a cash prize of $100,000 in the National Telecom Lottery! Call +44-20-7946-0921 or visit http://secure-verify.net to claim now. T&C apply."
ham,Happy Birthday Arjun! Wishing you a wonderful and successful year ahead.
spam,"CONGRATULATIONS! You have won a cash prize of $10,000 in the National Telecom Lottery! Call +1-800-555-0199 or visit http://fast-loan-app.co to claim now. T&C apply."
ham,See you tomorrow at 9 AM sharp in the computer lab.
ham,"I am stuck in traffic near the circle, will be delayed by 15 minutes."
ham,Mom asked if you will be coming home for dinner tonight.
ham,Your OTP for net banking login is 798379. Valid for 10 minutes. Do not share.
spam,"WINNER! As a valued customer, you have been selected to receive a FREE iPhone 15 Pro. Reply CLAIM to 88202 or click http://spam-claim.biz today only!"
ham,"Yes, I already verified the cluster configuration on Spark master node."
ham,Your order #72093 has been delivered successfully. Thank you for shopping with us.
ham,See you tomorrow at 9 AM sharp in the computer lab.
ham,"Ok, I will reach college by 4:15 PM. Please save a seat for me."
spam,Hot singles in your area want to meet you tonight! Click http://gift-portal.com to chat live and browse profiles for free.
ham,"Ok, I will reach college by 2:00 PM. Please save a seat for me."
ham,"Yes, I already verified the cluster configuration on Spark master node."
ham,Good morning! Remember to submit the lab record before 5 PM today.
ham,The library book 'Introduction to Algorithms' is due for return on Friday.
ham,Please send me the PDF notes for Unit 4 data visualization.
ham,Got your email with the dataset CSV. Loading it into Spark DataFrame now.
spam,"ALERT: Unclaimed lottery reward of $5,000 waiting for your mobile number. Call +1-800-555-0199 now to transfer funds to your bank account."
spam,"CONGRATULATIONS! You have won a cash prize of $5,000 in the National Telecom Lottery! Call +1-888-920-1144 or visit http://fast-loan-app.co to claim now. T&C apply."
spam,"Dear Customer, your electricity connection will be disconnected tonight at 9:30 PM due to unpaid bill. Call helpline +44-20-7946-0921 immediately."
ham,"I am stuck in traffic near the circle, will be delayed by 15 minutes."
ham,Just reached home safely. Let me know when you reach your hostel.
spam,URGENT! Your bank account ending in 6039 has been suspended due to suspicious activity. Verify immediately at http://fast-loan-app.co to avoid permanent freeze.
ham,I'll bring my laptop charger with me so we can work on the lab assignment.
ham,Your order #89128 has been delivered successfully. Thank you for shopping with us.
spam,Hot singles in your area want to meet you tonight! Click http://spam-claim.biz to chat live and browse profiles for free.
spam,Exclusive Offer! Get 85% discount on top designer watches and luxury perfumes. Shop now at http://promo-deal.info. Limited stocks available!
ham,Let's catch up over coffee this evening at the student cafeteria.
ham,Thanks for the help earlier! Really appreciate your quick response.
ham,Mom asked if you will be coming home for dinner tonight.
ham,"Don't worry about the presentation, we have prepared all the slides well."
ham,"Call me whenever you get free, need to discuss the weekend plans."
ham,I'll bring my laptop charger with me so we can work on the lab assignment.
ham,Mom asked if you will be coming home for dinner tonight.
ham,Your OTP for net banking login is 224256. Valid for 10 minutes. Do not share.
ham,Can you please review the merge request I raised on the repository?
ham,Are you coming to the seminar on Cloud Computing and Spark in the auditorium?
spam,You have won a free 4-night luxury holiday voucher to Bali! Reply YES to 77331 to receive your booking code immediately.
ham,The bus is arriving at platform 4 in five minutes.
ham,Please find attached the updated project report and data pipeline code.
ham,Are you coming to the seminar on Cloud Computing and Spark in the auditorium?
spam,"FREE entry into our weekly $1,000 sweepstakes! Text WIN to 77331 now to register your free lucky draw ticket."
ham,The bus is arriving at platform 4 in five minutes.
ham,The exam schedule has been released on the university student portal.
ham,Can you please review the merge request I raised on the repository?
ham,Where should we order lunch from today? Pizza or sandwiches?
ham,"I checked the PySpark MLlib documentation, the parameter is elasticNetParam."
ham,Your order #51050 has been delivered successfully. Thank you for shopping with us.
ham,"Yes, I already verified the cluster configuration on Spark master node."
ham,Happy Birthday Arjun! Wishing you a wonderful and successful year ahead.
ham,"Hey Tanvi, are we still meeting for the project discussion at 4:15 PM today?"
ham,The exam schedule has been released on the university student portal.
ham,Did you complete the Big Data Analytics practical assignment for this week?
ham,"Call me whenever you get free, need to discuss the weekend plans."
spam,"WINNER! As a valued customer, you have been selected to receive a FREE iPhone 15 Pro. Reply CLAIM to 88202 or click http://secure-verify.net today only!"
ham,Your order #89516 has been delivered successfully. Thank you for shopping with us.
spam,Hot singles in your area want to meet you tonight! Click http://spam-claim.biz to chat live and browse profiles for free.
spam,You have won a free 4-night luxury holiday voucher to Bali! Reply YES to 55444 to receive your booking code immediately.
spam,"FREE entry into our weekly $1,000 sweepstakes! Text WIN to 99100 now to register your free lucky draw ticket."
ham,See you tomorrow at 9 AM sharp in the computer lab.
ham,Please find attached the updated project report and data pipeline code.
ham,The exam schedule has been released on the university student portal.
ham,"Ok, I will reach college by 5:00 PM. Please save a seat for me."
ham,"I am stuck in traffic near the circle, will be delayed by 15 minutes."
ham,Where should we order lunch from today? Pizza or sandwiches?
ham,The bus is arriving at platform 4 in five minutes.
ham,Happy Birthday Rahul! Wishing you a wonderful and successful year ahead.
ham,"Don't worry about the presentation, we have prepared all the slides well."
ham,See you tomorrow at 9 AM sharp in the computer lab.
spam,Exclusive Offer! Get 85% discount on top designer watches and luxury perfumes. Shop now at http://fast-loan-app.co. Limited stocks available!
ham,I'll bring my laptop charger with me so we can work on the lab assignment.
ham,Good morning! Remember to submit the lab record before 5 PM today.
ham,"Don't worry about the presentation, we have prepared all the slides well."
ham,Let's catch up over coffee this evening at the student cafeteria.
ham,Happy Birthday Priya! Wishing you a wonderful and successful year ahead.
ham,Where should we order lunch from today? Pizza or sandwiches?
spam,URGENT NOTICE: Your package delivery has been put on hold due to missing delivery address. Pay $1.50 redelivery fee at http://secure-verify.net.
ham,I'll bring my laptop charger with me so we can work on the lab assignment.
ham,Can you share the lecture slides from yesterday's distributed computing class?
ham,"Hey Priya, are we still meeting for the project discussion at 11:00 AM today?"
ham,Can you share the lecture slides from yesterday's distributed computing class?
ham,Can you please review the merge request I raised on the repository?
ham,Good morning! Remember to submit the lab record before 5 PM today.
ham,Good morning! Remember to submit the lab record before 5 PM today.
ham,Where should we order lunch from today? Pizza or sandwiches?
ham,"Don't worry about the presentation, we have prepared all the slides well."
ham,Your order #27644 has been delivered successfully. Thank you for shopping with us.
spam,"WINNER! As a valued customer, you have been selected to receive a FREE iPhone 15 Pro. Reply CLAIM to 99100 or click http://promo-deal.info today only!"
ham,Can you share the lecture slides from yesterday's distributed computing class?
ham,"Yes, I already verified the cluster configuration on Spark master node."
ham,Just reached home safely. Let me know when you reach your hostel.
ham,The exam schedule has been released on the university student portal.
spam,URGENT NOTICE: Your package delivery has been put on hold due to missing delivery address. Pay $1.50 redelivery fee at http://promo-deal.info.
ham,I'll bring my laptop charger with me so we can work on the lab assignment.
ham,The exam schedule has been released on the university student portal.
ham,Your OTP for net banking login is 259598. Valid for 10 minutes. Do not share.
ham,"Yes, I already verified the cluster configuration on Spark master node."
ham,Just reached home safely. Let me know when you reach your hostel.
ham,"I checked the PySpark MLlib documentation, the parameter is elasticNetParam."
ham,See you tomorrow at 9 AM sharp in the computer lab.
ham,Mom asked if you will be coming home for dinner tonight.
ham,Your OTP for net banking login is 637805. Valid for 10 minutes. Do not share.
ham,"Call me whenever you get free, need to discuss the weekend plans."
ham,Please find attached the updated project report and data pipeline code.
ham,"Call me whenever you get free, need to discuss the weekend plans."
ham,Did you complete the Big Data Analytics practical assignment for this week?
ham,The exam schedule has been released on the university student portal.
ham,The results for the midterm examination will be announced next Monday.
spam,"ALERT: Unclaimed lottery reward of $10,000 waiting for your mobile number. Call +1-800-555-0199 now to transfer funds to your bank account."
ham,Can you please review the merge request I raised on the repository?
ham,Where should we order lunch from today? Pizza or sandwiches?
ham,The bus is arriving at platform 4 in five minutes.
ham,Please send me the PDF notes for Unit 4 data visualization.
spam,"WINNER! As a valued customer, you have been selected to receive a FREE iPhone 15 Pro. Reply CLAIM to 88202 or click http://promo-deal.info today only!"
ham,"Hi Karan, hope you are doing well! It's been a while since we talked."
ham,I'll bring my laptop charger with me so we can work on the lab assignment.
ham,The exam schedule has been released on the university student portal.
ham,Mom asked if you will be coming home for dinner tonight.
ham,Mom asked if you will be coming home for dinner tonight.
spam,Congratulations! You qualify for debt forgiveness and credit score repair. Call our financial counselor now at +1-800-419-7820 to eliminate debt.
ham,"Don't worry about the presentation, we have prepared all the slides well."
ham,Happy Birthday Karan! Wishing you a wonderful and successful year ahead.
spam,"FREE entry into our weekly $5,000 sweepstakes! Text WIN to 77331 now to register your free lucky draw ticket."
ham,"I checked the PySpark MLlib documentation, the parameter is elasticNetParam."
ham,The library book 'Introduction to Algorithms' is due for return on Friday.
ham,"Call me whenever you get free, need to discuss the weekend plans."
ham,Got your email with the dataset CSV. Loading it into Spark DataFrame now.
ham,The library book 'Introduction to Algorithms' is due for return on Friday.
spam,"Dear Customer, your electricity connection will be disconnected tonight at 9:30 PM due to unpaid bill. Call helpline +1-800-419-7820 immediately."
ham,Your OTP for net banking login is 464674. Valid for 10 minutes. Do not share.
ham,Thanks for the help earlier! Really appreciate your quick response.
ham,"Ok, I will reach college by 2:00 PM. Please save a seat for me."
ham,Got your email with the dataset CSV. Loading it into Spark DataFrame now.
ham,Please send me the PDF notes for Unit 4 data visualization.
spam,"FREE entry into our weekly $1,000 sweepstakes! Text WIN to 77331 now to register your free lucky draw ticket."
ham,Happy Birthday Ananya! Wishing you a wonderful and successful year ahead.
ham,Your OTP for net banking login is 624894. Valid for 10 minutes. Do not share.
ham,Mom asked if you will be coming home for dinner tonight.
ham,Did you complete the Big Data Analytics practical assignment for this week?
ham,Can you please review the merge request I raised on the repository?
ham,See you tomorrow at 9 AM sharp in the computer lab.
ham,The results for the midterm examination will be announced next Monday.
spam,Get rich quick with guaranteed daily returns of 25% on crypto trading! Join our VIP Telegram channel at http://spam-claim.biz. No prior experience needed.
spam,URGENT NOTICE: Your package delivery has been put on hold due to missing delivery address. Pay $1.50 redelivery fee at http://secure-verify.net.
ham,Mom asked if you will be coming home for dinner tonight.
spam,"WINNER! As a valued customer, you have been selected to receive a FREE iPhone 15 Pro. Reply CLAIM to 55444 or click http://secure-verify.net today only!"
spam,URGENT NOTICE: Your package delivery has been put on hold due to missing delivery address. Pay $1.50 redelivery fee at http://fast-loan-app.co.
ham,The library book 'Introduction to Algorithms' is due for return on Friday.
spam,"CONGRATULATIONS! You have won a cash prize of $10,000 in the National Telecom Lottery! Call +44-20-7946-0921 or visit http://spam-claim.biz to claim now. T&C apply."
spam,"Dear Customer, your electricity connection will be disconnected tonight at 9:30 PM due to unpaid bill. Call helpline +1-800-419-7820 immediately."
ham,Your order #57435 has been delivered successfully. Thank you for shopping with us.
ham,"Hi Karan, hope you are doing well! It's been a while since we talked."
ham,Did you complete the Big Data Analytics practical assignment for this week?
ham,Got your email with the dataset CSV. Loading it into Spark DataFrame now.
ham,"Ok, I will reach college by 11:00 AM. Please save a seat for me."
spam,Congratulations! You qualify for debt forgiveness and credit score repair. Call our financial counselor now at +1-800-419-7820 to eliminate debt.
ham,"I checked the PySpark MLlib documentation, the parameter is elasticNetParam."
spam,"Instant Personal Loan approved up to $50,000 with 0% processing fee and minimal documentation! Apply within 2 hours at http://promo-deal.info."
ham,Please find attached the updated project report and data pipeline code.
ham,The results for the midterm examination will be announced next Monday.
spam,"ALERT: Unclaimed lottery reward of $5,000 waiting for your mobile number. Call +1-800-555-0199 now to transfer funds to your bank account."
ham,Can you share the lecture slides from yesterday's distributed computing class?
ham,"Ok, I will reach college by 5:00 PM. Please save a seat for me."
ham,Just reached home safely. Let me know when you reach your hostel.
ham,Got your email with the dataset CSV. Loading it into Spark DataFrame now.
ham,Thanks for the help earlier! Really appreciate your quick response.
ham,Good morning! Remember to submit the lab record before 5 PM today.
spam,"ALERT: Unclaimed lottery reward of $100,000 waiting for your mobile number. Call +44-20-7946-0921 now to transfer funds to your bank account."
spam,Get rich quick with guaranteed daily returns of 25% on crypto trading! Join our VIP Telegram channel at http://spam-claim.biz. No prior experience needed.
ham,Your OTP for net banking login is 862853. Valid for 10 minutes. Do not share.
ham,Can you share the lecture slides from yesterday's distributed computing class?
spam,Congratulations! You qualify for debt forgiveness and credit score repair. Call our financial counselor now at +1-800-555-0199 to eliminate debt.
ham,Can you please review the merge request I raised on the repository?
spam,URGENT! Your bank account ending in 8103 has been suspended due to suspicious activity. Verify immediately at http://gift-portal.com to avoid permanent freeze.
ham,The results for the midterm examination will be announced next Monday.
ham,"Hi Arjun, hope you are doing well! It's been a while since we talked."
ham,"Ok, I will reach college by 3:30 PM. Please save a seat for me."
ham,"Call me whenever you get free, need to discuss the weekend plans."
ham,Got your email with the dataset CSV. Loading it into Spark DataFrame now.
ham,Please find attached the updated project report and data pipeline code.
ham,"Ok, I will reach college by 2:00 PM. Please save a seat for me."
ham,Let's catch up over coffee this evening at the student cafeteria.
ham,Thanks for the help earlier! Really appreciate your quick response.
spam,You have won a free 4-night luxury holiday voucher to Bali! Reply YES to 55444 to receive your booking code immediately.
ham,Thanks for the help earlier! Really appreciate your quick response.
ham,The exam schedule has been released on the university student portal.
ham,"Hey Neha, are we still meeting for the project discussion at 10:30 AM today?"
ham,"Don't worry about the presentation, we have prepared all the slides well."
spam,"ALERT: Unclaimed lottery reward of $10,000 waiting for your mobile number. Call +1-800-419-7820 now to transfer funds to your bank account."
ham,"Yes, I already verified the cluster configuration on Spark master node."
ham,Did you complete the Big Data Analytics practical assignment for this week?
ham,Can you share the lecture slides from yesterday's distributed computing class?
spam,You have won a free 4-night luxury holiday voucher to Bali! Reply YES to 88202 to receive your booking code immediately.
spam,"WINNER! As a valued customer, you have been selected to receive a FREE iPhone 15 Pro. Reply CLAIM to 88202 or click http://fast-loan-app.co today only!"
ham,"Yes, I already verified the cluster configuration on Spark master node."
ham,"Yes, I already verified the cluster configuration on Spark master node."
ham,Are you coming to the seminar on Cloud Computing and Spark in the auditorium?
spam,URGENT! Your bank account ending in 6752 has been suspended due to suspicious activity. Verify immediately at http://spam-claim.biz to avoid permanent freeze.
spam,"WINNER! As a valued customer, you have been selected to receive a FREE iPhone 15 Pro. Reply CLAIM to 77331 or click http://promo-deal.info today only!"
ham,"Ok, I will reach college by 2:00 PM. Please save a seat for me."
ham,Happy Birthday Ananya! Wishing you a wonderful and successful year ahead.
spam,Special promotional offer: 100 GB High Speed 5G Data for just $1.99! Recharge now at http://spam-claim.biz before the offer expires at midnight.
ham,"Ok, I will reach college by 3:30 PM. Please save a seat for me."
ham,Just reached home safely. Let me know when you reach your hostel.
ham,Where should we order lunch from today? Pizza or sandwiches?
ham,The bus is arriving at platform 4 in five minutes.
ham,The bus is arriving at platform 4 in five minutes.
ham,Please send me the PDF notes for Unit 4 data visualization.
spam,Exclusive Offer! Get 85% discount on top designer watches and luxury perfumes. Shop now at http://promo-deal.info. Limited stocks available!
ham,"Ok, I will reach college by 2:00 PM. Please save a seat for me."
ham,Happy Birthday Arjun! Wishing you a wonderful and successful year ahead.
ham,"I am stuck in traffic near the circle, will be delayed by 15 minutes."
ham,"Yes, I already verified the cluster configuration on Spark master node."
ham,"Hi Rahul, hope you are doing well! It's been a while since we talked."
ham,Happy Birthday Amit! Wishing you a wonderful and successful year ahead.
ham,"Hi Rahul, hope you are doing well! It's been a while since we talked."
ham,Can you share the lecture slides from yesterday's distributed computing class?
ham,I'll bring my laptop charger with me so we can work on the lab assignment.
ham,"Hey Karan, are we still meeting for the project discussion at 2:00 PM today?"
ham,Please send me the PDF notes for Unit 4 data visualization.
ham,"Don't worry about the presentation, we have prepared all the slides well."
spam,"ALERT: Unclaimed lottery reward of $1,000 waiting for your mobile number. Call +1-888-920-1144 now to transfer funds to your bank account."
ham,The results for the midterm examination will be announced next Monday.
spam,You have won a free 4-night luxury holiday voucher to Bali! Reply YES to 99100 to receive your booking code immediately.
ham,Just reached home safely. Let me know when you reach your hostel.
spam,Hot singles in your area want to meet you tonight! Click http://spam-claim.biz to chat live and browse profiles for free.
spam,Congratulations! You qualify for debt forgiveness and credit score repair. Call our financial counselor now at +1-888-920-1144 to eliminate debt.
ham,The bus is arriving at platform 4 in five minutes.
ham,Let's catch up over coffee this evening at the student cafeteria.
spam,"FREE entry into our weekly $50,000 sweepstakes! Text WIN to 88202 now to register your free lucky draw ticket."
ham,I'll bring my laptop charger with me so we can work on the lab assignment.
spam,Double your mobile balance today! Send FREE to 77331 and get instant 200% bonus talktime and data packs.
ham,Let's catch up over coffee this evening at the student cafeteria.
ham,Your OTP for net banking login is 587324. Valid for 10 minutes. Do not share.
ham,"Yes, I already verified the cluster configuration on Spark master node."
ham,Please find attached the updated project report and data pipeline code.
ham,Your order #32792 has been delivered successfully. Thank you for shopping with us.
ham,Good morning! Remember to submit the lab record before 5 PM today.
ham,Just reached home safely. Let me know when you reach your hostel.
ham,Mom asked if you will be coming home for dinner tonight.
ham,Can you please review the merge request I raised on the repository?
spam,"Instant Personal Loan approved up to $50,000 with 0% processing fee and minimal documentation! Apply within 2 hours at http://fast-loan-app.co."
ham,Please find attached the updated project report and data pipeline code.
spam,"ALERT: Unclaimed lottery reward of $100,000 waiting for your mobile number. Call +1-800-555-0199 now to transfer funds to your bank account."
ham,"Call me whenever you get free, need to discuss the weekend plans."
spam,Special promotional offer: 100 GB High Speed 5G Data for just $1.99! Recharge now at http://promo-deal.info before the offer expires at midnight.
ham,"Hi Vikram, hope you are doing well! It's been a while since we talked."
ham,"Don't worry about the presentation, we have prepared all the slides well."
ham,Your OTP for net banking login is 761959. Valid for 10 minutes. Do not share.
ham,The exam schedule has been released on the university student portal.
ham,Mom asked if you will be coming home for dinner tonight.
spam,Hot singles in your area want to meet you tonight! Click http://fast-loan-app.co to chat live and browse profiles for free.
ham,The exam schedule has been released on the university student portal.
ham,"Hi Vikram, hope you are doing well! It's been a while since we talked."
ham,Thanks for the help earlier! Really appreciate your quick response.
ham,Thanks for the help earlier! Really appreciate your quick response.
spam,Get rich quick with guaranteed daily returns of 25% on crypto trading! Join our VIP Telegram channel at http://gift-portal.com. No prior experience needed.
spam,"Instant Personal Loan approved up to $75,000 with 0% processing fee and minimal documentation! Apply within 2 hours at http://promo-deal.info."
ham,Just reached home safely. Let me know when you reach your hostel.
spam,"CONGRATULATIONS! You have won a cash prize of $5,000 in the National Telecom Lottery! Call +1-800-419-7820 or visit http://gift-portal.com to claim now. T&C apply."
ham,Did you complete the Big Data Analytics practical assignment for this week?
ham,Please find attached the updated project report and data pipeline code.
ham,Can you share the lecture slides from yesterday's distributed computing class?
ham,Thanks for the help earlier! Really appreciate your quick response.
ham,"Hey Amit, are we still meeting for the project discussion at 3:30 PM today?"
ham,"Don't worry about the presentation, we have prepared all the slides well."
ham,Your OTP for net banking login is 556285. Valid for 10 minutes. Do not share.
spam,"WINNER! As a valued customer, you have been selected to receive a FREE iPhone 15 Pro. Reply CLAIM to 99100 or click http://fast-loan-app.co today only!"
ham,"Ok, I will reach college by 10:30 AM. Please save a seat for me."
spam,"FREE entry into our weekly $5,000 sweepstakes! Text WIN to 88202 now to register your free lucky draw ticket."
ham,Your order #44426 has been delivered successfully. Thank you for shopping with us.
ham,"Don't worry about the presentation, we have prepared all the slides well."
ham,I'll bring my laptop charger with me so we can work on the lab assignment.
ham,Are you coming to the seminar on Cloud Computing and Spark in the auditorium?
ham,Good morning! Remember to submit the lab record before 5 PM today.
spam,"Dear Customer, your electricity connection will be disconnected tonight at 9:30 PM due to unpaid bill. Call helpline +1-800-419-7820 immediately."
ham,Good morning! Remember to submit the lab record before 5 PM today.
ham,Your order #86654 has been delivered successfully. Thank you for shopping with us.
ham,Did you complete the Big Data Analytics practical assignment for this week?
ham,Where should we order lunch from today? Pizza or sandwiches?
spam,"CONGRATULATIONS! You have won a cash prize of $1,000 in the National Telecom Lottery! Call +1-800-555-0199 or visit http://promo-deal.info to claim now. T&C apply."
ham,"I am stuck in traffic near the circle, will be delayed by 15 minutes."
ham,The library book 'Introduction to Algorithms' is due for return on Friday.
spam,"ALERT: Unclaimed lottery reward of $5,000 waiting for your mobile number. Call +1-800-419-7820 now to transfer funds to your bank account."
ham,Happy Birthday Tanvi! Wishing you a wonderful and successful year ahead.
ham,The results for the midterm examination will be announced next Monday.
ham,Did you complete the Big Data Analytics practical assignment for this week?
ham,Did you complete the Big Data Analytics practical assignment for this week?
ham,The bus is arriving at platform 4 in five minutes.
spam,Get rich quick with guaranteed daily returns of 25% on crypto trading! Join our VIP Telegram channel at http://secure-verify.net. No prior experience needed.
ham,Your order #41479 has been delivered successfully. Thank you for shopping with us.
spam,Special promotional offer: 100 GB High Speed 5G Data for just $1.99! Recharge now at http://fast-loan-app.co before the offer expires at midnight.
ham,Got your email with the dataset CSV. Loading it into Spark DataFrame now.
ham,Let's catch up over coffee this evening at the student cafeteria.
ham,"Yes, I already verified the cluster configuration on Spark master node."
ham,The results for the midterm examination will be announced next Monday.
ham,"Hey Rahul, are we still meeting for the project discussion at 5:00 PM today?"
ham,Got your email with the dataset CSV. Loading it into Spark DataFrame now.
spam,URGENT NOTICE: Your package delivery has been put on hold due to missing delivery address. Pay $1.50 redelivery fee at http://gift-portal.com.
ham,Please send me the PDF notes for Unit 4 data visualization.
ham,Please send me the PDF notes for Unit 4 data visualization.
spam,Special promotional offer: 100 GB High Speed 5G Data for just $1.99! Recharge now at http://promo-deal.info before the offer expires at midnight.
ham,Let's catch up over coffee this evening at the student cafeteria.
ham,Good morning! Remember to submit the lab record before 5 PM today.
ham,"Hi Rahul, hope you are doing well! It's been a while since we talked."
spam,"ALERT: Unclaimed lottery reward of $1,000 waiting for your mobile number. Call +1-800-419-7820 now to transfer funds to your bank account."
spam,"FREE entry into our weekly $5,000 sweepstakes! Text WIN to 88202 now to register your free lucky draw ticket."
spam,"Dear Customer, your electricity connection will be disconnected tonight at 9:30 PM due to unpaid bill. Call helpline +44-20-7946-0921 immediately."
ham,Thanks for the help earlier! Really appreciate your quick response.
ham,Please send me the PDF notes for Unit 4 data visualization.
ham,Thanks for the help earlier! Really appreciate your quick response.
ham,Mom asked if you will be coming home for dinner tonight.
ham,"I checked the PySpark MLlib documentation, the parameter is elasticNetParam."
ham,Happy Birthday Amit! Wishing you a wonderful and successful year ahead.
ham,Please send me the PDF notes for Unit 4 data visualization.
spam,"Dear Customer, your electricity connection will be disconnected tonight at 9:30 PM due to unpaid bill. Call helpline +1-800-555-0199 immediately."
ham,See you tomorrow at 9 AM sharp in the computer lab.
ham,"Hi Priya, hope you are doing well! It's been a while since we talked."
ham,Can you please review the merge request I raised on the repository?
ham,Happy Birthday Rohan! Wishing you a wonderful and successful year ahead.
spam,URGENT NOTICE: Your package delivery has been put on hold due to missing delivery address. Pay $1.50 redelivery fee at http://secure-verify.net.
spam,"FREE entry into our weekly $100,000 sweepstakes! Text WIN to 88202 now to register your free lucky draw ticket."
spam,"ALERT: Unclaimed lottery reward of $1,000 waiting for your mobile number. Call +1-800-419-7820 now to transfer funds to your bank account."
ham,The library book 'Introduction to Algorithms' is due for return on Friday.
spam,Double your mobile balance today! Send FREE to 99100 and get instant 200% bonus talktime and data packs.
ham,"Don't worry about the presentation, we have prepared all the slides well."
ham,Got your email with the dataset CSV. Loading it into Spark DataFrame now.
ham,Happy Birthday Priya! Wishing you a wonderful and successful year ahead.
spam,"WINNER! As a valued customer, you have been selected to receive a FREE iPhone 15 Pro. Reply CLAIM to 55444 or click http://gift-portal.com today only!"
ham,Mom asked if you will be coming home for dinner tonight.
ham,Mom asked if you will be coming home for dinner tonight.
ham,The bus is arriving at platform 4 in five minutes.
spam,"WINNER! As a valued customer, you have been selected to receive a FREE iPhone 15 Pro. Reply CLAIM to 88202 or click http://promo-deal.info today only!"
spam,"CONGRATULATIONS! You have won a cash prize of $10,000 in the National Telecom Lottery! Call +1-800-419-7820 or visit http://promo-deal.info to claim now. T&C apply."
ham,"Hey Amit, are we still meeting for the project discussion at 5:00 PM today?"
spam,Double your mobile balance today! Send FREE to 99100 and get instant 200% bonus talktime and data packs.
ham,The library book 'Introduction to Algorithms' is due for return on Friday.
ham,Your order #16202 has been delivered successfully. Thank you for shopping with us.
ham,Please find attached the updated project report and data pipeline code.
ham,Let's catch up over coffee this evening at the student cafeteria.
ham,The library book 'Introduction to Algorithms' is due for return on Friday.
ham,Happy Birthday Karan! Wishing you a wonderful and successful year ahead.
spam,"CONGRATULATIONS! You have won a cash prize of $1,000 in the National Telecom Lottery! Call +1-888-920-1144 or visit http://fast-loan-app.co to claim now. T&C apply."
ham,Thanks for the help earlier! Really appreciate your quick response.
ham,"Hey Amit, are we still meeting for the project discussion at 5:00 PM today?"
ham,The library book 'Introduction to Algorithms' is due for return on Friday.
ham,Please find attached the updated project report and data pipeline code.
ham,Just reached home safely. Let me know when you reach your hostel.
ham,"Yes, I already verified the cluster configuration on Spark master node."
ham,Your OTP for net banking login is 355958. Valid for 10 minutes. Do not share.
ham,"Ok, I will reach college by 2:00 PM. Please save a seat for me."
ham,Are you coming to the seminar on Cloud Computing and Spark in the auditorium?
ham,Mom asked if you will be coming home for dinner tonight.
ham,Your order #10508 has been delivered successfully. Thank you for shopping with us.
ham,Happy Birthday Arjun! Wishing you a wonderful and successful year ahead.
ham,Are you coming to the seminar on Cloud Computing and Spark in the auditorium?
ham,See you tomorrow at 9 AM sharp in the computer lab.
ham,Your OTP for net banking login is 605065. Valid for 10 minutes. Do not share.
ham,Mom asked if you will be coming home for dinner tonight.
ham,Got your email with the dataset CSV. Loading it into Spark DataFrame now.
ham,Your OTP for net banking login is 744414. Valid for 10 minutes. Do not share.
ham,Please find attached the updated project report and data pipeline code.
ham,"Call me whenever you get free, need to discuss the weekend plans."
spam,"Dear Customer, your electricity connection will be disconnected tonight at 9:30 PM due to unpaid bill. Call helpline +1-800-419-7820 immediately."
ham,The bus is arriving at platform 4 in five minutes.
ham,Please send me the PDF notes for Unit 4 data visualization.
ham,Good morning! Remember to submit the lab record before 5 PM today.
ham,"I am stuck in traffic near the circle, will be delayed by 15 minutes."
ham,"I checked the PySpark MLlib documentation, the parameter is elasticNetParam."
ham,"I checked the PySpark MLlib documentation, the parameter is elasticNetParam."
ham,"Hi Neha, hope you are doing well! It's been a while since we talked."
spam,"WINNER! As a valued customer, you have been selected to receive a FREE iPhone 15 Pro. Reply CLAIM to 88202 or click http://promo-deal.info today only!"
ham,Your OTP for net banking login is 898169. Valid for 10 minutes. Do not share.
ham,Are you coming to the seminar on Cloud Computing and Spark in the auditorium?
ham,I'll bring my laptop charger with me so we can work on the lab assignment.
ham,Happy Birthday Neha! Wishing you a wonderful and successful year ahead.
spam,"ALERT: Unclaimed lottery reward of $50,000 waiting for your mobile number. Call +1-888-920-1144 now to transfer funds to your bank account."
ham,Happy Birthday Ananya! Wishing you a wonderful and successful year ahead.
spam,Hot singles in your area want to meet you tonight! Click http://promo-deal.info to chat live and browse profiles for free.
ham,The bus is arriving at platform 4 in five minutes.
ham,The results for the midterm examination will be announced next Monday.
ham,See you tomorrow at 9 AM sharp in the computer lab.
ham,Can you share the lecture slides from yesterday's distributed computing class?
ham,Please send me the PDF notes for Unit 4 data visualization.
ham,"Hi Rahul, hope you are doing well! It's been a while since we talked."
ham,Good morning! Remember to submit the lab record before 5 PM today.
ham,Did you complete the Big Data Analytics practical assignment for this week?
spam,Congratulations! You qualify for debt forgiveness and credit score repair. Call our financial counselor now at +1-800-555-0199 to eliminate debt.
ham,Are you coming to the seminar on Cloud Computing and Spark in the auditorium?
ham,Your order #55643 has been delivered successfully. Thank you for shopping with us.
ham,Good morning! Remember to submit the lab record before 5 PM today.
ham,"I checked the PySpark MLlib documentation, the parameter is elasticNetParam."
ham,Can you please review the merge request I raised on the repository?
spam,"Dear Customer, your electricity connection will be disconnected tonight at 9:30 PM due to unpaid bill. Call helpline +1-800-419-7820 immediately."
ham,Can you share the lecture slides from yesterday's distributed computing class?
ham,Your OTP for net banking login is 382323. Valid for 10 minutes. Do not share.
ham,"I checked the PySpark MLlib documentation, the parameter is elasticNetParam."
spam,Double your mobile balance today! Send FREE to 99100 and get instant 200% bonus talktime and data packs.
ham,The results for the midterm examination will be announced next Monday.
spam,Double your mobile balance today! Send FREE to 55444 and get instant 200% bonus talktime and data packs.
ham,"Call me whenever you get free, need to discuss the weekend plans."
ham,"I checked the PySpark MLlib documentation, the parameter is elasticNetParam."
ham,Thanks for the help earlier! Really appreciate your quick response.
ham,The results for the midterm examination will be announced next Monday.
ham,"Hi Vikram, hope you are doing well! It's been a while since we talked."
ham,Where should we order lunch from today? Pizza or sandwiches?
ham,Are you coming to the seminar on Cloud Computing and Spark in the auditorium?
ham,Where should we order lunch from today? Pizza or sandwiches?
ham,Can you please review the merge request I raised on the repository?
ham,"Yes, I already verified the cluster configuration on Spark master node."
ham,Mom asked if you will be coming home for dinner tonight.
ham,"Call me whenever you get free, need to discuss the weekend plans."
ham,"Ok, I will reach college by 10:30 AM. Please save a seat for me."
ham,The bus is arriving at platform 4 in five minutes.
spam,URGENT! Your bank account ending in 5232 has been suspended due to suspicious activity. Verify immediately at http://gift-portal.com to avoid permanent freeze.
ham,The bus is arriving at platform 4 in five minutes.
ham,Good morning! Remember to submit the lab record before 5 PM today.
ham,"Hi Sneha, hope you are doing well! It's been a while since we talked."
ham,"Ok, I will reach college by 5:00 PM. Please save a seat for me."
ham,"Hi Tanvi, hope you are doing well! It's been a while since we talked."
ham,"Don't worry about the presentation, we have prepared all the slides well."
ham,"I checked the PySpark MLlib documentation, the parameter is elasticNetParam."
ham,The bus is arriving at platform 4 in five minutes.
ham,Just reached home safely. Let me know when you reach your hostel.
ham,Your order #33203 has been delivered successfully. Thank you for shopping with us.
spam,Special promotional offer: 100 GB High Speed 5G Data for just $1.99! Recharge now at http://fast-loan-app.co before the offer expires at midnight.
ham,Where should we order lunch from today? Pizza or sandwiches?
ham,Did you complete the Big Data Analytics practical assignment for this week?
ham,The exam schedule has been released on the university student portal.
ham,Please send me the PDF notes for Unit 4 data visualization.
ham,"Hey Neha, are we still meeting for the project discussion at 10:30 AM today?"
ham,"I am stuck in traffic near the circle, will be delayed by 15 minutes."
ham,Let's catch up over coffee this evening at the student cafeteria.
spam,Congratulations! You qualify for debt forgiveness and credit score repair. Call our financial counselor now at +44-20-7946-0921 to eliminate debt.
ham,"Hi Neha, hope you are doing well! It's been a while since we talked."
ham,The bus is arriving at platform 4 in five minutes.
ham,"Yes, I already verified the cluster configuration on Spark master node."
ham,The bus is arriving at platform 4 in five minutes.
ham,"Hi Neha, hope you are doing well! It's been a while since we talked."
ham,Got your email with the dataset CSV. Loading it into Spark DataFrame now.
spam,"ALERT: Unclaimed lottery reward of $50,000 waiting for your mobile number. Call +1-888-920-1144 now to transfer funds to your bank account."
ham,"Yes, I already verified the cluster configuration on Spark master node."
ham,Mom asked if you will be coming home for dinner tonight.
ham,Thanks for the help earlier! Really appreciate your quick response.
ham,Can you share the lecture slides from yesterday's distributed computing class?
ham,The exam schedule has been released on the university student portal.
ham,Happy Birthday Arjun! Wishing you a wonderful and successful year ahead.
ham,The results for the midterm examination will be announced next Monday.
spam,"FREE entry into our weekly $50,000 sweepstakes! Text WIN to 55444 now to register your free lucky draw ticket."
spam,Double your mobile balance today! Send FREE to 55444 and get instant 200% bonus talktime and data packs.
ham,"Don't worry about the presentation, we have prepared all the slides well."
ham,I'll bring my laptop charger with me so we can work on the lab assignment.
ham,"Hey Arjun, are we still meeting for the project discussion at 4:15 PM today?"
ham,See you tomorrow at 9 AM sharp in the computer lab.
ham,Your order #22420 has been delivered successfully. Thank you for shopping with us.
ham,Thanks for the help earlier! Really appreciate your quick response.
ham,"Don't worry about the presentation, we have prepared all the slides well."
ham,Did you complete the Big Data Analytics practical assignment for this week?
spam,Special promotional offer: 100 GB High Speed 5G Data for just $1.99! Recharge now at http://promo-deal.info before the offer expires at midnight.
ham,Got your email with the dataset CSV. Loading it into Spark DataFrame now.
ham,The exam schedule has been released on the university student portal.
ham,Are you coming to the seminar on Cloud Computing and Spark in the auditorium?
ham,Got your email with the dataset CSV. Loading it into Spark DataFrame now.
ham,Got your email with the dataset CSV. Loading it into Spark DataFrame now.
ham,"I checked the PySpark MLlib documentation, the parameter is elasticNetParam."
ham,The bus is arriving at platform 4 in five minutes.
spam,"Dear Customer, your electricity connection will be disconnected tonight at 9:30 PM due to unpaid bill. Call helpline +1-800-555-0199 immediately."
spam,"Instant Personal Loan approved up to $75,000 with 0% processing fee and minimal documentation! Apply within 2 hours at http://promo-deal.info."
ham,Can you please review the merge request I raised on the repository?
ham,Got your email with the dataset CSV. Loading it into Spark DataFrame now.
ham,Happy Birthday Ananya! Wishing you a wonderful and successful year ahead.
spam,"Dear Customer, your electricity connection will be disconnected tonight at 9:30 PM due to unpaid bill. Call helpline +1-888-920-1144 immediately."
ham,Your OTP for net banking login is 362276. Valid for 10 minutes. Do not share.
spam,URGENT NOTICE: Your package delivery has been put on hold due to missing delivery address. Pay $1.50 redelivery fee at http://spam-claim.biz.
spam,Exclusive Offer! Get 85% discount on top designer watches and luxury perfumes. Shop now at http://fast-loan-app.co. Limited stocks available!
ham,"Hey Priya, are we still meeting for the project discussion at 10:30 AM today?"
spam,You have won a free 4-night luxury holiday voucher to Bali! Reply YES to 77331 to receive your booking code immediately.
ham,Happy Birthday Sneha! Wishing you a wonderful and successful year ahead.
ham,The bus is arriving at platform 4 in five minutes.
ham,Can you please review the merge request I raised on the repository?
ham,"Don't worry about the presentation, we have prepared all the slides well."
ham,See you tomorrow at 9 AM sharp in the computer lab.
spam,You have won a free 4-night luxury holiday voucher to Bali! Reply YES to 99100 to receive your booking code immediately.
ham,Your OTP for net banking login is 227324. Valid for 10 minutes. Do not share.
ham,Please send me the PDF notes for Unit 4 data visualization.
ham,The library book 'Introduction to Algorithms' is due for return on Friday.
ham,"I am stuck in traffic near the circle, will be delayed by 15 minutes."
spam,"ALERT: Unclaimed lottery reward of $10,000 waiting for your mobile number. Call +1-888-920-1144 now to transfer funds to your bank account."
ham,Please find attached the updated project report and data pipeline code.
spam,"ALERT: Unclaimed lottery reward of $1,000 waiting for your mobile number. Call +1-800-555-0199 now to transfer funds to your bank account."
ham,Good morning! Remember to submit the lab record before 5 PM today.
ham,Good morning! Remember to submit the lab record before 5 PM today.
spam,"Dear Customer, your electricity connection will be disconnected tonight at 9:30 PM due to unpaid bill. Call helpline +1-800-555-0199 immediately."
ham,The results for the midterm examination will be announced next Monday.
ham,I'll bring my laptop charger with me so we can work on the lab assignment.
ham,"Yes, I already verified the cluster configuration on Spark master node."
ham,Happy Birthday Neha! Wishing you a wonderful and successful year ahead.
ham,"Yes, I already verified the cluster configuration on Spark master node."
ham,"Hi Tanvi, hope you are doing well! It's been a while since we talked."
ham,Please send me the PDF notes for Unit 4 data visualization.
spam,Hot singles in your area want to meet you tonight! Click http://promo-deal.info to chat live and browse profiles for free.
spam,Exclusive Offer! Get 85% discount on top designer watches and luxury perfumes. Shop now at http://secure-verify.net. Limited stocks available!
ham,Please find attached the updated project report and data pipeline code.
spam,URGENT NOTICE: Your package delivery has been put on hold due to missing delivery address. Pay $1.50 redelivery fee at http://fast-loan-app.co.
ham,Thanks for the help earlier! Really appreciate your quick response.
ham,Can you share the lecture slides from yesterday's distributed computing class?
ham,Thanks for the help earlier! Really appreciate your quick response.
ham,Let's catch up over coffee this evening at the student cafeteria.
ham,Happy Birthday Karan! Wishing you a wonderful and successful year ahead.
ham,I'll bring my laptop charger with me so we can work on the lab assignment.
ham,Your OTP for net banking login is 142420. Valid for 10 minutes. Do not share.
ham,Happy Birthday Rohan! Wishing you a wonderful and successful year ahead.
ham,Your OTP for net banking login is 422766. Valid for 10 minutes. Do not share.
ham,Please find attached the updated project report and data pipeline code.
ham,I'll bring my laptop charger with me so we can work on the lab assignment.
spam,Hot singles in your area want to meet you tonight! Click http://gift-portal.com to chat live and browse profiles for free.
ham,Mom asked if you will be coming home for dinner tonight.
spam,URGENT! Your bank account ending in 6014 has been suspended due to suspicious activity. Verify immediately at http://promo-deal.info to avoid permanent freeze.
ham,"Don't worry about the presentation, we have prepared all the slides well."
ham,Thanks for the help earlier! Really appreciate your quick response.
ham,"I checked the PySpark MLlib documentation, the parameter is elasticNetParam."
ham,Please send me the PDF notes for Unit 4 data visualization.
ham,Mom asked if you will be coming home for dinner tonight.
ham,Good morning! Remember to submit the lab record before 5 PM today.
ham,"Hey Rahul, are we still meeting for the project discussion at 10:30 AM today?"
ham,Got your email with the dataset CSV. Loading it into Spark DataFrame now.
ham,Did you complete the Big Data Analytics practical assignment for this week?
ham,"Don't worry about the presentation, we have prepared all the slides well."
ham,Let's catch up over coffee this evening at the student cafeteria.
ham,Please send me the PDF notes for Unit 4 data visualization.
ham,Mom asked if you will be coming home for dinner tonight.
ham,Good morning! Remember to submit the lab record before 5 PM today.
ham,"Ok, I will reach college by 11:00 AM. Please save a seat for me."
ham,"Hi Rohan, hope you are doing well! It's been a while since we talked."
ham,Are you coming to the seminar on Cloud Computing and Spark in the auditorium?
spam,Congratulations! You qualify for debt forgiveness and credit score repair. Call our financial counselor now at +44-20-7946-0921 to eliminate debt.
spam,"Dear Customer, your electricity connection will be disconnected tonight at 9:30 PM due to unpaid bill. Call helpline +1-800-555-0199 immediately."
ham,The results for the midterm examination will be announced next Monday.
ham,Did you complete the Big Data Analytics practical assignment for this week?
ham,"Don't worry about the presentation, we have prepared all the slides well."
ham,Can you share the lecture slides from yesterday's distributed computing class?
ham,Your OTP for net banking login is 223374. Valid for 10 minutes. Do not share.
ham,"Don't worry about the presentation, we have prepared all the slides well."
ham,"Don't worry about the presentation, we have prepared all the slides well."
ham,Did you complete the Big Data Analytics practical assignment for this week?
ham,Mom asked if you will be coming home for dinner tonight.
ham,Can you share the lecture slides from yesterday's distributed computing class?
ham,Let's catch up over coffee this evening at the student cafeteria.
ham,Can you please review the merge request I raised on the repository?
ham,Can you please review the merge request I raised on the repository?
spam,"Instant Personal Loan approved up to $75,000 with 0% processing fee and minimal documentation! Apply within 2 hours at http://spam-claim.biz."
ham,"Hey Sneha, are we still meeting for the project discussion at 5:00 PM today?"
spam,Exclusive Offer! Get 85% discount on top designer watches and luxury perfumes. Shop now at http://promo-deal.info. Limited stocks available!
spam,Special promotional offer: 100 GB High Speed 5G Data for just $1.99! Recharge now at http://fast-loan-app.co before the offer expires at midnight.
ham,I'll bring my laptop charger with me so we can work on the lab assignment.
ham,Got your email with the dataset CSV. Loading it into Spark DataFrame now.
ham,"Ok, I will reach college by 3:30 PM. Please save a seat for me."
ham,Thanks for the help earlier! Really appreciate your quick response.
ham,"Ok, I will reach college by 4:15 PM. Please save a seat for me."
ham,Let's catch up over coffee this evening at the student cafeteria.
spam,"FREE entry into our weekly $1,000 sweepstakes! Text WIN to 77331 now to register your free lucky draw ticket."
ham,"Hey Rahul, are we still meeting for the project discussion at 5:00 PM today?"
ham,"I am stuck in traffic near the circle, will be delayed by 15 minutes."
ham,See you tomorrow at 9 AM sharp in the computer lab.
spam,Get rich quick with guaranteed daily returns of 25% on crypto trading! Join our VIP Telegram channel at http://secure-verify.net. No prior experience needed.
ham,The exam schedule has been released on the university student portal.
ham,"Don't worry about the presentation, we have prepared all the slides well."
ham,Your OTP for net banking login is 603534. Valid for 10 minutes. Do not share.
ham,Please send me the PDF notes for Unit 4 data visualization.
ham,Got your email with the dataset CSV. Loading it into Spark DataFrame now.
ham,Are you coming to the seminar on Cloud Computing and Spark in the auditorium?
spam,"FREE entry into our weekly $10,000 sweepstakes! Text WIN to 88202 now to register your free lucky draw ticket."
ham,Good morning! Remember to submit the lab record before 5 PM today.
ham,Thanks for the help earlier! Really appreciate your quick response.
ham,"Ok, I will reach college by 5:00 PM. Please save a seat for me."
spam,Special promotional offer: 100 GB High Speed 5G Data for just $1.99! Recharge now at http://spam-claim.biz before the offer expires at midnight.
ham,"Yes, I already verified the cluster configuration on Spark master node."
spam,Congratulations! You qualify for debt forgiveness and credit score repair. Call our financial counselor now at +1-800-555-0199 to eliminate debt.
spam,Double your mobile balance today! Send FREE to 88202 and get instant 200% bonus talktime and data packs.
spam,URGENT NOTICE: Your package delivery has been put on hold due to missing delivery address. Pay $1.50 redelivery fee at http://gift-portal.com.
ham,Did you complete the Big Data Analytics practical assignment for this week?
spam,Special promotional offer: 100 GB High Speed 5G Data for just $1.99! Recharge now at http://fast-loan-app.co before the offer expires at midnight.
spam,Exclusive Offer! Get 85% discount on top designer watches and luxury perfumes. Shop now at http://spam-claim.biz. Limited stocks available!
ham,"Ok, I will reach college by 3:30 PM. Please save a seat for me."
ham,Good morning! Remember to submit the lab record before 5 PM today.
ham,Mom asked if you will be coming home for dinner tonight.
ham,See you tomorrow at 9 AM sharp in the computer lab.
ham,The library book 'Introduction to Algorithms' is due for return on Friday.
ham,"I am stuck in traffic near the circle, will be delayed by 15 minutes."
spam,You have won a free 4-night luxury holiday voucher to Bali! Reply YES to 99100 to receive your booking code immediately.
spam,"Dear Customer, your electricity connection will be disconnected tonight at 9:30 PM due to unpaid bill. Call helpline +1-800-419-7820 immediately."
ham,Thanks for the help earlier! Really appreciate your quick response.
spam,"ALERT: Unclaimed lottery reward of $100,000 waiting for your mobile number. Call +1-888-920-1144 now to transfer funds to your bank account."
spam,Hot singles in your area want to meet you tonight! Click http://promo-deal.info to chat live and browse profiles for free.
ham,Just reached home safely. Let me know when you reach your hostel.
ham,Please send me the PDF notes for Unit 4 data visualization.
ham,"Call me whenever you get free, need to discuss the weekend plans."
spam,URGENT! Your bank account ending in 1581 has been suspended due to suspicious activity. Verify immediately at http://gift-portal.com to avoid permanent freeze.
ham,Thanks for the help earlier! Really appreciate your quick response.
ham,"Don't worry about the presentation, we have prepared all the slides well."
spam,URGENT NOTICE: Your package delivery has been put on hold due to missing delivery address. Pay $1.50 redelivery fee at http://spam-claim.biz.
ham,The exam schedule has been released on the university student portal.
ham,"I checked the PySpark MLlib documentation, the parameter is elasticNetParam."
ham,The library book 'Introduction to Algorithms' is due for return on Friday.
ham,"I checked the PySpark MLlib documentation, the parameter is elasticNetParam."
ham,The exam schedule has been released on the university student portal.
ham,Your order #39428 has been delivered successfully. Thank you for shopping with us.
ham,Mom asked if you will be coming home for dinner tonight.
ham,Are you coming to the seminar on Cloud Computing and Spark in the auditorium?
ham,The results for the midterm examination will be announced next Monday.
ham,Please find attached the updated project report and data pipeline code.
ham,Your OTP for net banking login is 791253. Valid for 10 minutes. Do not share.
ham,"Call me whenever you get free, need to discuss the weekend plans."
ham,See you tomorrow at 9 AM sharp in the computer lab.
ham,"I checked the PySpark MLlib documentation, the parameter is elasticNetParam."
ham,Can you share the lecture slides from yesterday's distributed computing class?
spam,"FREE entry into our weekly $100,000 sweepstakes! Text WIN to 88202 now to register your free lucky draw ticket."
ham,"Don't worry about the presentation, we have prepared all the slides well."
spam,Exclusive Offer! Get 85% discount on top designer watches and luxury perfumes. Shop now at http://spam-claim.biz. Limited stocks available!
spam,URGENT NOTICE: Your package delivery has been put on hold due to missing delivery address. Pay $1.50 redelivery fee at http://gift-portal.com.
ham,Did you complete the Big Data Analytics practical assignment for this week?
ham,"I checked the PySpark MLlib documentation, the parameter is elasticNetParam."
ham,Let's catch up over coffee this evening at the student cafeteria.
ham,Your OTP for net banking login is 738996. Valid for 10 minutes. Do not share.
spam,Hot singles in your area want to meet you tonight! Click http://secure-verify.net to chat live and browse profiles for free.
ham,The library book 'Introduction to Algorithms' is due for return on Friday.
ham,"Hey Karan, are we still meeting for the project discussion at 2:00 PM today?"
ham,Let's catch up over coffee this evening at the student cafeteria.
ham,"I checked the PySpark MLlib documentation, the parameter is elasticNetParam."
ham,Please find attached the updated project report and data pipeline code.
ham,Your OTP for net banking login is 180877. Valid for 10 minutes. Do not share.
ham,"Ok, I will reach college by 5:00 PM. Please save a seat for me."
ham,"I am stuck in traffic near the circle, will be delayed by 15 minutes."
ham,Your OTP for net banking login is 288280. Valid for 10 minutes. Do not share.
ham,I'll bring my laptop charger with me so we can work on the lab assignment.
ham,"I am stuck in traffic near the circle, will be delayed by 15 minutes."
ham,Can you please review the merge request I raised on the repository?
spam,Get rich quick with guaranteed daily returns of 25% on crypto trading! Join our VIP Telegram channel at http://spam-claim.biz. No prior experience needed.
spam,"CONGRATULATIONS! You have won a cash prize of $100,000 in the National Telecom Lottery! Call +1-888-920-1144 or visit http://fast-loan-app.co to claim now. T&C apply."
ham,Can you share the lecture slides from yesterday's distributed computing class?
ham,Can you please review the merge request I raised on the repository?
ham,The exam schedule has been released on the university student portal.
ham,Got your email with the dataset CSV. Loading it into Spark DataFrame now.
ham,"I am stuck in traffic near the circle, will be delayed by 15 minutes."
spam,URGENT! Your bank account ending in 9580 has been suspended due to suspicious activity. Verify immediately at http://promo-deal.info to avoid permanent freeze.
ham,Where should we order lunch from today? Pizza or sandwiches?
spam,Hot singles in your area want to meet you tonight! Click http://fast-loan-app.co to chat live and browse profiles for free.
ham,Got your email with the dataset CSV. Loading it into Spark DataFrame now.
ham,Please send me the PDF notes for Unit 4 data visualization.
spam,"Dear Customer, your electricity connection will be disconnected tonight at 9:30 PM due to unpaid bill. Call helpline +44-20-7946-0921 immediately."
spam,"Instant Personal Loan approved up to $75,000 with 0% processing fee and minimal documentation! Apply within 2 hours at http://fast-loan-app.co."
ham,See you tomorrow at 9 AM sharp in the computer lab.
spam,URGENT NOTICE: Your package delivery has been put on hold due to missing delivery address. Pay $1.50 redelivery fee at http://spam-claim.biz.
ham,Good morning! Remember to submit the lab record before 5 PM today.
ham,Your order #84351 has been delivered successfully. Thank you for shopping with us.
spam,URGENT! Your bank account ending in 1378 has been suspended due to suspicious activity. Verify immediately at http://spam-claim.biz to avoid permanent freeze.
ham,"Ok, I will reach college by 11:00 AM. Please save a seat for me."
ham,The library book 'Introduction to Algorithms' is due for return on Friday.
spam,Exclusive Offer! Get 85% discount on top designer watches and luxury perfumes. Shop now at http://gift-portal.com. Limited stocks available!
ham,Thanks for the help earlier! Really appreciate your quick response.
ham,"Call me whenever you get free, need to discuss the weekend plans."
spam,Double your mobile balance today! Send FREE to 99100 and get instant 200% bonus talktime and data packs.
ham,The library book 'Introduction to Algorithms' is due for return on Friday.
ham,Your order #31591 has been delivered successfully. Thank you for shopping with us.
spam,Exclusive Offer! Get 85% discount on top designer watches and luxury perfumes. Shop now at http://promo-deal.info. Limited stocks available!
ham,Good morning! Remember to submit the lab record before 5 PM today.
ham,Just reached home safely. Let me know when you reach your hostel.
ham,"I am stuck in traffic near the circle, will be delayed by 15 minutes."
ham,The bus is arriving at platform 4 in five minutes.
spam,"Instant Personal Loan approved up to $25,000 with 0% processing fee and minimal documentation! Apply within 2 hours at http://gift-portal.com."
ham,Mom asked if you will be coming home for dinner tonight.
spam,"FREE entry into our weekly $10,000 sweepstakes! Text WIN to 88202 now to register your free lucky draw ticket."
ham,Thanks for the help earlier! Really appreciate your quick response.
ham,Please find attached the updated project report and data pipeline code.
ham,Thanks for the help earlier! Really appreciate your quick response.
ham,See you tomorrow at 9 AM sharp in the computer lab.
spam,"Instant Personal Loan approved up to $50,000 with 0% processing fee and minimal documentation! Apply within 2 hours at http://secure-verify.net."
ham,The bus is arriving at platform 4 in five minutes.
ham,The library book 'Introduction to Algorithms' is due for return on Friday.
ham,Let's catch up over coffee this evening at the student cafeteria.
ham,"Yes, I already verified the cluster configuration on Spark master node."
ham,Happy Birthday Rohan! Wishing you a wonderful and successful year ahead.
ham,"Call me whenever you get free, need to discuss the weekend plans."
ham,The library book 'Introduction to Algorithms' is due for return on Friday.
ham,Where should we order lunch from today? Pizza or sandwiches?
ham,Your OTP for net banking login is 721982. Valid for 10 minutes. Do not share.
ham,The results for the midterm examination will be announced next Monday.
ham,"Don't worry about the presentation, we have prepared all the slides well."
ham,Thanks for the help earlier! Really appreciate your quick response.
spam,"Instant Personal Loan approved up to $75,000 with 0% processing fee and minimal documentation! Apply within 2 hours at http://gift-portal.com."
spam,Special promotional offer: 100 GB High Speed 5G Data for just $1.99! Recharge now at http://secure-verify.net before the offer expires at midnight.
ham,The exam schedule has been released on the university student portal.
ham,"Don't worry about the presentation, we have prepared all the slides well."
spam,"FREE entry into our weekly $5,000 sweepstakes! Text WIN to 88202 now to register your free lucky draw ticket."
ham,Your OTP for net banking login is 883818. Valid for 10 minutes. Do not share.
spam,Exclusive Offer! Get 85% discount on top designer watches and luxury perfumes. Shop now at http://fast-loan-app.co. Limited stocks available!
spam,Hot singles in your area want to meet you tonight! Click http://spam-claim.biz to chat live and browse profiles for free.
spam,"WINNER! As a valued customer, you have been selected to receive a FREE iPhone 15 Pro. Reply CLAIM to 77331 or click http://secure-verify.net today only!"
ham,Can you please review the merge request I raised on the repository?
ham,The exam schedule has been released on the university student portal.
ham,Are you coming to the seminar on Cloud Computing and Spark in the auditorium?
ham,"I checked the PySpark MLlib documentation, the parameter is elasticNetParam."
ham,Your order #10599 has been delivered successfully. Thank you for shopping with us.
ham,Can you please review the merge request I raised on the repository?
spam,URGENT NOTICE: Your package delivery has been put on hold due to missing delivery address. Pay $1.50 redelivery fee at http://spam-claim.biz.
ham,"I checked the PySpark MLlib documentation, the parameter is elasticNetParam."
ham,"I am stuck in traffic near the circle, will be delayed by 15 minutes."
ham,Let's catch up over coffee this evening at the student cafeteria.
ham,Where should we order lunch from today? Pizza or sandwiches?
ham,Thanks for the help earlier! Really appreciate your quick response.
ham,Where should we order lunch from today? Pizza or sandwiches?
ham,Did you complete the Big Data Analytics practical assignment for this week?
ham,Can you please review the merge request I raised on the repository?
ham,Good morning! Remember to submit the lab record before 5 PM today.
spam,URGENT NOTICE: Your package delivery has been put on hold due to missing delivery address. Pay $1.50 redelivery fee at http://secure-verify.net.
ham,"Don't worry about the presentation, we have prepared all the slides well."
spam,URGENT NOTICE: Your package delivery has been put on hold due to missing delivery address. Pay $1.50 redelivery fee at http://fast-loan-app.co.
spam,URGENT! Your bank account ending in 9836 has been suspended due to suspicious activity. Verify immediately at http://spam-claim.biz to avoid permanent freeze.
spam,Hot singles in your area want to meet you tonight! Click http://secure-verify.net to chat live and browse profiles for free.
ham,Are you coming to the seminar on Cloud Computing and Spark in the auditorium?
ham,"Call me whenever you get free, need to discuss the weekend plans."
ham,The bus is arriving at platform 4 in five minutes.
ham,Can you please review the merge request I raised on the repository?
ham,Happy Birthday Priya! Wishing you a wonderful and successful year ahead.
ham,I'll bring my laptop charger with me so we can work on the lab assignment.
ham,Got your email with the dataset CSV. Loading it into Spark DataFrame now.
spam,Special promotional offer: 100 GB High Speed 5G Data for just $1.99! Recharge now at http://spam-claim.biz before the offer expires at midnight.
ham,The library book 'Introduction to Algorithms' is due for return on Friday.
ham,I'll bring my laptop charger with me so we can work on the lab assignment.
ham,Please send me the PDF notes for Unit 4 data visualization.
ham,Please find attached the updated project report and data pipeline code.
spam,URGENT! Your bank account ending in 3527 has been suspended due to suspicious activity. Verify immediately at http://spam-claim.biz to avoid permanent freeze.
spam,You have won a free 4-night luxury holiday voucher to Bali! Reply YES to 77331 to receive your booking code immediately.
ham,The library book 'Introduction to Algorithms' is due for return on Friday.
ham,"Yes, I already verified the cluster configuration on Spark master node."
ham,"Hey Priya, are we still meeting for the project discussion at 10:30 AM today?"
ham,Can you please review the merge request I raised on the repository?
spam,You have won a free 4-night luxury holiday voucher to Bali! Reply YES to 88202 to receive your booking code immediately.
ham,"I am stuck in traffic near the circle, will be delayed by 15 minutes."
ham,"Ok, I will reach college by 5:00 PM. Please save a seat for me."
ham,Please send me the PDF notes for Unit 4 data visualization.
ham,"I checked the PySpark MLlib documentation, the parameter is elasticNetParam."
ham,The library book 'Introduction to Algorithms' is due for return on Friday.
ham,"Hi Rahul, hope you are doing well! It's been a while since we talked."
ham,See you tomorrow at 9 AM sharp in the computer lab.
spam,"Dear Customer, your electricity connection will be disconnected tonight at 9:30 PM due to unpaid bill. Call helpline +44-20-7946-0921 immediately."
ham,Your OTP for net banking login is 305884. Valid for 10 minutes. Do not share.
ham,The results for the midterm examination will be announced next Monday.
ham,The bus is arriving at platform 4 in five minutes.
ham,Got your email with the dataset CSV. Loading it into Spark DataFrame now.
spam,"CONGRATULATIONS! You have won a cash prize of $1,000 in the National Telecom Lottery! Call +44-20-7946-0921 or visit http://fast-loan-app.co to claim now. T&C apply."
ham,Did you complete the Big Data Analytics practical assignment for this week?
ham,"Call me whenever you get free, need to discuss the weekend plans."
ham,See you tomorrow at 9 AM sharp in the computer lab.
ham,Are you coming to the seminar on Cloud Computing and Spark in the auditorium?
ham,The exam schedule has been released on the university student portal.
ham,See you tomorrow at 9 AM sharp in the computer lab.
spam,Hot singles in your area want to meet you tonight! Click http://gift-portal.com to chat live and browse profiles for free.
ham,"Hey Arjun, are we still meeting for the project discussion at 3:30 PM today?"
ham,Can you share the lecture slides from yesterday's distributed computing class?
ham,Happy Birthday Priya! Wishing you a wonderful and successful year ahead.
ham,"Don't worry about the presentation, we have prepared all the slides well."
ham,Please find attached the updated project report and data pipeline code.
ham,Where should we order lunch from today? Pizza or sandwiches?
ham,Mom asked if you will be coming home for dinner tonight.
ham,The bus is arriving at platform 4 in five minutes.
ham,Did you complete the Big Data Analytics practical assignment for this week?
spam,"CONGRATULATIONS! You have won a cash prize of $100,000 in the National Telecom Lottery! Call +1-800-555-0199 or visit http://spam-claim.biz to claim now. T&C apply."
ham,"Yes, I already verified the cluster configuration on Spark master node."
spam,Congratulations! You qualify for debt forgiveness and credit score repair. Call our financial counselor now at +44-20-7946-0921 to eliminate debt.
ham,I'll bring my laptop charger with me so we can work on the lab assignment.
ham,Please send me the PDF notes for Unit 4 data visualization.
spam,Exclusive Offer! Get 85% discount on top designer watches and luxury perfumes. Shop now at http://secure-verify.net. Limited stocks available!
ham,The bus is arriving at platform 4 in five minutes.
ham,"Don't worry about the presentation, we have prepared all the slides well."
ham,"Call me whenever you get free, need to discuss the weekend plans."
spam,Get rich quick with guaranteed daily returns of 25% on crypto trading! Join our VIP Telegram channel at http://secure-verify.net. No prior experience needed.
spam,"Dear Customer, your electricity connection will be disconnected tonight at 9:30 PM due to unpaid bill. Call helpline +1-800-419-7820 immediately."
ham,Just reached home safely. Let me know when you reach your hostel.
ham,Can you please review the merge request I raised on the repository?
ham,Thanks for the help earlier! Really appreciate your quick response.
ham,"Don't worry about the presentation, we have prepared all the slides well."
ham,Please send me the PDF notes for Unit 4 data visualization.
ham,"I am stuck in traffic near the circle, will be delayed by 15 minutes."
ham,The library book 'Introduction to Algorithms' is due for return on Friday.
ham,The results for the midterm examination will be announced next Monday.
ham,The exam schedule has been released on the university student portal.
spam,"Instant Personal Loan approved up to $50,000 with 0% processing fee and minimal documentation! Apply within 2 hours at http://spam-claim.biz."
ham,Where should we order lunch from today? Pizza or sandwiches?
ham,Where should we order lunch from today? Pizza or sandwiches?
ham,"Don't worry about the presentation, we have prepared all the slides well."
ham,The results for the midterm examination will be announced next Monday.
spam,"Instant Personal Loan approved up to $75,000 with 0% processing fee and minimal documentation! Apply within 2 hours at http://fast-loan-app.co."
ham,Your order #71670 has been delivered successfully. Thank you for shopping with us.
ham,See you tomorrow at 9 AM sharp in the computer lab.
ham,"Ok, I will reach college by 4:15 PM. Please save a seat for me."
spam,Special promotional offer: 100 GB High Speed 5G Data for just $1.99! Recharge now at http://secure-verify.net before the offer expires at midnight.
spam,Special promotional offer: 100 GB High Speed 5G Data for just $1.99! Recharge now at http://gift-portal.com before the offer expires at midnight.
ham,See you tomorrow at 9 AM sharp in the computer lab.
ham,Got your email with the dataset CSV. Loading it into Spark DataFrame now.
spam,Special promotional offer: 100 GB High Speed 5G Data for just $1.99! Recharge now at http://secure-verify.net before the offer expires at midnight.
ham,Happy Birthday Tanvi! Wishing you a wonderful and successful year ahead.
spam,URGENT! Your bank account ending in 8374 has been suspended due to suspicious activity. Verify immediately at http://secure-verify.net to avoid permanent freeze.
ham,Mom asked if you will be coming home for dinner tonight.
spam,URGENT! Your bank account ending in 6848 has been suspended due to suspicious activity. Verify immediately at http://fast-loan-app.co to avoid permanent freeze.
ham,Your order #19881 has been delivered successfully. Thank you for shopping with us.
ham,"Yes, I already verified the cluster configuration on Spark master node."
ham,See you tomorrow at 9 AM sharp in the computer lab.
ham,Let's catch up over coffee this evening at the student cafeteria.
ham,Happy Birthday Ananya! Wishing you a wonderful and successful year ahead.
ham,Your order #32778 has been delivered successfully. Thank you for shopping with us.
ham,Mom asked if you will be coming home for dinner tonight.
spam,"Dear Customer, your electricity connection will be disconnected tonight at 9:30 PM due to unpaid bill. Call helpline +44-20-7946-0921 immediately."
spam,Congratulations! You qualify for debt forgiveness and credit score repair. Call our financial counselor now at +1-800-419-7820 to eliminate debt.
spam,Special promotional offer: 100 GB High Speed 5G Data for just $1.99! Recharge now at http://spam-claim.biz before the offer expires at midnight.
spam,"ALERT: Unclaimed lottery reward of $1,000 waiting for your mobile number. Call +1-800-555-0199 now to transfer funds to your bank account."
ham,"Yes, I already verified the cluster configuration on Spark master node."
ham,"Hi Neha, hope you are doing well! It's been a while since we talked."
ham,Got your email with the dataset CSV. Loading it into Spark DataFrame now.
ham,"Don't worry about the presentation, we have prepared all the slides well."
spam,Double your mobile balance today! Send FREE to 77331 and get instant 200% bonus talktime and data packs.
ham,"Call me whenever you get free, need to discuss the weekend plans."
ham,"Ok, I will reach college by 10:30 AM. Please save a seat for me."
spam,URGENT! Your bank account ending in 4298 has been suspended due to suspicious activity. Verify immediately at http://promo-deal.info to avoid permanent freeze.
ham,Got your email with the dataset CSV. Loading it into Spark DataFrame now.
ham,"Yes, I already verified the cluster configuration on Spark master node."
ham,Just reached home safely. Let me know when you reach your hostel.
ham,"Hi Amit, hope you are doing well! It's been a while since we talked."
ham,"Hey Sneha, are we still meeting for the project discussion at 4:15 PM today?"
ham,Mom asked if you will be coming home for dinner tonight.
ham,"Call me whenever you get free, need to discuss the weekend plans."
ham,Mom asked if you will be coming home for dinner tonight.
ham,The library book 'Introduction to Algorithms' is due for return on Friday.
ham,"Hey Vikram, are we still meeting for the project discussion at 10:30 AM today?"
ham,Can you share the lecture slides from yesterday's distributed computing class?
spam,"Dear Customer, your electricity connection will be disconnected tonight at 9:30 PM due to unpaid bill. Call helpline +1-800-555-0199 immediately."
spam,"FREE entry into our weekly $10,000 sweepstakes! Text WIN to 55444 now to register your free lucky draw ticket."
spam,Exclusive Offer! Get 85% discount on top designer watches and luxury perfumes. Shop now at http://gift-portal.com. Limited stocks available!
ham,Let's catch up over coffee this evening at the student cafeteria.
spam,You have won a free 4-night luxury holiday voucher to Bali! Reply YES to 88202 to receive your booking code immediately.
spam,"ALERT: Unclaimed lottery reward of $5,000 waiting for your mobile number. Call +1-800-555-0199 now to transfer funds to your bank account."
ham,The results for the midterm examination will be announced next Monday.
ham,Please find attached the updated project report and data pipeline code.
ham,Are you coming to the seminar on Cloud Computing and Spark in the auditorium?
ham,Got your email with the dataset CSV. Loading it into Spark DataFrame now.
spam,Special promotional offer: 100 GB High Speed 5G Data for just $1.99! Recharge now at http://gift-portal.com before the offer expires at midnight.
ham,The bus is arriving at platform 4 in five minutes.
ham,Can you please review the merge request I raised on the repository?
ham,"Hi Sneha, hope you are doing well! It's been a while since we talked."
ham,Good morning! Remember to submit the lab record before 5 PM today.
ham,The library book 'Introduction to Algorithms' is due for return on Friday.
ham,"Hi Priya, hope you are doing well! It's been a while since we talked."
ham,Can you please review the merge request I raised on the repository?
ham,Please send me the PDF notes for Unit 4 data visualization.
ham,Please find attached the updated project report and data pipeline code.
ham,The exam schedule has been released on the university student portal.
ham,Thanks for the help earlier! Really appreciate your quick response.
ham,See you tomorrow at 9 AM sharp in the computer lab.
spam,Get rich quick with guaranteed daily returns of 25% on crypto trading! Join our VIP Telegram channel at http://fast-loan-app.co. No prior experience needed.
ham,Please find attached the updated project report and data pipeline code.
ham,"Ok, I will reach college by 11:00 AM. Please save a seat for me."
spam,Congratulations! You qualify for debt forgiveness and credit score repair. Call our financial counselor now at +1-888-920-1144 to eliminate debt.
ham,Let's catch up over coffee this evening at the student cafeteria.
ham,Your OTP for net banking login is 725339. Valid for 10 minutes. Do not share.
ham,Your OTP for net banking login is 398636. Valid for 10 minutes. Do not share.
ham,"I checked the PySpark MLlib documentation, the parameter is elasticNetParam."
ham,Happy Birthday Vikram! Wishing you a wonderful and successful year ahead.
spam,Hot singles in your area want to meet you tonight! Click http://gift-portal.com to chat live and browse profiles for free.
ham,See you tomorrow at 9 AM sharp in the computer lab.
ham,Your OTP for net banking login is 437252. Valid for 10 minutes. Do not share.
ham,Just reached home safely. Let me know when you reach your hostel.
ham,Your OTP for net banking login is 722310. Valid for 10 minutes. Do not share.
ham,The exam schedule has been released on the university student portal.
ham,"I am stuck in traffic near the circle, will be delayed by 15 minutes."
ham,Happy Birthday Neha! Wishing you a wonderful and successful year ahead.
ham,Did you complete the Big Data Analytics practical assignment for this week?
spam,URGENT! Your bank account ending in 2579 has been suspended due to suspicious activity. Verify immediately at http://secure-verify.net to avoid permanent freeze.
ham,The exam schedule has been released on the university student portal.
ham,"I am stuck in traffic near the circle, will be delayed by 15 minutes."
ham,The exam schedule has been released on the university student portal.
ham,Just reached home safely. Let me know when you reach your hostel.
spam,Double your mobile balance today! Send FREE to 88202 and get instant 200% bonus talktime and data packs.
ham,Can you share the lecture slides from yesterday's distributed computing class?
ham,"Hi Pooja, hope you are doing well! It's been a while since we talked."
ham,Just reached home safely. Let me know when you reach your hostel.
ham,Can you please review the merge request I raised on the repository?
ham,"Ok, I will reach college by 5:00 PM. Please save a seat for me."
ham,Please find attached the updated project report and data pipeline code.
ham,Did you complete the Big Data Analytics practical assignment for this week?
ham,"Call me whenever you get free, need to discuss the weekend plans."
spam,"FREE entry into our weekly $50,000 sweepstakes! Text WIN to 77331 now to register your free lucky draw ticket."
ham,"Call me whenever you get free, need to discuss the weekend plans."
ham,Thanks for the help earlier! Really appreciate your quick response.
spam,"CONGRATULATIONS! You have won a cash prize of $5,000 in the National Telecom Lottery! Call +1-800-419-7820 or visit http://promo-deal.info to claim now. T&C apply."
spam,"FREE entry into our weekly $50,000 sweepstakes! Text WIN to 99100 now to register your free lucky draw ticket."
ham,The results for the midterm examination will be announced next Monday.
ham,Where should we order lunch from today? Pizza or sandwiches?
ham,Can you share the lecture slides from yesterday's distributed computing class?
ham,I'll bring my laptop charger with me so we can work on the lab assignment.
spam,Congratulations! You qualify for debt forgiveness and credit score repair. Call our financial counselor now at +1-888-920-1144 to eliminate debt.
ham,Good morning! Remember to submit the lab record before 5 PM today.
spam,Double your mobile balance today! Send FREE to 55444 and get instant 200% bonus talktime and data packs.
spam,"Dear Customer, your electricity connection will be disconnected tonight at 9:30 PM due to unpaid bill. Call helpline +1-888-920-1144 immediately."
ham,Good morning! Remember to submit the lab record before 5 PM today.
ham,"Yes, I already verified the cluster configuration on Spark master node."
ham,"Yes, I already verified the cluster configuration on Spark master node."
ham,Mom asked if you will be coming home for dinner tonight.
ham,Your order #94495 has been delivered successfully. Thank you for shopping with us.
ham,I'll bring my laptop charger with me so we can work on the lab assignment.
ham,Let's catch up over coffee this evening at the student cafeteria.
ham,Please send me the PDF notes for Unit 4 data visualization.
spam,"Dear Customer, your electricity connection will be disconnected tonight at 9:30 PM due to unpaid bill. Call helpline +1-800-555-0199 immediately."
ham,The exam schedule has been released on the university student portal.
ham,Thanks for the help earlier! Really appreciate your quick response.
spam,Exclusive Offer! Get 85% discount on top designer watches and luxury perfumes. Shop now at http://spam-claim.biz. Limited stocks available!
ham,Your order #13681 has been delivered successfully. Thank you for shopping with us.
ham,Did you complete the Big Data Analytics practical assignment for this week?
ham,The exam schedule has been released on the university student portal.
ham,Got your email with the dataset CSV. Loading it into Spark DataFrame now.
ham,I'll bring my laptop charger with me so we can work on the lab assignment.
ham,Let's catch up over coffee this evening at the student cafeteria.
ham,"Call me whenever you get free, need to discuss the weekend plans."
ham,"Ok, I will reach college by 2:00 PM. Please save a seat for me."
ham,The exam schedule has been released on the university student portal.
ham,The exam schedule has been released on the university student portal.
ham,"Hi Ananya, hope you are doing well! It's been a while since we talked."
ham,The library book 'Introduction to Algorithms' is due for return on Friday.
ham,I'll bring my laptop charger with me so we can work on the lab assignment.
ham,"I checked the PySpark MLlib documentation, the parameter is elasticNetParam."
ham,The exam schedule has been released on the university student portal.
spam,Exclusive Offer! Get 85% discount on top designer watches and luxury perfumes. Shop now at http://secure-verify.net. Limited stocks available!
ham,"I checked the PySpark MLlib documentation, the parameter is elasticNetParam."
ham,Did you complete the Big Data Analytics practical assignment for this week?
ham,Please send me the PDF notes for Unit 4 data visualization.
spam,Special promotional offer: 100 GB High Speed 5G Data for just $1.99! Recharge now at http://spam-claim.biz before the offer expires at midnight.
ham,Happy Birthday Sneha! Wishing you a wonderful and successful year ahead.
ham,The library book 'Introduction to Algorithms' is due for return on Friday.
ham,Let's catch up over coffee this evening at the student cafeteria.
ham,The results for the midterm examination will be announced next Monday.
ham,Your order #17224 has been delivered successfully. Thank you for shopping with us.
ham,Your order #69782 has been delivered successfully. Thank you for shopping with us.
spam,Congratulations! You qualify for debt forgiveness and credit score repair. Call our financial counselor now at +44-20-7946-0921 to eliminate debt.
spam,"WINNER! As a valued customer, you have been selected to receive a FREE iPhone 15 Pro. Reply CLAIM to 88202 or click http://spam-claim.biz today only!"
ham,"Don't worry about the presentation, we have prepared all the slides well."
ham,Mom asked if you will be coming home for dinner tonight.
spam,Get rich quick with guaranteed daily returns of 25% on crypto trading! Join our VIP Telegram channel at http://promo-deal.info. No prior experience needed.
ham,Thanks for the help earlier! Really appreciate your quick response.
spam,You have won a free 4-night luxury holiday voucher to Bali! Reply YES to 55444 to receive your booking code immediately.
ham,Did you complete the Big Data Analytics practical assignment for this week?
spam,URGENT! Your bank account ending in 5305 has been suspended due to suspicious activity. Verify immediately at http://fast-loan-app.co to avoid permanent freeze.
ham,"Ok, I will reach college by 10:30 AM. Please save a seat for me."
ham,"Call me whenever you get free, need to discuss the weekend plans."
ham,Are you coming to the seminar on Cloud Computing and Spark in the auditorium?
ham,The library book 'Introduction to Algorithms' is due for return on Friday.
ham,"Hey Karan, are we still meeting for the project discussion at 11:00 AM today?"
ham,Please send me the PDF notes for Unit 4 data visualization.
ham,"Hi Neha, hope you are doing well! It's been a while since we talked."
ham,"Hi Arjun, hope you are doing well! It's been a while since we talked."
ham,Please find attached the updated project report and data pipeline code.
ham,I'll bring my laptop charger with me so we can work on the lab assignment.
ham,"Yes, I already verified the cluster configuration on Spark master node."
ham,"Hey Amit, are we still meeting for the project discussion at 4:15 PM today?"
ham,Your order #57416 has been delivered successfully. Thank you for shopping with us.
ham,"I checked the PySpark MLlib documentation, the parameter is elasticNetParam."
ham,The library book 'Introduction to Algorithms' is due for return on Friday.
ham,The exam schedule has been released on the university student portal.
spam,Get rich quick with guaranteed daily returns of 25% on crypto trading! Join our VIP Telegram channel at http://gift-portal.com. No prior experience needed.
spam,"WINNER! As a valued customer, you have been selected to receive a FREE iPhone 15 Pro. Reply CLAIM to 77331 or click http://gift-portal.com today only!"
spam,Exclusive Offer! Get 85% discount on top designer watches and luxury perfumes. Shop now at http://secure-verify.net. Limited stocks available!
ham,I'll bring my laptop charger with me so we can work on the lab assignment.
ham,"Yes, I already verified the cluster configuration on Spark master node."
ham,"Call me whenever you get free, need to discuss the weekend plans."
ham,"Call me whenever you get free, need to discuss the weekend plans."
ham,Happy Birthday Neha! Wishing you a wonderful and successful year ahead.
ham,Did you complete the Big Data Analytics practical assignment for this week?
ham,"Ok, I will reach college by 5:00 PM. Please save a seat for me."
ham,"Ok, I will reach college by 5:00 PM. Please save a seat for me."
ham,Mom asked if you will be coming home for dinner tonight.
spam,Exclusive Offer! Get 85% discount on top designer watches and luxury perfumes. Shop now at http://promo-deal.info. Limited stocks available!
ham,Can you share the lecture slides from yesterday's distributed computing class?
ham,"I am stuck in traffic near the circle, will be delayed by 15 minutes."
ham,"I checked the PySpark MLlib documentation, the parameter is elasticNetParam."
spam,"Dear Customer, your electricity connection will be disconnected tonight at 9:30 PM due to unpaid bill. Call helpline +1-800-419-7820 immediately."
ham,The bus is arriving at platform 4 in five minutes.
ham,Your order #67121 has been delivered successfully. Thank you for shopping with us.
spam,"CONGRATULATIONS! You have won a cash prize of $1,000 in the National Telecom Lottery! Call +1-800-555-0199 or visit http://promo-deal.info to claim now. T&C apply."
ham,The library book 'Introduction to Algorithms' is due for return on Friday.
spam,"Dear Customer, your electricity connection will be disconnected tonight at 9:30 PM due to unpaid bill. Call helpline +1-800-555-0199 immediately."
ham,"Hi Amit, hope you are doing well! It's been a while since we talked."
ham,Please send me the PDF notes for Unit 4 data visualization.
ham,Can you share the lecture slides from yesterday's distributed computing class?
ham,Are you coming to the seminar on Cloud Computing and Spark in the auditorium?
spam,Exclusive Offer! Get 85% discount on top designer watches and luxury perfumes. Shop now at http://fast-loan-app.co. Limited stocks available!
ham,Got your email with the dataset CSV. Loading it into Spark DataFrame now.
ham,"Ok, I will reach college by 3:30 PM. Please save a seat for me."
ham,Please send me the PDF notes for Unit 4 data visualization.
ham,Just reached home safely. Let me know when you reach your hostel.
ham,"I am stuck in traffic near the circle, will be delayed by 15 minutes."
ham,"Ok, I will reach college by 2:00 PM. Please save a seat for me."
spam,"CONGRATULATIONS! You have won a cash prize of $5,000 in the National Telecom Lottery! Call +1-800-419-7820 or visit http://promo-deal.info to claim now. T&C apply."
ham,The library book 'Introduction to Algorithms' is due for return on Friday.
ham,"Yes, I already verified the cluster configuration on Spark master node."
spam,Congratulations! You qualify for debt forgiveness and credit score repair. Call our financial counselor now at +1-800-555-0199 to eliminate debt.
ham,Are you coming to the seminar on Cloud Computing and Spark in the auditorium?
spam,URGENT! Your bank account ending in 1233 has been suspended due to suspicious activity. Verify immediately at http://fast-loan-app.co to avoid permanent freeze.
spam,Special promotional offer: 100 GB High Speed 5G Data for just $1.99! Recharge now at http://fast-loan-app.co before the offer expires at midnight.
ham,Thanks for the help earlier! Really appreciate your quick response.
ham,The exam schedule has been released on the university student portal.
ham,Happy Birthday Sneha! Wishing you a wonderful and successful year ahead.
spam,Exclusive Offer! Get 85% discount on top designer watches and luxury perfumes. Shop now at http://spam-claim.biz. Limited stocks available!
ham,Your OTP for net banking login is 144084. Valid for 10 minutes. Do not share.
ham,Good morning! Remember to submit the lab record before 5 PM today.
ham,"Ok, I will reach college by 11:00 AM. Please save a seat for me."
ham,"Ok, I will reach college by 11:00 AM. Please save a seat for me."
ham,See you tomorrow at 9 AM sharp in the computer lab.
ham,"I checked the PySpark MLlib documentation, the parameter is elasticNetParam."
spam,Double your mobile balance today! Send FREE to 88202 and get instant 200% bonus talktime and data packs.
ham,Mom asked if you will be coming home for dinner tonight.
ham,The library book 'Introduction to Algorithms' is due for return on Friday.
ham,"Yes, I already verified the cluster configuration on Spark master node."
ham,Just reached home safely. Let me know when you reach your hostel.
spam,You have won a free 4-night luxury holiday voucher to Bali! Reply YES to 88202 to receive your booking code immediately.
spam,Get rich quick with guaranteed daily returns of 25% on crypto trading! Join our VIP Telegram channel at http://spam-claim.biz. No prior experience needed.
ham,Just reached home safely. Let me know when you reach your hostel.
ham,Please find attached the updated project report and data pipeline code.
ham,Happy Birthday Tanvi! Wishing you a wonderful and successful year ahead.
ham,I'll bring my laptop charger with me so we can work on the lab assignment.
ham,Where should we order lunch from today? Pizza or sandwiches?
spam,Double your mobile balance today! Send FREE to 99100 and get instant 200% bonus talktime and data packs.
ham,See you tomorrow at 9 AM sharp in the computer lab.
ham,Where should we order lunch from today? Pizza or sandwiches?
ham,Can you share the lecture slides from yesterday's distributed computing class?
ham,Did you complete the Big Data Analytics practical assignment for this week?
ham,Please send me the PDF notes for Unit 4 data visualization.
ham,Good morning! Remember to submit the lab record before 5 PM today.
spam,URGENT! Your bank account ending in 4059 has been suspended due to suspicious activity. Verify immediately at http://gift-portal.com to avoid permanent freeze.
spam,"Instant Personal Loan approved up to $25,000 with 0% processing fee and minimal documentation! Apply within 2 hours at http://gift-portal.com."
ham,Are you coming to the seminar on Cloud Computing and Spark in the auditorium?
ham,I'll bring my laptop charger with me so we can work on the lab assignment.
ham,Where should we order lunch from today? Pizza or sandwiches?
ham,The exam schedule has been released on the university student portal.
spam,Double your mobile balance today! Send FREE to 99100 and get instant 200% bonus talktime and data packs.
ham,The results for the midterm examination will be announced next Monday.
spam,Congratulations! You qualify for debt forgiveness and credit score repair. Call our financial counselor now at +1-888-920-1144 to eliminate debt.
ham,Good morning! Remember to submit the lab record before 5 PM today.
spam,You have won a free 4-night luxury holiday voucher to Bali! Reply YES to 77331 to receive your booking code immediately.
ham,Got your email with the dataset CSV. Loading it into Spark DataFrame now.
ham,Can you please review the merge request I raised on the repository?
ham,Good morning! Remember to submit the lab record before 5 PM today.
ham,Got your email with the dataset CSV. Loading it into Spark DataFrame now.
ham,Thanks for the help earlier! Really appreciate your quick response.
ham,Can you share the lecture slides from yesterday's distributed computing class?
ham,"I am stuck in traffic near the circle, will be delayed by 15 minutes."
ham,"I checked the PySpark MLlib documentation, the parameter is elasticNetParam."
spam,"Instant Personal Loan approved up to $50,000 with 0% processing fee and minimal documentation! Apply within 2 hours at http://spam-claim.biz."
ham,Can you share the lecture slides from yesterday's distributed computing class?
spam,URGENT NOTICE: Your package delivery has been put on hold due to missing delivery address. Pay $1.50 redelivery fee at http://gift-portal.com.
ham,Thanks for the help earlier! Really appreciate your quick response.
ham,Mom asked if you will be coming home for dinner tonight.
ham,Your order #65193 has been delivered successfully. Thank you for shopping with us.
ham,"Ok, I will reach college by 10:30 AM. Please save a seat for me."
ham,Are you coming to the seminar on Cloud Computing and Spark in the auditorium?
ham,"Call me whenever you get free, need to discuss the weekend plans."
spam,"Instant Personal Loan approved up to $50,000 with 0% processing fee and minimal documentation! Apply within 2 hours at http://gift-portal.com."
ham,Got your email with the dataset CSV. Loading it into Spark DataFrame now.
ham,"Hey Rohan, are we still meeting for the project discussion at 4:15 PM today?"
ham,Where should we order lunch from today? Pizza or sandwiches?
spam,"FREE entry into our weekly $10,000 sweepstakes! Text WIN to 99100 now to register your free lucky draw ticket."
spam,Exclusive Offer! Get 85% discount on top designer watches and luxury perfumes. Shop now at http://gift-portal.com. Limited stocks available!
ham,Let's catch up over coffee this evening at the student cafeteria.
ham,"Hi Priya, hope you are doing well! It's been a while since we talked."
ham,Your OTP for net banking login is 630228. Valid for 10 minutes. Do not share.
ham,"I checked the PySpark MLlib documentation, the parameter is elasticNetParam."
ham,Please find attached the updated project report and data pipeline code.
ham,Happy Birthday Vikram! Wishing you a wonderful and successful year ahead.
ham,I'll bring my laptop charger with me so we can work on the lab assignment.
ham,"Don't worry about the presentation, we have prepared all the slides well."
ham,"Hey Priya, are we still meeting for the project discussion at 10:30 AM today?"
spam,Special promotional offer: 100 GB High Speed 5G Data for just $1.99! Recharge now at http://promo-deal.info before the offer expires at midnight.
ham,Your OTP for net banking login is 107605. Valid for 10 minutes. Do not share.
ham,Can you share the lecture slides from yesterday's distributed computing class?
spam,You have won a free 4-night luxury holiday voucher to Bali! Reply YES to 77331 to receive your booking code immediately.
ham,"Hey Ananya, are we still meeting for the project discussion at 5:00 PM today?"
ham,Can you share the lecture slides from yesterday's distributed computing class?
spam,URGENT NOTICE: Your package delivery has been put on hold due to missing delivery address. Pay $1.50 redelivery fee at http://secure-verify.net.
ham,Thanks for the help earlier! Really appreciate your quick response.
spam,"WINNER! As a valued customer, you have been selected to receive a FREE iPhone 15 Pro. Reply CLAIM to 99100 or click http://fast-loan-app.co today only!"
spam,Special promotional offer: 100 GB High Speed 5G Data for just $1.99! Recharge now at http://secure-verify.net before the offer expires at midnight.
spam,Special promotional offer: 100 GB High Speed 5G Data for just $1.99! Recharge now at http://gift-portal.com before the offer expires at midnight.
spam,"FREE entry into our weekly $50,000 sweepstakes! Text WIN to 77331 now to register your free lucky draw ticket."
ham,Happy Birthday Vikram! Wishing you a wonderful and successful year ahead.
ham,Please send me the PDF notes for Unit 4 data visualization.
spam,"Instant Personal Loan approved up to $25,000 with 0% processing fee and minimal documentation! Apply within 2 hours at http://gift-portal.com."
spam,You have won a free 4-night luxury holiday voucher to Bali! Reply YES to 99100 to receive your booking code immediately.
ham,Got your email with the dataset CSV. Loading it into Spark DataFrame now.
ham,"Hey Neha, are we still meeting for the project discussion at 4:15 PM today?"
ham,"Hey Karan, are we still meeting for the project discussion at 10:30 AM today?"
ham,Did you complete the Big Data Analytics practical assignment for this week?
spam,Congratulations! You qualify for debt forgiveness and credit score repair. Call our financial counselor now at +1-800-419-7820 to eliminate debt.
ham,"I am stuck in traffic near the circle, will be delayed by 15 minutes."
ham,The exam schedule has been released on the university student portal.
ham,Got your email with the dataset CSV. Loading it into Spark DataFrame now.
ham,The library book 'Introduction to Algorithms' is due for return on Friday.
ham,Can you please review the merge request I raised on the repository?
ham,Happy Birthday Vikram! Wishing you a wonderful and successful year ahead.
ham,The exam schedule has been released on the university student portal.
ham,Got your email with the dataset CSV. Loading it into Spark DataFrame now.
ham,Thanks for the help earlier! Really appreciate your quick response.
ham,"Ok, I will reach college by 4:15 PM. Please save a seat for me."
ham,The bus is arriving at platform 4 in five minutes.
spam,"CONGRATULATIONS! You have won a cash prize of $5,000 in the National Telecom Lottery! Call +1-888-920-1144 or visit http://spam-claim.biz to claim now. T&C apply."
ham,Let's catch up over coffee this evening at the student cafeteria.
ham,"I am stuck in traffic near the circle, will be delayed by 15 minutes."
ham,"Call me whenever you get free, need to discuss the weekend plans."
ham,Good morning! Remember to submit the lab record before 5 PM today.
ham,The exam schedule has been released on the university student portal.
ham,"I checked the PySpark MLlib documentation, the parameter is elasticNetParam."
ham,"Don't worry about the presentation, we have prepared all the slides well."
ham,Got your email with the dataset CSV. Loading it into Spark DataFrame now.
spam,Double your mobile balance today! Send FREE to 55444 and get instant 200% bonus talktime and data packs.
ham,See you tomorrow at 9 AM sharp in the computer lab.
ham,Are you coming to the seminar on Cloud Computing and Spark in the auditorium?
ham,Happy Birthday Tanvi! Wishing you a wonderful and successful year ahead.
ham,Did you complete the Big Data Analytics practical assignment for this week?
ham,"Call me whenever you get free, need to discuss the weekend plans."
ham,Please send me the PDF notes for Unit 4 data visualization.
ham,Can you share the lecture slides from yesterday's distributed computing class?
ham,Please find attached the updated project report and data pipeline code.
spam,"Instant Personal Loan approved up to $25,000 with 0% processing fee and minimal documentation! Apply within 2 hours at http://secure-verify.net."
ham,Are you coming to the seminar on Cloud Computing and Spark in the auditorium?
ham,The exam schedule has been released on the university student portal.
ham,Mom asked if you will be coming home for dinner tonight.
ham,See you tomorrow at 9 AM sharp in the computer lab.
ham,Got your email with the dataset CSV. Loading it into Spark DataFrame now.
ham,Can you share the lecture slides from yesterday's distributed computing class?
ham,Mom asked if you will be coming home for dinner tonight.
ham,Just reached home safely. Let me know when you reach your hostel.
ham,Your OTP for net banking login is 216632. Valid for 10 minutes. Do not share.
ham,Can you please review the merge request I raised on the repository?
ham,Happy Birthday Ananya! Wishing you a wonderful and successful year ahead.
spam,URGENT! Your bank account ending in 5344 has been suspended due to suspicious activity. Verify immediately at http://spam-claim.biz to avoid permanent freeze.
ham,Where should we order lunch from today? Pizza or sandwiches?
ham,Good morning! Remember to submit the lab record before 5 PM today.
spam,You have won a free 4-night luxury holiday voucher to Bali! Reply YES to 99100 to receive your booking code immediately.
spam,Congratulations! You qualify for debt forgiveness and credit score repair. Call our financial counselor now at +44-20-7946-0921 to eliminate debt.
ham,"Ok, I will reach college by 3:30 PM. Please save a seat for me."
ham,Happy Birthday Vikram! Wishing you a wonderful and successful year ahead.
ham,Good morning! Remember to submit the lab record before 5 PM today.
spam,"CONGRATULATIONS! You have won a cash prize of $5,000 in the National Telecom Lottery! Call +44-20-7946-0921 or visit http://fast-loan-app.co to claim now. T&C apply."
spam,Exclusive Offer! Get 85% discount on top designer watches and luxury perfumes. Shop now at http://fast-loan-app.co. Limited stocks available!
ham,"I checked the PySpark MLlib documentation, the parameter is elasticNetParam."
ham,"Yes, I already verified the cluster configuration on Spark master node."
ham,Your OTP for net banking login is 635490. Valid for 10 minutes. Do not share.
spam,Hot singles in your area want to meet you tonight! Click http://promo-deal.info to chat live and browse profiles for free.
ham,Good morning! Remember to submit the lab record before 5 PM today.
ham,Where should we order lunch from today? Pizza or sandwiches?
ham,Please send me the PDF notes for Unit 4 data visualization.
ham,Your OTP for net banking login is 321901. Valid for 10 minutes. Do not share.
spam,URGENT! Your bank account ending in 1375 has been suspended due to suspicious activity. Verify immediately at http://secure-verify.net to avoid permanent freeze.
ham,"Don't worry about the presentation, we have prepared all the slides well."
ham,"Call me whenever you get free, need to discuss the weekend plans."
spam,URGENT! Your bank account ending in 6169 has been suspended due to suspicious activity. Verify immediately at http://spam-claim.biz to avoid permanent freeze.
spam,Special promotional offer: 100 GB High Speed 5G Data for just $1.99! Recharge now at http://fast-loan-app.co before the offer expires at midnight.
ham,"I checked the PySpark MLlib documentation, the parameter is elasticNetParam."
ham,"Call me whenever you get free, need to discuss the weekend plans."
spam,Special promotional offer: 100 GB High Speed 5G Data for just $1.99! Recharge now at http://secure-verify.net before the offer expires at midnight.
spam,You have won a free 4-night luxury holiday voucher to Bali! Reply YES to 77331 to receive your booking code immediately.
ham,The library book 'Introduction to Algorithms' is due for return on Friday.
spam,"WINNER! As a valued customer, you have been selected to receive a FREE iPhone 15 Pro. Reply CLAIM to 99100 or click http://fast-loan-app.co today only!"
ham,I'll bring my laptop charger with me so we can work on the lab assignment.
ham,"Yes, I already verified the cluster configuration on Spark master node."
ham,"I am stuck in traffic near the circle, will be delayed by 15 minutes."
ham,"Hey Sneha, are we still meeting for the project discussion at 3:30 PM today?"
ham,Your OTP for net banking login is 218216. Valid for 10 minutes. Do not share.
ham,Can you share the lecture slides from yesterday's distributed computing class?
ham,Please find attached the updated project report and data pipeline code.
ham,Just reached home safely. Let me know when you reach your hostel.
ham,I'll bring my laptop charger with me so we can work on the lab assignment.
ham,Got your email with the dataset CSV. Loading it into Spark DataFrame now.
spam,You have won a free 4-night luxury holiday voucher to Bali! Reply YES to 88202 to receive your booking code immediately.
ham,"Ok, I will reach college by 5:00 PM. Please save a seat for me."
ham,The exam schedule has been released on the university student portal.
ham,See you tomorrow at 9 AM sharp in the computer lab.
spam,Hot singles in your area want to meet you tonight! Click http://gift-portal.com to chat live and browse profiles for free.
spam,Exclusive Offer! Get 85% discount on top designer watches and luxury perfumes. Shop now at http://promo-deal.info. Limited stocks available!
ham,Got your email with the dataset CSV. Loading it into Spark DataFrame now.
ham,I'll bring my laptop charger with me so we can work on the lab assignment.
ham,Good morning! Remember to submit the lab record before 5 PM today.
ham,Happy Birthday Amit! Wishing you a wonderful and successful year ahead.
ham,Let's catch up over coffee this evening at the student cafeteria.
spam,URGENT! Your bank account ending in 3989 has been suspended due to suspicious activity. Verify immediately at http://promo-deal.info to avoid permanent freeze.
ham,The bus is arriving at platform 4 in five minutes.
ham,Can you share the lecture slides from yesterday's distributed computing class?
spam,Special promotional offer: 100 GB High Speed 5G Data for just $1.99! Recharge now at http://secure-verify.net before the offer expires at midnight.
spam,URGENT! Your bank account ending in 4033 has been suspended due to suspicious activity. Verify immediately at http://secure-verify.net to avoid permanent freeze.
ham,Where should we order lunch from today? Pizza or sandwiches?
ham,Did you complete the Big Data Analytics practical assignment for this week?
ham,"Ok, I will reach college by 10:30 AM. Please save a seat for me."
spam,Exclusive Offer! Get 85% discount on top designer watches and luxury perfumes. Shop now at http://secure-verify.net. Limited stocks available!
ham,Your OTP for net banking login is 797503. Valid for 10 minutes. Do not share.
spam,"WINNER! As a valued customer, you have been selected to receive a FREE iPhone 15 Pro. Reply CLAIM to 55444 or click http://promo-deal.info today only!"
ham,The results for the midterm examination will be announced next Monday.
ham,"Yes, I already verified the cluster configuration on Spark master node."
ham,"Don't worry about the presentation, we have prepared all the slides well."
ham,"I checked the PySpark MLlib documentation, the parameter is elasticNetParam."
ham,The library book 'Introduction to Algorithms' is due for return on Friday.
spam,Exclusive Offer! Get 85% discount on top designer watches and luxury perfumes. Shop now at http://gift-portal.com. Limited stocks available!
ham,Did you complete the Big Data Analytics practical assignment for this week?
spam,Get rich quick with guaranteed daily returns of 25% on crypto trading! Join our VIP Telegram channel at http://spam-claim.biz. No prior experience needed.
ham,Please send me the PDF notes for Unit 4 data visualization.
ham,Good morning! Remember to submit the lab record before 5 PM today.
ham,See you tomorrow at 9 AM sharp in the computer lab.
spam,URGENT! Your bank account ending in 3528 has been suspended due to suspicious activity. Verify immediately at http://gift-portal.com to avoid permanent freeze.
ham,"Don't worry about the presentation, we have prepared all the slides well."
spam,Congratulations! You qualify for debt forgiveness and credit score repair. Call our financial counselor now at +1-800-555-0199 to eliminate debt.
ham,Just reached home safely. Let me know when you reach your hostel.
ham,The results for the midterm examination will be announced next Monday.
ham,Please send me the PDF notes for Unit 4 data visualization.
ham,Your order #83283 has been delivered successfully. Thank you for shopping with us.
spam,You have won a free 4-night luxury holiday voucher to Bali! Reply YES to 55444 to receive your booking code immediately.
ham,The exam schedule has been released on the university student portal.
ham,Where should we order lunch from today? Pizza or sandwiches?
spam,Hot singles in your area want to meet you tonight! Click http://gift-portal.com to chat live and browse profiles for free.
ham,"Call me whenever you get free, need to discuss the weekend plans."
ham,Please find attached the updated project report and data pipeline code.
ham,"Hey Sneha, are we still meeting for the project discussion at 2:00 PM today?"
ham,"Call me whenever you get free, need to discuss the weekend plans."
spam,Get rich quick with guaranteed daily returns of 25% on crypto trading! Join our VIP Telegram channel at http://promo-deal.info. No prior experience needed.
ham,Can you please review the merge request I raised on the repository?
ham,The results for the midterm examination will be announced next Monday.
ham,Got your email with the dataset CSV. Loading it into Spark DataFrame now.
spam,Special promotional offer: 100 GB High Speed 5G Data for just $1.99! Recharge now at http://spam-claim.biz before the offer expires at midnight.
ham,The library book 'Introduction to Algorithms' is due for return on Friday.
spam,"WINNER! As a valued customer, you have been selected to receive a FREE iPhone 15 Pro. Reply CLAIM to 55444 or click http://fast-loan-app.co today only!"
ham,The exam schedule has been released on the university student portal.
ham,Let's catch up over coffee this evening at the student cafeteria.
ham,Are you coming to the seminar on Cloud Computing and Spark in the auditorium?
ham,Can you share the lecture slides from yesterday's distributed computing class?
ham,"Yes, I already verified the cluster configuration on Spark master node."
ham,"I checked the PySpark MLlib documentation, the parameter is elasticNetParam."
ham,Please send me the PDF notes for Unit 4 data visualization.
spam,You have won a free 4-night luxury holiday voucher to Bali! Reply YES to 88202 to receive your booking code immediately.
ham,The results for the midterm examination will be announced next Monday.
ham,I'll bring my laptop charger with me so we can work on the lab assignment.
ham,Can you please review the merge request I raised on the repository?
ham,Please send me the PDF notes for Unit 4 data visualization.
ham,See you tomorrow at 9 AM sharp in the computer lab.
ham,The exam schedule has been released on the university student portal.
ham,"I am stuck in traffic near the circle, will be delayed by 15 minutes."
ham,Can you please review the merge request I raised on the repository?
ham,"Call me whenever you get free, need to discuss the weekend plans."
ham,The results for the midterm examination will be announced next Monday.
ham,Your OTP for net banking login is 456289. Valid for 10 minutes. Do not share.
ham,I'll bring my laptop charger with me so we can work on the lab assignment.
ham,Your order #33388 has been delivered successfully. Thank you for shopping with us.
ham,Did you complete the Big Data Analytics practical assignment for this week?
ham,"Call me whenever you get free, need to discuss the weekend plans."
ham,Your OTP for net banking login is 739427. Valid for 10 minutes. Do not share.
spam,Exclusive Offer! Get 85% discount on top designer watches and luxury perfumes. Shop now at http://secure-verify.net. Limited stocks available!
ham,Where should we order lunch from today? Pizza or sandwiches?
ham,Did you complete the Big Data Analytics practical assignment for this week?
ham,Just reached home safely. Let me know when you reach your hostel.
ham,Can you share the lecture slides from yesterday's distributed computing class?
spam,"FREE entry into our weekly $5,000 sweepstakes! Text WIN to 88202 now to register your free lucky draw ticket."
ham,"I am stuck in traffic near the circle, will be delayed by 15 minutes."
ham,Mom asked if you will be coming home for dinner tonight.
ham,The bus is arriving at platform 4 in five minutes.
ham,The library book 'Introduction to Algorithms' is due for return on Friday.
ham,Your OTP for net banking login is 184148. Valid for 10 minutes. Do not share.
ham,I'll bring my laptop charger with me so we can work on the lab assignment.
ham,Your OTP for net banking login is 159653. Valid for 10 minutes. Do not share.
ham,The bus is arriving at platform 4 in five minutes.
ham,Your order #82428 has been delivered successfully. Thank you for shopping with us.
ham,The exam schedule has been released on the university student portal.
spam,"WINNER! As a valued customer, you have been selected to receive a FREE iPhone 15 Pro. Reply CLAIM to 77331 or click http://spam-claim.biz today only!"
spam,Hot singles in your area want to meet you tonight! Click http://promo-deal.info to chat live and browse profiles for free.
spam,Congratulations! You qualify for debt forgiveness and credit score repair. Call our financial counselor now at +44-20-7946-0921 to eliminate debt.
spam,Double your mobile balance today! Send FREE to 55444 and get instant 200% bonus talktime and data packs.
ham,"Ok, I will reach college by 2:00 PM. Please save a seat for me."
ham,Just reached home safely. Let me know when you reach your hostel.
ham,I'll bring my laptop charger with me so we can work on the lab assignment.
ham,The exam schedule has been released on the university student portal.
ham,I'll bring my laptop charger with me so we can work on the lab assignment.
ham,See you tomorrow at 9 AM sharp in the computer lab.
spam,Exclusive Offer! Get 85% discount on top designer watches and luxury perfumes. Shop now at http://fast-loan-app.co. Limited stocks available!
ham,Please find attached the updated project report and data pipeline code.
ham,Are you coming to the seminar on Cloud Computing and Spark in the auditorium?
ham,The bus is arriving at platform 4 in five minutes.
ham,"Don't worry about the presentation, we have prepared all the slides well."
spam,Congratulations! You qualify for debt forgiveness and credit score repair. Call our financial counselor now at +44-20-7946-0921 to eliminate debt.
ham,Where should we order lunch from today? Pizza or sandwiches?
ham,I'll bring my laptop charger with me so we can work on the lab assignment.
ham,"I checked the PySpark MLlib documentation, the parameter is elasticNetParam."
ham,"Hi Tanvi, hope you are doing well! It's been a while since we talked."
ham,"Ok, I will reach college by 11:00 AM. Please save a seat for me."
ham,Got your email with the dataset CSV. Loading it into Spark DataFrame now.
ham,"Yes, I already verified the cluster configuration on Spark master node."
spam,"ALERT: Unclaimed lottery reward of $10,000 waiting for your mobile number. Call +1-800-419-7820 now to transfer funds to your bank account."
ham,Happy Birthday Pooja! Wishing you a wonderful and successful year ahead.
ham,"Don't worry about the presentation, we have prepared all the slides well."
ham,"Hi Arjun, hope you are doing well! It's been a while since we talked."
ham,Can you share the lecture slides from yesterday's distributed computing class?
ham,"Yes, I already verified the cluster configuration on Spark master node."
ham,The bus is arriving at platform 4 in five minutes.
spam,URGENT! Your bank account ending in 7051 has been suspended due to suspicious activity. Verify immediately at http://secure-verify.net to avoid permanent freeze.
ham,"Yes, I already verified the cluster configuration on Spark master node."
ham,"Ok, I will reach college by 3:30 PM. Please save a seat for me."
ham,Mom asked if you will be coming home for dinner tonight.
spam,"Instant Personal Loan approved up to $75,000 with 0% processing fee and minimal documentation! Apply within 2 hours at http://gift-portal.com."
ham,"Don't worry about the presentation, we have prepared all the slides well."
ham,Your order #40759 has been delivered successfully. Thank you for shopping with us.
ham,Did you complete the Big Data Analytics practical assignment for this week?
ham,Got your email with the dataset CSV. Loading it into Spark DataFrame now.
ham,"Don't worry about the presentation, we have prepared all the slides well."
ham,"Don't worry about the presentation, we have prepared all the slides well."
ham,Got your email with the dataset CSV. Loading it into Spark DataFrame now.
ham,"Don't worry about the presentation, we have prepared all the slides well."
ham,Thanks for the help earlier! Really appreciate your quick response.
ham,Good morning! Remember to submit the lab record before 5 PM today.
spam,"ALERT: Unclaimed lottery reward of $1,000 waiting for your mobile number. Call +44-20-7946-0921 now to transfer funds to your bank account."
spam,"ALERT: Unclaimed lottery reward of $10,000 waiting for your mobile number. Call +1-888-920-1144 now to transfer funds to your bank account."
ham,"Don't worry about the presentation, we have prepared all the slides well."
ham,"Hey Sneha, are we still meeting for the project discussion at 3:30 PM today?"
ham,Are you coming to the seminar on Cloud Computing and Spark in the auditorium?
ham,Let's catch up over coffee this evening at the student cafeteria.
ham,Just reached home safely. Let me know when you reach your hostel.
ham,"Hey Sneha, are we still meeting for the project discussion at 10:30 AM today?"
ham,I'll bring my laptop charger with me so we can work on the lab assignment.
ham,"Hi Priya, hope you are doing well! It's been a while since we talked."
ham,"I checked the PySpark MLlib documentation, the parameter is elasticNetParam."
ham,Just reached home safely. Let me know when you reach your hostel.
ham,Did you complete the Big Data Analytics practical assignment for this week?
spam,Exclusive Offer! Get 85% discount on top designer watches and luxury perfumes. Shop now at http://fast-loan-app.co. Limited stocks available!
ham,"Don't worry about the presentation, we have prepared all the slides well."
spam,"Dear Customer, your electricity connection will be disconnected tonight at 9:30 PM due to unpaid bill. Call helpline +44-20-7946-0921 immediately."
spam,"ALERT: Unclaimed lottery reward of $100,000 waiting for your mobile number. Call +1-888-920-1144 now to transfer funds to your bank account."
spam,"Instant Personal Loan approved up to $50,000 with 0% processing fee and minimal documentation! Apply within 2 hours at http://fast-loan-app.co."
ham,The bus is arriving at platform 4 in five minutes.
ham,"Yes, I already verified the cluster configuration on Spark master node."
ham,Got your email with the dataset CSV. Loading it into Spark DataFrame now.
ham,Your order #65298 has been delivered successfully. Thank you for shopping with us.
ham,Did you complete the Big Data Analytics practical assignment for this week?
ham,"Yes, I already verified the cluster configuration on Spark master node."
ham,Please find attached the updated project report and data pipeline code.
spam,Double your mobile balance today! Send FREE to 55444 and get instant 200% bonus talktime and data packs.
ham,The exam schedule has been released on the university student portal.
ham,"Hey Arjun, are we still meeting for the project discussion at 5:00 PM today?"
ham,Happy Birthday Karan! Wishing you a wonderful and successful year ahead.
ham,The library book 'Introduction to Algorithms' is due for return on Friday.
ham,"I checked the PySpark MLlib documentation, the parameter is elasticNetParam."
ham,Thanks for the help earlier! Really appreciate your quick response.
ham,"Hey Karan, are we still meeting for the project discussion at 4:15 PM today?"
ham,Let's catch up over coffee this evening at the student cafeteria.
ham,I'll bring my laptop charger with me so we can work on the lab assignment.
ham,"Call me whenever you get free, need to discuss the weekend plans."
ham,Let's catch up over coffee this evening at the student cafeteria.
ham,Can you please review the merge request I raised on the repository?
ham,Good morning! Remember to submit the lab record before 5 PM today.
spam,Exclusive Offer! Get 85% discount on top designer watches and luxury perfumes. Shop now at http://fast-loan-app.co. Limited stocks available!
ham,I'll bring my laptop charger with me so we can work on the lab assignment.
spam,URGENT NOTICE: Your package delivery has been put on hold due to missing delivery address. Pay $1.50 redelivery fee at http://spam-claim.biz.
ham,I'll bring my laptop charger with me so we can work on the lab assignment.
ham,I'll bring my laptop charger with me so we can work on the lab assignment.
ham,Your order #38304 has been delivered successfully. Thank you for shopping with us.
ham,Just reached home safely. Let me know when you reach your hostel.
ham,See you tomorrow at 9 AM sharp in the computer lab.
spam,Exclusive Offer! Get 85% discount on top designer watches and luxury perfumes. Shop now at http://promo-deal.info. Limited stocks available!
spam,Congratulations! You qualify for debt forgiveness and credit score repair. Call our financial counselor now at +1-888-920-1144 to eliminate debt.
ham,Did you complete the Big Data Analytics practical assignment for this week?
ham,Just reached home safely. Let me know when you reach your hostel.
spam,Hot singles in your area want to meet you tonight! Click http://promo-deal.info to chat live and browse profiles for free.
ham,Just reached home safely. Let me know when you reach your hostel.
ham,Where should we order lunch from today? Pizza or sandwiches?
ham,Where should we order lunch from today? Pizza or sandwiches?
ham,The bus is arriving at platform 4 in five minutes.
ham,I'll bring my laptop charger with me so we can work on the lab assignment.
spam,Exclusive Offer! Get 85% discount on top designer watches and luxury perfumes. Shop now at http://spam-claim.biz. Limited stocks available!
spam,"WINNER! As a valued customer, you have been selected to receive a FREE iPhone 15 Pro. Reply CLAIM to 99100 or click http://promo-deal.info today only!"
ham,Please send me the PDF notes for Unit 4 data visualization.
ham,"Hey Rahul, are we still meeting for the project discussion at 2:00 PM today?"
ham,"Hey Arjun, are we still meeting for the project discussion at 2:00 PM today?"
ham,The bus is arriving at platform 4 in five minutes.
ham,"I am stuck in traffic near the circle, will be delayed by 15 minutes."
spam,"ALERT: Unclaimed lottery reward of $10,000 waiting for your mobile number. Call +1-888-920-1144 now to transfer funds to your bank account."
ham,Your order #27411 has been delivered successfully. Thank you for shopping with us.
ham,"I am stuck in traffic near the circle, will be delayed by 15 minutes."
spam,Special promotional offer: 100 GB High Speed 5G Data for just $1.99! Recharge now at http://secure-verify.net before the offer expires at midnight.
ham,Let's catch up over coffee this evening at the student cafeteria.
ham,Did you complete the Big Data Analytics practical assignment for this week?
ham,The library book 'Introduction to Algorithms' is due for return on Friday.
ham,"Call me whenever you get free, need to discuss the weekend plans."
ham,The bus is arriving at platform 4 in five minutes.
ham,Just reached home safely. Let me know when you reach your hostel.
ham,Can you please review the merge request I raised on the repository?
ham,Happy Birthday Sneha! Wishing you a wonderful and successful year ahead.
ham,Thanks for the help earlier! Really appreciate your quick response.
ham,Can you share the lecture slides from yesterday's distributed computing class?
spam,"Instant Personal Loan approved up to $25,000 with 0% processing fee and minimal documentation! Apply within 2 hours at http://secure-verify.net."
ham,Are you coming to the seminar on Cloud Computing and Spark in the auditorium?
ham,Did you complete the Big Data Analytics practical assignment for this week?
spam,"FREE entry into our weekly $1,000 sweepstakes! Text WIN to 99100 now to register your free lucky draw ticket."
ham,Can you share the lecture slides from yesterday's distributed computing class?
ham,Thanks for the help earlier! Really appreciate your quick response.
ham,Your order #50030 has been delivered successfully. Thank you for shopping with us.
ham,Your OTP for net banking login is 185095. Valid for 10 minutes. Do not share.
ham,Let's catch up over coffee this evening at the student cafeteria.
ham,Just reached home safely. Let me know when you reach your hostel.
ham,"Hey Sneha, are we still meeting for the project discussion at 3:30 PM today?"
ham,The results for the midterm examination will be announced next Monday.
spam,URGENT! Your bank account ending in 1558 has been suspended due to suspicious activity. Verify immediately at http://gift-portal.com to avoid permanent freeze.
ham,"Call me whenever you get free, need to discuss the weekend plans."
ham,The bus is arriving at platform 4 in five minutes.
spam,Double your mobile balance today! Send FREE to 88202 and get instant 200% bonus talktime and data packs.
ham,"Yes, I already verified the cluster configuration on Spark master node."
ham,"I checked the PySpark MLlib documentation, the parameter is elasticNetParam."
spam,Exclusive Offer! Get 85% discount on top designer watches and luxury perfumes. Shop now at http://spam-claim.biz. Limited stocks available!
ham,Let's catch up over coffee this evening at the student cafeteria.
ham,"I checked the PySpark MLlib documentation, the parameter is elasticNetParam."
ham,"Yes, I already verified the cluster configuration on Spark master node."
ham,Your order #27778 has been delivered successfully. Thank you for shopping with us.
ham,The exam schedule has been released on the university student portal.
ham,"I checked the PySpark MLlib documentation, the parameter is elasticNetParam."
ham,"I checked the PySpark MLlib documentation, the parameter is elasticNetParam."
spam,Special promotional offer: 100 GB High Speed 5G Data for just $1.99! Recharge now at http://promo-deal.info before the offer expires at midnight.
spam,Special promotional offer: 100 GB High Speed 5G Data for just $1.99! Recharge now at http://promo-deal.info before the offer expires at midnight.
spam,"WINNER! As a valued customer, you have been selected to receive a FREE iPhone 15 Pro. Reply CLAIM to 88202 or click http://spam-claim.biz today only!"
ham,Happy Birthday Vikram! Wishing you a wonderful and successful year ahead.
ham,"Yes, I already verified the cluster configuration on Spark master node."
ham,Are you coming to the seminar on Cloud Computing and Spark in the auditorium?
ham,The results for the midterm examination will be announced next Monday.
spam,Get rich quick with guaranteed daily returns of 25% on crypto trading! Join our VIP Telegram channel at http://promo-deal.info. No prior experience needed.
spam,URGENT NOTICE: Your package delivery has been put on hold due to missing delivery address. Pay $1.50 redelivery fee at http://spam-claim.biz.
ham,Happy Birthday Tanvi! Wishing you a wonderful and successful year ahead.
spam,Exclusive Offer! Get 85% discount on top designer watches and luxury perfumes. Shop now at http://gift-portal.com. Limited stocks available!
ham,Your OTP for net banking login is 883039. Valid for 10 minutes. Do not share.
ham,The bus is arriving at platform 4 in five minutes.
spam,Special promotional offer: 100 GB High Speed 5G Data for just $1.99! Recharge now at http://secure-verify.net before the offer expires at midnight.
spam,"CONGRATULATIONS! You have won a cash prize of $1,000 in the National Telecom Lottery! Call +1-800-419-7820 or visit http://gift-portal.com to claim now. T&C apply."
ham,Can you share the lecture slides from yesterday's distributed computing class?
ham,"Don't worry about the presentation, we have prepared all the slides well."
spam,Congratulations! You qualify for debt forgiveness and credit score repair. Call our financial counselor now at +44-20-7946-0921 to eliminate debt.
ham,Your OTP for net banking login is 399122. Valid for 10 minutes. Do not share.
ham,Just reached home safely. Let me know when you reach your hostel.
ham,Thanks for the help earlier! Really appreciate your quick response.
ham,"Call me whenever you get free, need to discuss the weekend plans."
ham,Please send me the PDF notes for Unit 4 data visualization.
ham,Got your email with the dataset CSV. Loading it into Spark DataFrame now.
ham,Can you share the lecture slides from yesterday's distributed computing class?
spam,Congratulations! You qualify for debt forgiveness and credit score repair. Call our financial counselor now at +1-888-920-1144 to eliminate debt.
ham,Thanks for the help earlier! Really appreciate your quick response.
spam,Congratulations! You qualify for debt forgiveness and credit score repair. Call our financial counselor now at +1-800-419-7820 to eliminate debt.
ham,"Call me whenever you get free, need to discuss the weekend plans."
spam,Get rich quick with guaranteed daily returns of 25% on crypto trading! Join our VIP Telegram channel at http://gift-portal.com. No prior experience needed.
ham,Please send me the PDF notes for Unit 4 data visualization.
ham,"Hey Tanvi, are we still meeting for the project discussion at 4:15 PM today?"
spam,"Instant Personal Loan approved up to $75,000 with 0% processing fee and minimal documentation! Apply within 2 hours at http://spam-claim.biz."
spam,Hot singles in your area want to meet you tonight! Click http://secure-verify.net to chat live and browse profiles for free.
ham,Thanks for the help earlier! Really appreciate your quick response.
ham,Just reached home safely. Let me know when you reach your hostel.
ham,Good morning! Remember to submit the lab record before 5 PM today.
ham,Good morning! Remember to submit the lab record before 5 PM today.
ham,The bus is arriving at platform 4 in five minutes.
ham,Please send me the PDF notes for Unit 4 data visualization.
ham,Can you share the lecture slides from yesterday's distributed computing class?
ham,"Yes, I already verified the cluster configuration on Spark master node."
ham,"Don't worry about the presentation, we have prepared all the slides well."
spam,"WINNER! As a valued customer, you have been selected to receive a FREE iPhone 15 Pro. Reply CLAIM to 88202 or click http://promo-deal.info today only!"
ham,"Ok, I will reach college by 4:15 PM. Please save a seat for me."
ham,Just reached home safely. Let me know when you reach your hostel.
spam,You have won a free 4-night luxury holiday voucher to Bali! Reply YES to 99100 to receive your booking code immediately.
ham,"Don't worry about the presentation, we have prepared all the slides well."
ham,Happy Birthday Rahul! Wishing you a wonderful and successful year ahead.
ham,Mom asked if you will be coming home for dinner tonight.
ham,The exam schedule has been released on the university student portal.
ham,Got your email with the dataset CSV. Loading it into Spark DataFrame now.
ham,"Ok, I will reach college by 11:00 AM. Please save a seat for me."
ham,Are you coming to the seminar on Cloud Computing and Spark in the auditorium?
ham,Did you complete the Big Data Analytics practical assignment for this week?
ham,The exam schedule has been released on the university student portal.
ham,"Hi Neha, hope you are doing well! It's been a while since we talked."
spam,Special promotional offer: 100 GB High Speed 5G Data for just $1.99! Recharge now at http://promo-deal.info before the offer expires at midnight.
ham,The library book 'Introduction to Algorithms' is due for return on Friday.
ham,Please send me the PDF notes for Unit 4 data visualization.
ham,Please send me the PDF notes for Unit 4 data visualization.
ham,"Yes, I already verified the cluster configuration on Spark master node."
spam,You have won a free 4-night luxury holiday voucher to Bali! Reply YES to 88202 to receive your booking code immediately.
ham,Just reached home safely. Let me know when you reach your hostel.
ham,Please send me the PDF notes for Unit 4 data visualization.
ham,Did you complete the Big Data Analytics practical assignment for this week?
ham,Mom asked if you will be coming home for dinner tonight.
ham,Thanks for the help earlier! Really appreciate your quick response.
spam,Double your mobile balance today! Send FREE to 99100 and get instant 200% bonus talktime and data packs.
ham,"Ok, I will reach college by 10:30 AM. Please save a seat for me."
ham,"I checked the PySpark MLlib documentation, the parameter is elasticNetParam."
ham,"Yes, I already verified the cluster configuration on Spark master node."
ham,"Hi Amit, hope you are doing well! It's been a while since we talked."
ham,Can you share the lecture slides from yesterday's distributed computing class?
ham,The exam schedule has been released on the university student portal.
ham,Happy Birthday Pooja! Wishing you a wonderful and successful year ahead.
spam,"ALERT: Unclaimed lottery reward of $100,000 waiting for your mobile number. Call +1-888-920-1144 now to transfer funds to your bank account."
ham,Got your email with the dataset CSV. Loading it into Spark DataFrame now.
ham,Can you share the lecture slides from yesterday's distributed computing class?
ham,Got your email with the dataset CSV. Loading it into Spark DataFrame now.
ham,Mom asked if you will be coming home for dinner tonight.
ham,Your order #23537 has been delivered successfully. Thank you for shopping with us.
spam,URGENT! Your bank account ending in 5007 has been suspended due to suspicious activity. Verify immediately at http://fast-loan-app.co to avoid permanent freeze.
ham,"Ok, I will reach college by 11:00 AM. Please save a seat for me."
spam,"FREE entry into our weekly $100,000 sweepstakes! Text WIN to 88202 now to register your free lucky draw ticket."
ham,Can you please review the merge request I raised on the repository?
ham,The library book 'Introduction to Algorithms' is due for return on Friday.
spam,Exclusive Offer! Get 85% discount on top designer watches and luxury perfumes. Shop now at http://promo-deal.info. Limited stocks available!
ham,"Ok, I will reach college by 3:30 PM. Please save a seat for me."
ham,"Ok, I will reach college by 11:00 AM. Please save a seat for me."
ham,Got your email with the dataset CSV. Loading it into Spark DataFrame now.
spam,"CONGRATULATIONS! You have won a cash prize of $5,000 in the National Telecom Lottery! Call +1-888-920-1144 or visit http://secure-verify.net to claim now. T&C apply."
ham,"Hi Ananya, hope you are doing well! It's been a while since we talked."
ham,Where should we order lunch from today? Pizza or sandwiches?
spam,"Dear Customer, your electricity connection will be disconnected tonight at 9:30 PM due to unpaid bill. Call helpline +1-800-419-7820 immediately."
ham,Your order #27253 has been delivered successfully. Thank you for shopping with us.
spam,"Instant Personal Loan approved up to $25,000 with 0% processing fee and minimal documentation! Apply within 2 hours at http://promo-deal.info."
spam,"Instant Personal Loan approved up to $50,000 with 0% processing fee and minimal documentation! Apply within 2 hours at http://secure-verify.net."
spam,You have won a free 4-night luxury holiday voucher to Bali! Reply YES to 88202 to receive your booking code immediately.
ham,Your order #86507 has been delivered successfully. Thank you for shopping with us.
ham,"Call me whenever you get free, need to discuss the weekend plans."
ham,I'll bring my laptop charger with me so we can work on the lab assignment.
ham,Are you coming to the seminar on Cloud Computing and Spark in the auditorium?
ham,"Yes, I already verified the cluster configuration on Spark master node."
ham,The bus is arriving at platform 4 in five minutes.
ham,Just reached home safely. Let me know when you reach your hostel.
ham,"Ok, I will reach college by 5:00 PM. Please save a seat for me."
ham,"I am stuck in traffic near the circle, will be delayed by 15 minutes."
spam,Exclusive Offer! Get 85% discount on top designer watches and luxury perfumes. Shop now at http://promo-deal.info. Limited stocks available!
ham,The bus is arriving at platform 4 in five minutes.
spam,URGENT NOTICE: Your package delivery has been put on hold due to missing delivery address. Pay $1.50 redelivery fee at http://secure-verify.net.
ham,"Call me whenever you get free, need to discuss the weekend plans."
spam,Special promotional offer: 100 GB High Speed 5G Data for just $1.99! Recharge now at http://fast-loan-app.co before the offer expires at midnight.
ham,"I am stuck in traffic near the circle, will be delayed by 15 minutes."
ham,Can you share the lecture slides from yesterday's distributed computing class?
spam,URGENT! Your bank account ending in 8388 has been suspended due to suspicious activity. Verify immediately at http://spam-claim.biz to avoid permanent freeze.
ham,Mom asked if you will be coming home for dinner tonight.
ham,Did you complete the Big Data Analytics practical assignment for this week?
ham,Please send me the PDF notes for Unit 4 data visualization.
ham,Did you complete the Big Data Analytics practical assignment for this week?
ham,"Yes, I already verified the cluster configuration on Spark master node."
spam,URGENT NOTICE: Your package delivery has been put on hold due to missing delivery address. Pay $1.50 redelivery fee at http://secure-verify.net.
ham,Just reached home safely. Let me know when you reach your hostel.
ham,Thanks for the help earlier! Really appreciate your quick response.
ham,Good morning! Remember to submit the lab record before 5 PM today.
ham,Did you complete the Big Data Analytics practical assignment for this week?
spam,"ALERT: Unclaimed lottery reward of $50,000 waiting for your mobile number. Call +1-800-555-0199 now to transfer funds to your bank account."
ham,Are you coming to the seminar on Cloud Computing and Spark in the auditorium?
ham,Happy Birthday Amit! Wishing you a wonderful and successful year ahead.
ham,The library book 'Introduction to Algorithms' is due for return on Friday.
ham,Please find attached the updated project report and data pipeline code.
ham,Let's catch up over coffee this evening at the student cafeteria.
ham,The exam schedule has been released on the university student portal.
ham,The bus is arriving at platform 4 in five minutes.
ham,Your OTP for net banking login is 669689. Valid for 10 minutes. Do not share.
ham,"Ok, I will reach college by 4:15 PM. Please save a seat for me."
ham,"I checked the PySpark MLlib documentation, the parameter is elasticNetParam."
ham,Got your email with the dataset CSV. Loading it into Spark DataFrame now.
ham,Are you coming to the seminar on Cloud Computing and Spark in the auditorium?
ham,Just reached home safely. Let me know when you reach your hostel.
ham,Where should we order lunch from today? Pizza or sandwiches?
ham,Did you complete the Big Data Analytics practical assignment for this week?
ham,The bus is arriving at platform 4 in five minutes.
ham,Can you please review the merge request I raised on the repository?
spam,URGENT NOTICE: Your package delivery has been put on hold due to missing delivery address. Pay $1.50 redelivery fee at http://secure-verify.net.
ham,The library book 'Introduction to Algorithms' is due for return on Friday.
ham,"Hi Neha, hope you are doing well! It's been a while since we talked."
spam,"Dear Customer, your electricity connection will be disconnected tonight at 9:30 PM due to unpaid bill. Call helpline +1-800-419-7820 immediately."
ham,Good morning! Remember to submit the lab record before 5 PM today.
ham,Mom asked if you will be coming home for dinner tonight.
ham,Just reached home safely. Let me know when you reach your hostel.
ham,The library book 'Introduction to Algorithms' is due for return on Friday.
ham,Please find attached the updated project report and data pipeline code.
ham,Where should we order lunch from today? Pizza or sandwiches?
spam,"CONGRATULATIONS! You have won a cash prize of $10,000 in the National Telecom Lottery! Call +1-800-555-0199 or visit http://spam-claim.biz to claim now. T&C apply."
ham,Did you complete the Big Data Analytics practical assignment for this week?
ham,"Ok, I will reach college by 5:00 PM. Please save a seat for me."
spam,You have won a free 4-night luxury holiday voucher to Bali! Reply YES to 55444 to receive your booking code immediately.
ham,Got your email with the dataset CSV. Loading it into Spark DataFrame now.
ham,The library book 'Introduction to Algorithms' is due for return on Friday.
ham,Please find attached the updated project report and data pipeline code.
ham,Where should we order lunch from today? Pizza or sandwiches?
ham,Please send me the PDF notes for Unit 4 data visualization.
ham,Where should we order lunch from today? Pizza or sandwiches?
ham,See you tomorrow at 9 AM sharp in the computer lab.
ham,I'll bring my laptop charger with me so we can work on the lab assignment.
ham,See you tomorrow at 9 AM sharp in the computer lab.
ham,The results for the midterm examination will be announced next Monday.
ham,The library book 'Introduction to Algorithms' is due for return on Friday.
ham,"Hey Arjun, are we still meeting for the project discussion at 4:15 PM today?"
ham,"I am stuck in traffic near the circle, will be delayed by 15 minutes."
ham,The exam schedule has been released on the university student portal.
ham,The bus is arriving at platform 4 in five minutes.
ham,Just reached home safely. Let me know when you reach your hostel.
ham,"Hi Priya, hope you are doing well! It's been a while since we talked."
ham,Just reached home safely. Let me know when you reach your hostel.
ham,Are you coming to the seminar on Cloud Computing and Spark in the auditorium?
ham,Got your email with the dataset CSV. Loading it into Spark DataFrame now.
ham,Where should we order lunch from today? Pizza or sandwiches?
ham,Can you share the lecture slides from yesterday's distributed computing class?
ham,Thanks for the help earlier! Really appreciate your quick response.
spam,URGENT! Your bank account ending in 8967 has been suspended due to suspicious activity. Verify immediately at http://fast-loan-app.co to avoid permanent freeze.
ham,Happy Birthday Arjun! Wishing you a wonderful and successful year ahead.
spam,URGENT! Your bank account ending in 2470 has been suspended due to suspicious activity. Verify immediately at http://promo-deal.info to avoid permanent freeze.
ham,Did you complete the Big Data Analytics practical assignment for this week?
ham,"Hey Vikram, are we still meeting for the project discussion at 5:00 PM today?"
spam,"Instant Personal Loan approved up to $75,000 with 0% processing fee and minimal documentation! Apply within 2 hours at http://secure-verify.net."
spam,Hot singles in your area want to meet you tonight! Click http://gift-portal.com to chat live and browse profiles for free.
ham,Let's catch up over coffee this evening at the student cafeteria.
ham,"Ok, I will reach college by 5:00 PM. Please save a seat for me."
ham,Good morning! Remember to submit the lab record before 5 PM today.
ham,"Yes, I already verified the cluster configuration on Spark master node."
ham,Happy Birthday Tanvi! Wishing you a wonderful and successful year ahead.
ham,"Hey Ananya, are we still meeting for the project discussion at 10:30 AM today?"
ham,Good morning! Remember to submit the lab record before 5 PM today.
ham,Can you share the lecture slides from yesterday's distributed computing class?
ham,Please find attached the updated project report and data pipeline code.
spam,"FREE entry into our weekly $1,000 sweepstakes! Text WIN to 55444 now to register your free lucky draw ticket."
ham,Got your email with the dataset CSV. Loading it into Spark DataFrame now.
spam,"Instant Personal Loan approved up to $25,000 with 0% processing fee and minimal documentation! Apply within 2 hours at http://spam-claim.biz."
spam,"FREE entry into our weekly $5,000 sweepstakes! Text WIN to 99100 now to register your free lucky draw ticket."
spam,Get rich quick with guaranteed daily returns of 25% on crypto trading! Join our VIP Telegram channel at http://promo-deal.info. No prior experience needed.
ham,Please send me the PDF notes for Unit 4 data visualization.
ham,Mom asked if you will be coming home for dinner tonight.
ham,"Call me whenever you get free, need to discuss the weekend plans."
ham,Mom asked if you will be coming home for dinner tonight.
spam,Hot singles in your area want to meet you tonight! Click http://promo-deal.info to chat live and browse profiles for free.
ham,"Yes, I already verified the cluster configuration on Spark master node."
ham,Good morning! Remember to submit the lab record before 5 PM today.
ham,Got your email with the dataset CSV. Loading it into Spark DataFrame now.
ham,Good morning! Remember to submit the lab record before 5 PM today.
ham,Your order #23940 has been delivered successfully. Thank you for shopping with us.
spam,You have won a free 4-night luxury holiday voucher to Bali! Reply YES to 88202 to receive your booking code immediately.
ham,"Hey Rohan, are we still meeting for the project discussion at 2:00 PM today?"
ham,"Call me whenever you get free, need to discuss the weekend plans."
ham,See you tomorrow at 9 AM sharp in the computer lab.
ham,Good morning! Remember to submit the lab record before 5 PM today.
ham,The library book 'Introduction to Algorithms' is due for return on Friday.
ham,Got your email with the dataset CSV. Loading it into Spark DataFrame now.
ham,"Ok, I will reach college by 3:30 PM. Please save a seat for me."
ham,See you tomorrow at 9 AM sharp in the computer lab.
ham,Got your email with the dataset CSV. Loading it into Spark DataFrame now.
ham,Happy Birthday Rahul! Wishing you a wonderful and successful year ahead.
ham,Please find attached the updated project report and data pipeline code.
ham,"Yes, I already verified the cluster configuration on Spark master node."
ham,Did you complete the Big Data Analytics practical assignment for this week?
ham,Let's catch up over coffee this evening at the student cafeteria.
ham,Your order #34418 has been delivered successfully. Thank you for shopping with us.
ham,"I checked the PySpark MLlib documentation, the parameter is elasticNetParam."
ham,"Ok, I will reach college by 2:00 PM. Please save a seat for me."
spam,"FREE entry into our weekly $100,000 sweepstakes! Text WIN to 55444 now to register your free lucky draw ticket."
ham,"Yes, I already verified the cluster configuration on Spark master node."
ham,Can you please review the merge request I raised on the repository?
ham,The results for the midterm examination will be announced next Monday.
ham,"Don't worry about the presentation, we have prepared all the slides well."
ham,Got your email with the dataset CSV. Loading it into Spark DataFrame now.
ham,"I checked the PySpark MLlib documentation, the parameter is elasticNetParam."
ham,Good morning! Remember to submit the lab record before 5 PM today.
ham,"I checked the PySpark MLlib documentation, the parameter is elasticNetParam."
ham,Your order #52742 has been delivered successfully. Thank you for shopping with us.
ham,"Hi Sneha, hope you are doing well! It's been a while since we talked."
ham,The exam schedule has been released on the university student portal.
ham,Thanks for the help earlier! Really appreciate your quick response.
ham,The exam schedule has been released on the university student portal.
spam,"CONGRATULATIONS! You have won a cash prize of $10,000 in the National Telecom Lottery! Call +1-888-920-1144 or visit http://gift-portal.com to claim now. T&C apply."
ham,Where should we order lunch from today? Pizza or sandwiches?
ham,The bus is arriving at platform 4 in five minutes.
ham,The library book 'Introduction to Algorithms' is due for return on Friday.
ham,Can you please review the merge request I raised on the repository?
ham,The results for the midterm examination will be announced next Monday.
ham,Happy Birthday Neha! Wishing you a wonderful and successful year ahead.
ham,Mom asked if you will be coming home for dinner tonight.
ham,"Call me whenever you get free, need to discuss the weekend plans."
spam,"FREE entry into our weekly $100,000 sweepstakes! Text WIN to 55444 now to register your free lucky draw ticket."
ham,Thanks for the help earlier! Really appreciate your quick response.
ham,Mom asked if you will be coming home for dinner tonight.
ham,Mom asked if you will be coming home for dinner tonight.
ham,"I checked the PySpark MLlib documentation, the parameter is elasticNetParam."
ham,Thanks for the help earlier! Really appreciate your quick response.
ham,The library book 'Introduction to Algorithms' is due for return on Friday.
ham,The results for the midterm examination will be announced next Monday.
ham,Your OTP for net banking login is 933592. Valid for 10 minutes. Do not share.
spam,"CONGRATULATIONS! You have won a cash prize of $100,000 in the National Telecom Lottery! Call +1-800-419-7820 or visit http://spam-claim.biz to claim now. T&C apply."
ham,"Hey Arjun, are we still meeting for the project discussion at 10:30 AM today?"
ham,"I am stuck in traffic near the circle, will be delayed by 15 minutes."
ham,The bus is arriving at platform 4 in five minutes.
ham,I'll bring my laptop charger with me so we can work on the lab assignment.
ham,The exam schedule has been released on the university student portal.
ham,Are you coming to the seminar on Cloud Computing and Spark in the auditorium?
ham,"Yes, I already verified the cluster configuration on Spark master node."
spam,Congratulations! You qualify for debt forgiveness and credit score repair. Call our financial counselor now at +1-800-419-7820 to eliminate debt.
spam,URGENT NOTICE: Your package delivery has been put on hold due to missing delivery address. Pay $1.50 redelivery fee at http://gift-portal.com.
ham,"Hey Vikram, are we still meeting for the project discussion at 11:00 AM today?"
ham,Good morning! Remember to submit the lab record before 5 PM today.
ham,"Hi Amit, hope you are doing well! It's been a while since we talked."
ham,The library book 'Introduction to Algorithms' is due for return on Friday.
ham,Did you complete the Big Data Analytics practical assignment for this week?
spam,"Instant Personal Loan approved up to $50,000 with 0% processing fee and minimal documentation! Apply within 2 hours at http://secure-verify.net."
ham,Your order #31383 has been delivered successfully. Thank you for shopping with us.
ham,Your order #90372 has been delivered successfully. Thank you for shopping with us.
ham,Are you coming to the seminar on Cloud Computing and Spark in the auditorium?
ham,Mom asked if you will be coming home for dinner tonight.
ham,The library book 'Introduction to Algorithms' is due for return on Friday.
ham,Happy Birthday Karan! Wishing you a wonderful and successful year ahead.
ham,"Ok, I will reach college by 3:30 PM. Please save a seat for me."
ham,I'll bring my laptop charger with me so we can work on the lab assignment.
ham,The results for the midterm examination will be announced next Monday.
ham,Let's catch up over coffee this evening at the student cafeteria.
ham,The library book 'Introduction to Algorithms' is due for return on Friday.
spam,Exclusive Offer! Get 85% discount on top designer watches and luxury perfumes. Shop now at http://spam-claim.biz. Limited stocks available!
ham,The results for the midterm examination will be announced next Monday.
ham,Are you coming to the seminar on Cloud Computing and Spark in the auditorium?
ham,"Don't worry about the presentation, we have prepared all the slides well."
ham,"Yes, I already verified the cluster configuration on Spark master node."
ham,"Ok, I will reach college by 5:00 PM. Please save a seat for me."
ham,Please send me the PDF notes for Unit 4 data visualization.
ham,"I am stuck in traffic near the circle, will be delayed by 15 minutes."
ham,The results for the midterm examination will be announced next Monday.
ham,The bus is arriving at platform 4 in five minutes.
ham,"Ok, I will reach college by 11:00 AM. Please save a seat for me."
spam,"FREE entry into our weekly $50,000 sweepstakes! Text WIN to 88202 now to register your free lucky draw ticket."
ham,Just reached home safely. Let me know when you reach your hostel.
ham,Thanks for the help earlier! Really appreciate your quick response.
spam,"FREE entry into our weekly $1,000 sweepstakes! Text WIN to 88202 now to register your free lucky draw ticket."
spam,URGENT NOTICE: Your package delivery has been put on hold due to missing delivery address. Pay $1.50 redelivery fee at http://gift-portal.com.
ham,"Ok, I will reach college by 10:30 AM. Please save a seat for me."
ham,"Don't worry about the presentation, we have prepared all the slides well."
ham,"Hey Rahul, are we still meeting for the project discussion at 4:15 PM today?"
spam,Congratulations! You qualify for debt forgiveness and credit score repair. Call our financial counselor now at +1-800-555-0199 to eliminate debt.
spam,You have won a free 4-night luxury holiday voucher to Bali! Reply YES to 99100 to receive your booking code immediately.
ham,Please find attached the updated project report and data pipeline code.
spam,You have won a free 4-night luxury holiday voucher to Bali! Reply YES to 99100 to receive your booking code immediately.
ham,Just reached home safely. Let me know when you reach your hostel.
ham,The results for the midterm examination will be announced next Monday.
spam,Congratulations! You qualify for debt forgiveness and credit score repair. Call our financial counselor now at +44-20-7946-0921 to eliminate debt.
spam,"Dear Customer, your electricity connection will be disconnected tonight at 9:30 PM due to unpaid bill. Call helpline +1-800-555-0199 immediately."
ham,Please find attached the updated project report and data pipeline code.
ham,Are you coming to the seminar on Cloud Computing and Spark in the auditorium?
ham,Please send me the PDF notes for Unit 4 data visualization.
ham,Please find attached the updated project report and data pipeline code.
ham,The bus is arriving at platform 4 in five minutes.
spam,Exclusive Offer! Get 85% discount on top designer watches and luxury perfumes. Shop now at http://gift-portal.com. Limited stocks available!
ham,The results for the midterm examination will be announced next Monday.
ham,The exam schedule has been released on the university student portal.
ham,"Call me whenever you get free, need to discuss the weekend plans."
spam,"WINNER! As a valued customer, you have been selected to receive a FREE iPhone 15 Pro. Reply CLAIM to 77331 or click http://secure-verify.net today only!"
ham,"Call me whenever you get free, need to discuss the weekend plans."
ham,Can you please review the merge request I raised on the repository?
ham,Did you complete the Big Data Analytics practical assignment for this week?
ham,Where should we order lunch from today? Pizza or sandwiches?
ham,I'll bring my laptop charger with me so we can work on the lab assignment.
spam,URGENT! Your bank account ending in 5560 has been suspended due to suspicious activity. Verify immediately at http://spam-claim.biz to avoid permanent freeze.
ham,Can you share the lecture slides from yesterday's distributed computing class?
ham,"Hi Ananya, hope you are doing well! It's been a while since we talked."
ham,Where should we order lunch from today? Pizza or sandwiches?
ham,The exam schedule has been released on the university student portal.
ham,Got your email with the dataset CSV. Loading it into Spark DataFrame now.
spam,Congratulations! You qualify for debt forgiveness and credit score repair. Call our financial counselor now at +1-800-555-0199 to eliminate debt.
spam,Hot singles in your area want to meet you tonight! Click http://fast-loan-app.co to chat live and browse profiles for free.
ham,"Hey Neha, are we still meeting for the project discussion at 5:00 PM today?"
spam,Get rich quick with guaranteed daily returns of 25% on crypto trading! Join our VIP Telegram channel at http://promo-deal.info. No prior experience needed.
ham,Please send me the PDF notes for Unit 4 data visualization.
spam,Hot singles in your area want to meet you tonight! Click http://secure-verify.net to chat live and browse profiles for free.
ham,Got your email with the dataset CSV. Loading it into Spark DataFrame now.
ham,"Yes, I already verified the cluster configuration on Spark master node."
ham,"Hey Tanvi, are we still meeting for the project discussion at 3:30 PM today?"
ham,Please send me the PDF notes for Unit 4 data visualization.
ham,"Yes, I already verified the cluster configuration on Spark master node."
ham,I'll bring my laptop charger with me so we can work on the lab assignment.
spam,Double your mobile balance today! Send FREE to 55444 and get instant 200% bonus talktime and data packs.
ham,Let's catch up over coffee this evening at the student cafeteria.
ham,Good morning! Remember to submit the lab record before 5 PM today.
ham,Mom asked if you will be coming home for dinner tonight.
ham,Are you coming to the seminar on Cloud Computing and Spark in the auditorium?
ham,"Hey Amit, are we still meeting for the project discussion at 11:00 AM today?"
ham,Your order #24129 has been delivered successfully. Thank you for shopping with us.
spam,Special promotional offer: 100 GB High Speed 5G Data for just $1.99! Recharge now at http://gift-portal.com before the offer expires at midnight.
ham,Please find attached the updated project report and data pipeline code.
ham,See you tomorrow at 9 AM sharp in the computer lab.
ham,See you tomorrow at 9 AM sharp in the computer lab.
ham,The exam schedule has been released on the university student portal.
ham,The results for the midterm examination will be announced next Monday.
ham,Let's catch up over coffee this evening at the student cafeteria.
ham,Please find attached the updated project report and data pipeline code.
ham,Just reached home safely. Let me know when you reach your hostel.
ham,Can you share the lecture slides from yesterday's distributed computing class?
ham,"Call me whenever you get free, need to discuss the weekend plans."
ham,Did you complete the Big Data Analytics practical assignment for this week?
ham,"Ok, I will reach college by 11:00 AM. Please save a seat for me."
ham,"Hi Karan, hope you are doing well! It's been a while since we talked."
ham,See you tomorrow at 9 AM sharp in the computer lab.
ham,"Hey Tanvi, are we still meeting for the project discussion at 4:15 PM today?"
ham,See you tomorrow at 9 AM sharp in the computer lab.
ham,Mom asked if you will be coming home for dinner tonight.
spam,Special promotional offer: 100 GB High Speed 5G Data for just $1.99! Recharge now at http://promo-deal.info before the offer expires at midnight.
ham,"Hi Tanvi, hope you are doing well! It's been a while since we talked."
ham,The exam schedule has been released on the university student portal.
ham,I'll bring my laptop charger with me so we can work on the lab assignment.
ham,Just reached home safely. Let me know when you reach your hostel.
ham,"I am stuck in traffic near the circle, will be delayed by 15 minutes."
ham,"Hey Sneha, are we still meeting for the project discussion at 4:15 PM today?"
ham,"I am stuck in traffic near the circle, will be delayed by 15 minutes."
spam,"Instant Personal Loan approved up to $75,000 with 0% processing fee and minimal documentation! Apply within 2 hours at http://fast-loan-app.co."
ham,Let's catch up over coffee this evening at the student cafeteria.
ham,Did you complete the Big Data Analytics practical assignment for this week?
ham,"Hi Pooja, hope you are doing well! It's been a while since we talked."
ham,"Yes, I already verified the cluster configuration on Spark master node."
ham,See you tomorrow at 9 AM sharp in the computer lab.
spam,Get rich quick with guaranteed daily returns of 25% on crypto trading! Join our VIP Telegram channel at http://gift-portal.com. No prior experience needed.
ham,Where should we order lunch from today? Pizza or sandwiches?
ham,The results for the midterm examination will be announced next Monday.
ham,Your OTP for net banking login is 388842. Valid for 10 minutes. Do not share.
ham,The exam schedule has been released on the university student portal.
ham,I'll bring my laptop charger with me so we can work on the lab assignment.
ham,Thanks for the help earlier! Really appreciate your quick response.
spam,"Dear Customer, your electricity connection will be disconnected tonight at 9:30 PM due to unpaid bill. Call helpline +44-20-7946-0921 immediately."
spam,Exclusive Offer! Get 85% discount on top designer watches and luxury perfumes. Shop now at http://spam-claim.biz. Limited stocks available!
ham,Are you coming to the seminar on Cloud Computing and Spark in the auditorium?
ham,Thanks for the help earlier! Really appreciate your quick response.
spam,Special promotional offer: 100 GB High Speed 5G Data for just $1.99! Recharge now at http://spam-claim.biz before the offer expires at midnight.
ham,"Ok, I will reach college by 5:00 PM. Please save a seat for me."
ham,Did you complete the Big Data Analytics practical assignment for this week?
ham,The bus is arriving at platform 4 in five minutes.
ham,"Don't worry about the presentation, we have prepared all the slides well."
spam,URGENT NOTICE: Your package delivery has been put on hold due to missing delivery address. Pay $1.50 redelivery fee at http://spam-claim.biz.
spam,Hot singles in your area want to meet you tonight! Click http://gift-portal.com to chat live and browse profiles for free.
spam,"Dear Customer, your electricity connection will be disconnected tonight at 9:30 PM due to unpaid bill. Call helpline +1-800-419-7820 immediately."
spam,"FREE entry into our weekly $100,000 sweepstakes! Text WIN to 88202 now to register your free lucky draw ticket."
ham,I'll bring my laptop charger with me so we can work on the lab assignment.
ham,Please find attached the updated project report and data pipeline code.
ham,The bus is arriving at platform 4 in five minutes.
ham,Can you please review the merge request I raised on the repository?
ham,The bus is arriving at platform 4 in five minutes.
spam,URGENT! Your bank account ending in 4881 has been suspended due to suspicious activity. Verify immediately at http://spam-claim.biz to avoid permanent freeze.
ham,Can you please review the merge request I raised on the repository?
spam,URGENT! Your bank account ending in 9864 has been suspended due to suspicious activity. Verify immediately at http://gift-portal.com to avoid permanent freeze.
ham,The bus is arriving at platform 4 in five minutes.
ham,Where should we order lunch from today? Pizza or sandwiches?
ham,Can you share the lecture slides from yesterday's distributed computing class?
ham,Mom asked if you will be coming home for dinner tonight.
ham,Thanks for the help earlier! Really appreciate your quick response.
ham,Thanks for the help earlier! Really appreciate your quick response.
ham,Your order #93418 has been delivered successfully. Thank you for shopping with us.
ham,Did you complete the Big Data Analytics practical assignment for this week?
spam,Get rich quick with guaranteed daily returns of 25% on crypto trading! Join our VIP Telegram channel at http://promo-deal.info. No prior experience needed.
spam,Double your mobile balance today! Send FREE to 88202 and get instant 200% bonus talktime and data packs.
ham,"Call me whenever you get free, need to discuss the weekend plans."
spam,Congratulations! You qualify for debt forgiveness and credit score repair. Call our financial counselor now at +44-20-7946-0921 to eliminate debt.
ham,"Call me whenever you get free, need to discuss the weekend plans."
ham,The bus is arriving at platform 4 in five minutes.
spam,"FREE entry into our weekly $100,000 sweepstakes! Text WIN to 88202 now to register your free lucky draw ticket."
ham,I'll bring my laptop charger with me so we can work on the lab assignment.
ham,I'll bring my laptop charger with me so we can work on the lab assignment.
ham,Got your email with the dataset CSV. Loading it into Spark DataFrame now.
ham,"Don't worry about the presentation, we have prepared all the slides well."
ham,"Call me whenever you get free, need to discuss the weekend plans."
ham,"Hey Neha, are we still meeting for the project discussion at 2:00 PM today?"
spam,Double your mobile balance today! Send FREE to 77331 and get instant 200% bonus talktime and data packs.
spam,"ALERT: Unclaimed lottery reward of $5,000 waiting for your mobile number. Call +1-888-920-1144 now to transfer funds to your bank account."
ham,Thanks for the help earlier! Really appreciate your quick response.
ham,Good morning! Remember to submit the lab record before 5 PM today.
ham,Just reached home safely. Let me know when you reach your hostel.
ham,"Hi Amit, hope you are doing well! It's been a while since we talked."
ham,Good morning! Remember to submit the lab record before 5 PM today.
ham,I'll bring my laptop charger with me so we can work on the lab assignment.
ham,Thanks for the help earlier! Really appreciate your quick response.
ham,"Hey Ananya, are we still meeting for the project discussion at 4:15 PM today?"
spam,"WINNER! As a valued customer, you have been selected to receive a FREE iPhone 15 Pro. Reply CLAIM to 99100 or click http://spam-claim.biz today only!"
spam,"Dear Customer, your electricity connection will be disconnected tonight at 9:30 PM due to unpaid bill. Call helpline +1-888-920-1144 immediately."
spam,"ALERT: Unclaimed lottery reward of $1,000 waiting for your mobile number. Call +1-800-419-7820 now to transfer funds to your bank account."
ham,See you tomorrow at 9 AM sharp in the computer lab.
ham,See you tomorrow at 9 AM sharp in the computer lab.
spam,URGENT NOTICE: Your package delivery has been put on hold due to missing delivery address. Pay $1.50 redelivery fee at http://gift-portal.com.
ham,See you tomorrow at 9 AM sharp in the computer lab.
ham,"Don't worry about the presentation, we have prepared all the slides well."
ham,Are you coming to the seminar on Cloud Computing and Spark in the auditorium?
ham,Thanks for the help earlier! Really appreciate your quick response.
ham,"Hey Rahul, are we still meeting for the project discussion at 4:15 PM today?"
ham,The exam schedule has been released on the university student portal.
ham,Let's catch up over coffee this evening at the student cafeteria.
ham,"Yes, I already verified the cluster configuration on Spark master node."
ham,"Hey Sneha, are we still meeting for the project discussion at 4:15 PM today?"
ham,"Yes, I already verified the cluster configuration on Spark master node."
spam,"ALERT: Unclaimed lottery reward of $10,000 waiting for your mobile number. Call +1-888-920-1144 now to transfer funds to your bank account."
ham,Where should we order lunch from today? Pizza or sandwiches?
ham,Are you coming to the seminar on Cloud Computing and Spark in the auditorium?
spam,Get rich quick with guaranteed daily returns of 25% on crypto trading! Join our VIP Telegram channel at http://promo-deal.info. No prior experience needed.
spam,"ALERT: Unclaimed lottery reward of $100,000 waiting for your mobile number. Call +1-800-555-0199 now to transfer funds to your bank account."
ham,"Yes, I already verified the cluster configuration on Spark master node."
ham,The exam schedule has been released on the university student portal.
ham,Can you please review the merge request I raised on the repository?
ham,"Hey Amit, are we still meeting for the project discussion at 4:15 PM today?"
ham,The bus is arriving at platform 4 in five minutes.
ham,"I am stuck in traffic near the circle, will be delayed by 15 minutes."
ham,Good morning! Remember to submit the lab record before 5 PM today.
ham,"Hi Vikram, hope you are doing well! It's been a while since we talked."
spam,Hot singles in your area want to meet you tonight! Click http://fast-loan-app.co to chat live and browse profiles for free.
ham,Thanks for the help earlier! Really appreciate your quick response.
ham,"Don't worry about the presentation, we have prepared all the slides well."
ham,I'll bring my laptop charger with me so we can work on the lab assignment.
spam,Exclusive Offer! Get 85% discount on top designer watches and luxury perfumes. Shop now at http://promo-deal.info. Limited stocks available!
ham,"Yes, I already verified the cluster configuration on Spark master node."
ham,The results for the midterm examination will be announced next Monday.
ham,"Yes, I already verified the cluster configuration on Spark master node."
ham,The exam schedule has been released on the university student portal.
ham,Got your email with the dataset CSV. Loading it into Spark DataFrame now.
spam,You have won a free 4-night luxury holiday voucher to Bali! Reply YES to 55444 to receive your booking code immediately.
ham,Please send me the PDF notes for Unit 4 data visualization.
ham,See you tomorrow at 9 AM sharp in the computer lab.
ham,Can you share the lecture slides from yesterday's distributed computing class?
ham,Good morning! Remember to submit the lab record before 5 PM today.
ham,Can you share the lecture slides from yesterday's distributed computing class?
ham,See you tomorrow at 9 AM sharp in the computer lab.
ham,Happy Birthday Tanvi! Wishing you a wonderful and successful year ahead.
ham,Can you share the lecture slides from yesterday's distributed computing class?
ham,"I am stuck in traffic near the circle, will be delayed by 15 minutes."
ham,I'll bring my laptop charger with me so we can work on the lab assignment.
ham,"Ok, I will reach college by 5:00 PM. Please save a seat for me."
ham,"Hi Vikram, hope you are doing well! It's been a while since we talked."
spam,Hot singles in your area want to meet you tonight! Click http://fast-loan-app.co to chat live and browse profiles for free.
ham,"Yes, I already verified the cluster configuration on Spark master node."
ham,I'll bring my laptop charger with me so we can work on the lab assignment.
ham,Can you share the lecture slides from yesterday's distributed computing class?
ham,The exam schedule has been released on the university student portal.
ham,Let's catch up over coffee this evening at the student cafeteria.
ham,"Hey Pooja, are we still meeting for the project discussion at 3:30 PM today?"
ham,Just reached home safely. Let me know when you reach your hostel.
ham,"Yes, I already verified the cluster configuration on Spark master node."
ham,Your OTP for net banking login is 313923. Valid for 10 minutes. Do not share.
ham,"I checked the PySpark MLlib documentation, the parameter is elasticNetParam."
ham,Thanks for the help earlier! Really appreciate your quick response.
ham,Let's catch up over coffee this evening at the student cafeteria.
spam,URGENT NOTICE: Your package delivery has been put on hold due to missing delivery address. Pay $1.50 redelivery fee at http://secure-verify.net.
ham,"I checked the PySpark MLlib documentation, the parameter is elasticNetParam."
ham,Please find attached the updated project report and data pipeline code.
ham,"Don't worry about the presentation, we have prepared all the slides well."
ham,The results for the midterm examination will be announced next Monday.
ham,Happy Birthday Amit! Wishing you a wonderful and successful year ahead.
ham,Did you complete the Big Data Analytics practical assignment for this week?
ham,Mom asked if you will be coming home for dinner tonight.
ham,Your OTP for net banking login is 881639. Valid for 10 minutes. Do not share.
ham,Good morning! Remember to submit the lab record before 5 PM today.
ham,Are you coming to the seminar on Cloud Computing and Spark in the auditorium?
ham,Good morning! Remember to submit the lab record before 5 PM today.
ham,Your order #37406 has been delivered successfully. Thank you for shopping with us.
spam,Hot singles in your area want to meet you tonight! Click http://promo-deal.info to chat live and browse profiles for free.
spam,Special promotional offer: 100 GB High Speed 5G Data for just $1.99! Recharge now at http://fast-loan-app.co before the offer expires at midnight.
ham,The bus is arriving at platform 4 in five minutes.
ham,The bus is arriving at platform 4 in five minutes.
spam,Exclusive Offer! Get 85% discount on top designer watches and luxury perfumes. Shop now at http://spam-claim.biz. Limited stocks available!
ham,The library book 'Introduction to Algorithms' is due for return on Friday.
ham,"Call me whenever you get free, need to discuss the weekend plans."
ham,Please send me the PDF notes for Unit 4 data visualization.
ham,The library book 'Introduction to Algorithms' is due for return on Friday.
ham,Thanks for the help earlier! Really appreciate your quick response.
ham,Your OTP for net banking login is 227728. Valid for 10 minutes. Do not share.
ham,I'll bring my laptop charger with me so we can work on the lab assignment.
spam,Hot singles in your area want to meet you tonight! Click http://promo-deal.info to chat live and browse profiles for free.
ham,Please find attached the updated project report and data pipeline code.
ham,"Call me whenever you get free, need to discuss the weekend plans."
spam,"CONGRATULATIONS! You have won a cash prize of $10,000 in the National Telecom Lottery! Call +1-800-419-7820 or visit http://secure-verify.net to claim now. T&C apply."
ham,"Call me whenever you get free, need to discuss the weekend plans."
ham,"I checked the PySpark MLlib documentation, the parameter is elasticNetParam."
spam,Double your mobile balance today! Send FREE to 99100 and get instant 200% bonus talktime and data packs.
ham,I'll bring my laptop charger with me so we can work on the lab assignment.
ham,"I checked the PySpark MLlib documentation, the parameter is elasticNetParam."
ham,"Hi Karan, hope you are doing well! It's been a while since we talked."
ham,Please find attached the updated project report and data pipeline code.
ham,Let's catch up over coffee this evening at the student cafeteria.
ham,Can you please review the merge request I raised on the repository?
ham,"Yes, I already verified the cluster configuration on Spark master node."
spam,Special promotional offer: 100 GB High Speed 5G Data for just $1.99! Recharge now at http://secure-verify.net before the offer expires at midnight.
ham,Did you complete the Big Data Analytics practical assignment for this week?
ham,"Hi Neha, hope you are doing well! It's been a while since we talked."
spam,Get rich quick with guaranteed daily returns of 25% on crypto trading! Join our VIP Telegram channel at http://secure-verify.net. No prior experience needed.
ham,"I checked the PySpark MLlib documentation, the parameter is elasticNetParam."
ham,"Hi Rohan, hope you are doing well! It's been a while since we talked."
ham,"Ok, I will reach college by 10:30 AM. Please save a seat for me."
ham,I'll bring my laptop charger with me so we can work on the lab assignment.
ham,The results for the midterm examination will be announced next Monday.
ham,Just reached home safely. Let me know when you reach your hostel.
ham,Got your email with the dataset CSV. Loading it into Spark DataFrame now.
ham,I'll bring my laptop charger with me so we can work on the lab assignment.
ham,"Yes, I already verified the cluster configuration on Spark master node."
ham,"Yes, I already verified the cluster configuration on Spark master node."
ham,Can you share the lecture slides from yesterday's distributed computing class?
spam,"ALERT: Unclaimed lottery reward of $100,000 waiting for your mobile number. Call +44-20-7946-0921 now to transfer funds to your bank account."
ham,Can you share the lecture slides from yesterday's distributed computing class?
ham,"Hey Rahul, are we still meeting for the project discussion at 3:30 PM today?"
ham,Mom asked if you will be coming home for dinner tonight.
ham,See you tomorrow at 9 AM sharp in the computer lab.
ham,"Yes, I already verified the cluster configuration on Spark master node."
ham,The bus is arriving at platform 4 in five minutes.
ham,"Hey Tanvi, are we still meeting for the project discussion at 11:00 AM today?"
ham,The library book 'Introduction to Algorithms' is due for return on Friday.
ham,The results for the midterm examination will be announced next Monday.
ham,"Hi Arjun, hope you are doing well! It's been a while since we talked."
ham,"Don't worry about the presentation, we have prepared all the slides well."
ham,The library book 'Introduction to Algorithms' is due for return on Friday.
ham,Are you coming to the seminar on Cloud Computing and Spark in the auditorium?
ham,Good morning! Remember to submit the lab record before 5 PM today.
ham,Where should we order lunch from today? Pizza or sandwiches?
ham,"Ok, I will reach college by 11:00 AM. Please save a seat for me."
ham,The exam schedule has been released on the university student portal.
ham,"Yes, I already verified the cluster configuration on Spark master node."
ham,Please find attached the updated project report and data pipeline code.
spam,URGENT NOTICE: Your package delivery has been put on hold due to missing delivery address. Pay $1.50 redelivery fee at http://promo-deal.info.
ham,Just reached home safely. Let me know when you reach your hostel.
spam,Exclusive Offer! Get 85% discount on top designer watches and luxury perfumes. Shop now at http://gift-portal.com. Limited stocks available!
ham,The library book 'Introduction to Algorithms' is due for return on Friday.
ham,"I checked the PySpark MLlib documentation, the parameter is elasticNetParam."
ham,Your OTP for net banking login is 438392. Valid for 10 minutes. Do not share.
ham,"Don't worry about the presentation, we have prepared all the slides well."
ham,"Yes, I already verified the cluster configuration on Spark master node."
spam,URGENT! Your bank account ending in 4095 has been suspended due to suspicious activity. Verify immediately at http://spam-claim.biz to avoid permanent freeze.
ham,"Don't worry about the presentation, we have prepared all the slides well."
ham,Let's catch up over coffee this evening at the student cafeteria.
ham,"Yes, I already verified the cluster configuration on Spark master node."
ham,"Don't worry about the presentation, we have prepared all the slides well."
spam,Congratulations! You qualify for debt forgiveness and credit score repair. Call our financial counselor now at +1-800-419-7820 to eliminate debt.
ham,Thanks for the help earlier! Really appreciate your quick response.
ham,Where should we order lunch from today? Pizza or sandwiches?
ham,Just reached home safely. Let me know when you reach your hostel.
spam,Special promotional offer: 100 GB High Speed 5G Data for just $1.99! Recharge now at http://fast-loan-app.co before the offer expires at midnight.
ham,"Hi Rohan, hope you are doing well! It's been a while since we talked."
ham,Mom asked if you will be coming home for dinner tonight.
ham,"Hey Rohan, are we still meeting for the project discussion at 4:15 PM today?"
ham,"Ok, I will reach college by 11:00 AM. Please save a seat for me."
ham,Just reached home safely. Let me know when you reach your hostel.
ham,Your OTP for net banking login is 879458. Valid for 10 minutes. Do not share.
ham,Your order #63482 has been delivered successfully. Thank you for shopping with us.
ham,Please find attached the updated project report and data pipeline code.
ham,"I am stuck in traffic near the circle, will be delayed by 15 minutes."
ham,"Hey Rahul, are we still meeting for the project discussion at 3:30 PM today?"
ham,Happy Birthday Ananya! Wishing you a wonderful and successful year ahead.
ham,Mom asked if you will be coming home for dinner tonight.
ham,Did you complete the Big Data Analytics practical assignment for this week?
ham,"I checked the PySpark MLlib documentation, the parameter is elasticNetParam."
spam,You have won a free 4-night luxury holiday voucher to Bali! Reply YES to 99100 to receive your booking code immediately.
ham,Good morning! Remember to submit the lab record before 5 PM today.
ham,See you tomorrow at 9 AM sharp in the computer lab.
ham,Thanks for the help earlier! Really appreciate your quick response.
ham,"Yes, I already verified the cluster configuration on Spark master node."
spam,Congratulations! You qualify for debt forgiveness and credit score repair. Call our financial counselor now at +1-800-419-7820 to eliminate debt.
ham,Got your email with the dataset CSV. Loading it into Spark DataFrame now.
spam,Exclusive Offer! Get 85% discount on top designer watches and luxury perfumes. Shop now at http://spam-claim.biz. Limited stocks available!
ham,"Hi Arjun, hope you are doing well! It's been a while since we talked."
ham,"Hey Tanvi, are we still meeting for the project discussion at 10:30 AM today?"
ham,Your order #66436 has been delivered successfully. Thank you for shopping with us.
spam,Exclusive Offer! Get 85% discount on top designer watches and luxury perfumes. Shop now at http://fast-loan-app.co. Limited stocks available!
ham,Thanks for the help earlier! Really appreciate your quick response.
spam,"ALERT: Unclaimed lottery reward of $1,000 waiting for your mobile number. Call +44-20-7946-0921 now to transfer funds to your bank account."
ham,Can you please review the merge request I raised on the repository?
ham,I'll bring my laptop charger with me so we can work on the lab assignment.
ham,"Hey Ananya, are we still meeting for the project discussion at 2:00 PM today?"
ham,"Call me whenever you get free, need to discuss the weekend plans."
spam,Get rich quick with guaranteed daily returns of 25% on crypto trading! Join our VIP Telegram channel at http://spam-claim.biz. No prior experience needed.
ham,"Call me whenever you get free, need to discuss the weekend plans."
ham,"Hi Amit, hope you are doing well! It's been a while since we talked."
spam,Exclusive Offer! Get 85% discount on top designer watches and luxury perfumes. Shop now at http://fast-loan-app.co. Limited stocks available!
spam,Get rich quick with guaranteed daily returns of 25% on crypto trading! Join our VIP Telegram channel at http://fast-loan-app.co. No prior experience needed.
ham,Can you please review the merge request I raised on the repository?
ham,Your OTP for net banking login is 840605. Valid for 10 minutes. Do not share.
ham,The bus is arriving at platform 4 in five minutes.
spam,Exclusive Offer! Get 85% discount on top designer watches and luxury perfumes. Shop now at http://spam-claim.biz. Limited stocks available!
ham,Happy Birthday Karan! Wishing you a wonderful and successful year ahead.
ham,"I am stuck in traffic near the circle, will be delayed by 15 minutes."
ham,Let's catch up over coffee this evening at the student cafeteria.
ham,The results for the midterm examination will be announced next Monday.
ham,The results for the midterm examination will be announced next Monday.
spam,Congratulations! You qualify for debt forgiveness and credit score repair. Call our financial counselor now at +1-800-555-0199 to eliminate debt.
spam,"Instant Personal Loan approved up to $25,000 with 0% processing fee and minimal documentation! Apply within 2 hours at http://promo-deal.info."
ham,Thanks for the help earlier! Really appreciate your quick response.
ham,I'll bring my laptop charger with me so we can work on the lab assignment.
ham,"Hey Amit, are we still meeting for the project discussion at 4:15 PM today?"
spam,Get rich quick with guaranteed daily returns of 25% on crypto trading! Join our VIP Telegram channel at http://spam-claim.biz. No prior experience needed.
ham,"Hi Karan, hope you are doing well! It's been a while since we talked."
ham,"Yes, I already verified the cluster configuration on Spark master node."
ham,Thanks for the help earlier! Really appreciate your quick response.
ham,Let's catch up over coffee this evening at the student cafeteria.
spam,Hot singles in your area want to meet you tonight! Click http://spam-claim.biz to chat live and browse profiles for free.
ham,The bus is arriving at platform 4 in five minutes.
ham,Please send me the PDF notes for Unit 4 data visualization.
ham,Good morning! Remember to submit the lab record before 5 PM today.
spam,"Instant Personal Loan approved up to $75,000 with 0% processing fee and minimal documentation! Apply within 2 hours at http://spam-claim.biz."
ham,"I am stuck in traffic near the circle, will be delayed by 15 minutes."
ham,"Ok, I will reach college by 11:00 AM. Please save a seat for me."
ham,"Ok, I will reach college by 2:00 PM. Please save a seat for me."
spam,Get rich quick with guaranteed daily returns of 25% on crypto trading! Join our VIP Telegram channel at http://gift-portal.com. No prior experience needed.
ham,Your OTP for net banking login is 122306. Valid for 10 minutes. Do not share.
ham,Can you please review the merge request I raised on the repository?
ham,Thanks for the help earlier! Really appreciate your quick response.
