customer_id,transaction_id,transaction_date,amount,quantity
231,102836,2026-03-22,80.47,5
963,111239,2025-12-17,49.44,8
592,107056,2026-02-07,19.77,4
44,100573,2026-02-22,41.08,4
161,101998,2026-01-24,35.22,6
612,107321,2026-01-06,18.33,5
957,111183,2026-03-16,55.87,6
511,106124,2026-02-03,32.96,3
904,110664,2025-12-26,39.43,1
862,110158,2026-01-07,14.35,3
967,111297,2026-01-16,54.69,2
802,109507,2026-01-13,25.00,2
483,105767,2026-02-10,24.96,8
746,108948,2026-01-27,14.33,4
902,110652,2026-02-02,22.90,2
879,110368,2026-02-06,14.40,6
275,103321,2026-03-05,34.50,3
477,105682,2025-12-23,41.81,2
284,103441,2026-01-28,32.30,5
471,105613,2026-03-05,31.31,7
379,104509,2026-01-21,34.97,5
366,104352,2026-02-14,44.24,6
756,109047,2026-01-08,44.88,4
95,101225,2026-02-18,60.65,5
150,101842,2026-01-10,31.34,5
491,105822,2026-02-20,39.58,1
220,102732,2026-02-04,18.88,1
561,106738,2026-02-01,30.52,6
176,102165,2026-02-28,15.61,2
369,104393,2026-01-26,62.79,1
579,106906,2025-12-31,39.20,1
135,101656,2026-02-19,69.58,4
523,106288,2026-02-23,20.85,7
515,106175,2025-12-08,84.02,2
159,101970,2026-02-12,14.64,3
132,101629,2026-02-23,58.26,5
341,104067,2025-11-07,25.44,3
132,101625,2026-01-31,66.23,5
482,105731,2026-03-20,61.89,8
150,101855,2026-01-23,32.38,6
223,102758,2025-12-09,26.16,6
701,108385,2026-01-26,21.81,3
69,100875,2026-02-08,34.82,2
519,106242,2026-01-14,75.48,3
775,109254,2026-01-14,40.05,7
590,107031,2026-02-08,53.93,3
801,109495,2026-01-26,32.22,3
37,100489,2025-12-12,51.70,6
518,106202,2026-01-10,54.95,7
94,101198,2026-01-07,44.70,2
328,103934,2026-01-15,37.81,3
905,110667,2026-02-20,26.48,6
91,101163,2026-03-03,21.66,2
160,101983,2026-02-24,57.10,7
704,108408,2026-03-02,54.86,1
17,100256,2026-01-09,32.96,3
684,108201,2026-02-16,78.40,3
376,104470,2026-03-13,48.03,2
250,103065,2026-02-02,41.10,6
27,100370,2026-02-06,56.04,7
505,106014,2026-01-08,43.60,7
367,104369,2026-02-23,51.58,4
592,107061,2026-02-07,17.92,8
899,110625,2026-01-24,86.50,1
874,110316,2026-01-21,47.56,5
464,105514,2026-03-09,14.97,2
849,110001,2025-12-30,72.45,5
685,108234,2026-03-08,78.19,3
178,102219,2026-01-13,24.14,4
288,103486,2026-03-07,70.23,1
57,100748,2026-01-25,19.03,5
170,102126,2026-01-15,17.46,7
306,103726,2026-02-09,18.71,3
527,106316,2026-01-03,13.79,5
853,110043,2026-01-25,56.67,6
313,103788,2025-12-20,25.21,4
976,111406,2026-02-07,33.25,7
393,104685,2026-02-23,28.84,1
921,110831,2026-01-06,57.88,7
891,110523,2026-01-23,33.72,1
710,108511,2026-01-28,21.57,4
487,105777,2026-02-21,22.75,6
235,102901,2026-02-18,47.15,5
845,109955,2025-12-01,34.65,1
600,107160,2026-02-17,21.08,6
454,105383,2025-12-21,28.30,4
658,107891,2025-12-26,59.26,2
502,105975,2026-01-15,101.94,1
91,101153,2026-02-07,20.52,2
369,104405,2026-03-08,51.91,6
122,101494,2026-02-23,18.57,3
529,106357,2026-01-10,83.26,7
744,108919,2025-11-21,35.84,1
505,106020,2026-01-12,57.48,3
68,100856,2026-02-19,70.23,6
874,110314,2026-01-15,44.91,7
911,110748,2025-12-23,63.22,3
808,109568,2026-01-29,29.52,8
399,104761,2025-12-26,29.19,1
944,111073,2025-11-14,47.99,5
892,110536,2026-01-24,16.37,3
282,103418,2026-03-19,31.90,4
668,108018,2026-03-14,34.37,1
375,104443,2026-03-06,17.16,4
716,108579,2026-01-23,59.37,2
36,100484,2026-01-18,34.41,3
392,104667,2026-01-29,38.32,8
209,102622,2026-01-15,31.13,3
980,111453,2026-02-02,60.44,6
344,104123,2026-01-04,30.48,4
776,109277,2026-01-12,37.34,5
609,107271,2026-02-28,40.62,5
433,105207,2026-02-23,55.03,3
160,101987,2026-01-06,48.63,3
870,110258,2025-12-16,20.14,2
699,108371,2026-02-21,16.04,6
857,110080,2025-12-10,56.23,1
258,103164,2026-01-18,21.35,6
155,101900,2026-02-13,20.74,4
717,108602,2026-03-07,83.43,3
808,109576,2026-02-04,34.04,3
70,100901,2026-02-23,51.95,3
127,101550,2026-03-11,68.06,1
459,105434,2026-01-28,15.43,3
455,105389,2026-01-02,24.44,8
145,101788,2026-02-11,23.43,3
360,104286,2025-12-30,23.39,3
146,101789,2026-01-06,30.78,6
289,103508,2026-02-01,16.71,3
915,110774,2026-01-25,23.00,1
325,103886,2026-01-31,49.50,5
80,101006,2026-01-31,24.19,1
454,105379,2026-01-10,29.37,4
132,101632,2026-01-06,73.28,2
802,109518,2025-12-24,31.98,5
940,111041,2026-01-31,23.09,3
379,104511,2026-01-20,24.92,1
495,105889,2026-01-08,36.53,1
644,107735,2026-01-21,29.06,7
566,106798,2025-11-28,29.18,7
132,101620,2026-01-02,72.94,2
740,108883,2026-03-08,24.02,5
840,109920,2025-11-17,38.91,8
288,103491,2026-02-27,56.18,2
902,110646,2026-01-09,16.21,5
218,102704,2025-12-31,29.46,3
168,102096,2026-01-07,27.56,3
224,102768,2025-11-16,27.52,8
817,109677,2025-12-20,68.38,1
253,103100,2026-03-04,93.98,4
930,110914,2026-02-11,96.42,5
512,106144,2026-02-24,14.06,4
859,110109,2026-02-08,55.52,6
402,104800,2025-12-17,16.63,8
586,106981,2026-01-20,47.50,7
867,110213,2025-12-24,21.65,6
297,103616,2025-12-27,29.46,7
367,104372,2026-03-09,38.74,7
451,105361,2025-12-11,17.02,7
828,109810,2026-01-07,23.92,5
222,102745,2026-02-04,28.13,4
349,104171,2025-12-01,28.11,3
172,102136,2026-01-01,52.94,3
497,105916,2026-03-02,33.88,7
279,103386,2026-01-05,25.87,1
317,103838,2026-01-26,35.20,6
996,111679,2026-01-29,116.55,7
843,109948,2026-02-14,31.35,2
834,109853,2025-12-21,24.03,3
563,106767,2025-12-17,34.05,5
799,109476,2026-01-26,55.38,2
30,100427,2025-12-13,28.21,7
292,103563,2025-12-06,29.42,6
392,104673,2026-01-26,29.25,6
992,111605,2026-03-12,62.69,2
2,100010,2026-02-23,82.29,3
907,110692,2026-01-15,27.54,5
813,109631,2026-01-16,27.78,5
771,109198,2026-02-14,55.47,8
877,110343,2026-01-20,43.38,8
432,105193,2026-01-31,39.64,8
655,107848,2025-11-29,64.07,2
858,110091,2026-01-14,19.35,5
595,107107,2025-12-27,50.63,7
354,104222,2025-12-26,38.31,5
20,100281,2026-01-21,71.57,3
293,103573,2025-12-20,38.08,3
69,100879,2026-02-26,15.56,6
759,109083,2026-01-26,27.36,6
512,106130,2026-02-15,20.17,6
603,107197,2025-11-21,12.93,2
113,101400,2026-01-06,60.59,7
365,104347,2026-02-16,35.12,6
577,106891,2026-01-29,82.38,1
27,100380,2026-02-17,42.79,2
979,111444,2026-02-25,36.14,3
161,102010,2026-02-16,48.85,2
420,105037,2026-03-01,68.15,5
408,104867,2025-12-26,69.04,5
712,108533,2025-12-21,16.59,3
417,104974,2026-03-08,34.15,8
95,101211,2026-01-08,45.65,2
659,107900,2026-02-27,55.33,4
76,100958,2026-01-29,39.09,6
155,101895,2026-02-04,31.96,1
288,103481,2026-02-18,46.31,4
53,100696,2026-01-03,32.04,2
786,109372,2025-11-05,62.47,7
841,109939,2026-01-29,22.72,2
250,103066,2026-03-04,43.95,1
275,103333,2026-03-09,29.14,8
751,109001,2025-12-20,31.26,7
687,108265,2025-12-24,32.90,4
471,105620,2026-02-21,42.95,8
874,110298,2026-02-22,43.31,6
734,108793,2026-02-13,39.14,1
467,105558,2026-01-09,38.25,3
836,109873,2026-02-15,29.21,7
688,108275,2025-12-30,28.00,1
776,109267,2026-01-10,30.03,7
695,108337,2025-11-14,86.81,6
75,100947,2026-01-10,52.97,8
487,105787,2026-03-17,25.54,4
55,100721,2025-12-23,40.66,8
343,104104,2026-02-01,44.14,8
125,101516,2026-02-06,91.76,4
197,102450,2025-12-18,33.07,2
282,103415,2026-02-05,17.26,4
895,110574,2026-02-19,33.88,4
36,100479,2026-01-05,25.43,2
754,109034,2026-01-01,37.56,4
408,104869,2026-01-31,36.03,5
823,109756,2026-01-05,37.15,6
251,103078,2026-02-02,21.15,5
545,106555,2026-01-07,26.45,6
584,106963,2026-01-22,118.65,5
267,103245,2026-01-18,21.35,6
145,101777,2026-01-24,22.20,3
674,108079,2026-01-15,29.44,3
575,106878,2026-01-09,20.23,2
365,104342,2026-01-16,17.76,7
132,101612,2026-01-22,46.45,1
905,110676,2026-02-10,29.78,7
426,105099,2026-01-19,46.89,3
17,100248,2025-12-23,21.92,3
227,102812,2025-12-11,23.29,3
452,105363,2025-12-09,44.84,5
818,109685,2026-02-08,123.59,8
988,111544,2026-02-20,29.86,2
248,103025,2026-03-03,34.56,5
75,100951,2025-11-23,60.33,6
759,109077,2026-01-31,34.69,8
717,108601,2026-02-02,48.54,8
603,107201,2026-01-13,32.17,2
117,101445,2026-01-24,26.44,5
189,102374,2026-01-20,33.30,8
687,108266,2025-12-12,23.33,3
263,103210,2025-12-30,35.15,5
973,111369,2025-12-31,49.22,5
26,100358,2026-01-08,16.68,2
394,104690,2025-12-05,89.33,2
223,102754,2025-12-19,33.12,6
150,101850,2026-02-26,14.46,4
627,107494,2026-02-12,24.04,2
143,101758,2026-01-09,40.09,3
144,101772,2026-01-05,30.72,4
616,107361,2026-03-06,45.57,3
184,102281,2026-01-05,90.96,7
724,108714,2026-01-08,28.41,1
897,110604,2026-02-09,38.50,8
52,100693,2026-01-22,29.28,2
45,100591,2026-03-06,90.19,4
387,104618,2026-01-23,21.59,2
704,108439,2026-03-18,58.71,1
604,107212,2025-11-15,75.10,6
487,105779,2026-03-07,45.51,6
742,108899,2026-01-29,22.95,8
880,110374,2025-11-29,35.28,8
396,104716,2026-01-03,38.46,8
766,109146,2026-01-04,38.53,4
13,100178,2026-01-16,41.94,3
101,101281,2026-03-13,52.85,4
441,105303,2026-02-14,25.16,7
981,111466,2026-01-16,60.11,8
18,100261,2025-12-25,27.21,4
992,111611,2026-02-02,59.59,4
74,100930,2026-01-25,38.39,3
873,110284,2026-01-22,47.23,1
271,103294,2025-10-29,27.52,4
716,108565,2026-02-17,39.01,3
662,107963,2026-02-23,49.74,8
704,108421,2026-03-10,57.66,3
167,102082,2026-02-23,50.16,3
99,101256,2026-01-14,27.89,4
997,111703,2026-02-09,39.44,1
684,108213,2026-03-03,47.17,8
90,101124,2026-02-17,47.79,8
90,101123,2026-01-31,67.95,2
782,109330,2026-02-10,13.41,1
524,106297,2026-01-17,26.79,1
158,101947,2026-02-01,28.29,7
737,108824,2026-01-21,41.59,8
788,109385,2025-12-28,24.51,4
522,106274,2026-02-01,24.46,8
229,102829,2026-02-26,31.35,2
931,110930,2025-12-31,32.11,4
762,109113,2026-01-01,16.77,3
747,108951,2025-12-03,46.66,7
684,108214,2026-02-17,63.10,1
270,103274,2026-02-28,59.74,6
704,108415,2026-03-06,40.91,3
471,105617,2026-01-19,20.20,3
505,106022,2026-03-17,50.01,5
57,100732,2026-01-04,34.85,7
898,110620,2025-12-23,31.30,5
818,109698,2026-02-26,61.77,8
410,104890,2026-01-06,21.05,1
769,109190,2026-01-26,20.12,8
71,100912,2026-01-17,24.86,1
89,101099,2026-02-01,65.01,1
90,101140,2026-03-13,46.46,3
341,104065,2026-01-12,43.59,1
977,111419,2026-01-31,22.86,4
864,110171,2026-01-07,38.28,8
797,109467,2026-01-09,25.44,7
883,110418,2026-03-01,38.91,7
8,100102,2026-02-02,66.51,4
593,107075,2026-01-03,19.03,8
719,108657,2026-01-28,27.30,4
166,102050,2026-02-28,55.58,4
376,104467,2026-02-28,31.35,8
458,105421,2025-12-25,41.64,3
257,103132,2026-02-24,107.49,7
684,108204,2026-03-03,85.18,8
671,108057,2025-12-28,38.36,7
512,106142,2026-01-12,16.06,7
473,105635,2026-01-12,21.19,6
638,107668,2026-01-28,36.34,5
572,106851,2026-02-11,30.18,4
738,108834,2026-02-14,72.69,5
652,107827,2026-01-28,75.93,5
93,101181,2025-11-24,55.42,4
927,110880,2026-02-13,56.87,7
651,107797,2026-02-08,35.09,4
65,100822,2025-11-28,32.93,5
674,108066,2026-01-24,24.70,8
541,106495,2025-12-04,110.60,3
865,110194,2025-12-30,46.44,4
179,102241,2026-02-01,18.65,6
640,107692,2026-02-17,34.38,8
166,102053,2026-01-07,76.87,8
934,110967,2026-03-13,27.90,2
445,105322,2025-11-14,11.33,1
802,109506,2026-01-28,13.98,5
996,111687,2026-03-02,116.27,6
342,104070,2026-03-02,22.41,2
786,109373,2026-01-02,50.23,8
776,109271,2026-02-06,40.79,7
838,109901,2026-02-04,27.76,8
822,109733,2026-03-07,34.94,5
783,109339,2026-01-01,84.89,3
137,101679,2026-02-08,65.50,8
118,101453,2026-01-15,20.79,1
158,101949,2026-01-09,16.17,5
659,107898,2026-01-28,56.47,5
650,107759,2025-12-21,28.60,2
461,105459,2026-01-18,49.46,7
126,101539,2026-02-07,57.77,3
824,109768,2026-01-05,53.33,4
44,100567,2026-01-27,18.96,8
901,110639,2025-12-17,13.17,4
371,104415,2025-12-06,28.17,5
126,101532,2026-02-17,29.84,8
632,107561,2026-02-17,34.02,8
666,108002,2026-01-18,71.39,7
407,104858,2026-03-06,58.64,2
633,107574,2026-02-08,37.23,8
290,103533,2026-03-08,14.77,4
273,103311,2026-01-21,62.07,5
31,100440,2025-12-11,58.35,6
560,106720,2026-02-04,35.73,3
991,111597,2026-02-09,22.73,6
898,110614,2026-01-01,34.92,4
280,103397,2026-01-11,50.97,6
969,111316,2026-01-07,46.65,1
342,104071,2026-02-24,38.90,3
290,103531,2026-02-18,28.02,3
918,110805,2025-12-29,29.00,1
872,110272,2025-11-10,60.66,4
363,104316,2025-11-21,37.97,2
159,101958,2025-12-26,30.56,4
332,103960,2026-02-12,29.99,5
664,107974,2026-01-20,33.57,4
327,103915,2026-01-01,18.42,4
717,108615,2026-02-21,39.01,1
699,108363,2026-03-11,42.76,5
94,101199,2026-01-31,38.99,1
626,107487,2025-11-04,61.96,5
692,108315,2026-01-12,34.48,8
549,106591,2026-01-10,44.28,6
669,108027,2025-12-10,27.94,3
609,107250,2026-03-02,31.50,2
506,106047,2026-02-02,38.33,8
518,106213,2026-01-17,66.80,6
229,102831,2026-03-01,56.24,8
990,111564,2026-01-29,35.68,7
334,103981,2026-02-09,13.75,8
791,109417,2025-11-13,16.15,3
100,101257,2026-01-22,30.64,8
204,102519,2026-02-10,42.92,1
737,108820,2025-12-11,39.36,2
777,109290,2026-01-12,19.40,6
724,108717,2026-01-18,41.02,1
481,105725,2026-02-19,16.69,2
3,100033,2026-02-26,16.42,2
327,103919,2026-03-09,21.00,4
301,103687,2025-11-09,36.37,8
421,105041,2026-02-15,16.09,7
695,108341,2025-11-27,70.04,8
776,109284,2026-03-04,32.45,1
626,107485,2025-12-15,66.00,7
753,109026,2025-12-20,26.97,8
509,106094,2026-02-08,58.25,1
19,100272,2026-01-23,25.46,2
575,106877,2026-01-17,44.61,8
246,103000,2025-12-06,104.82,4
590,107026,2026-02-16,59.19,3
344,104120,2026-03-14,21.84,5
902,110649,2026-02-14,22.62,2
665,107993,2025-11-27,29.01,7
170,102119,2026-02-03,16.98,5
90,101135,2026-03-05,48.29,4
560,106715,2025-12-24,21.26,1
343,104096,2026-02-15,61.18,4
867,110217,2026-02-28,34.51,2
738,108836,2026-01-16,84.42,5
605,107219,2026-01-14,27.72,8
95,101227,2026-03-14,52.16,1
544,106542,2026-01-21,72.95,8
740,108888,2026-02-12,33.49,7
497,105912,2026-02-21,22.00,4
219,102714,2026-01-29,44.58,3
559,106704,2025-11-08,48.16,6
749,108976,2026-01-22,22.63,3
766,109148,2026-01-20,31.70,2
21,100306,2025-11-17,74.71,2
996,111678,2026-01-18,113.18,7
474,105660,2026-01-18,24.19,7
108,101358,2026-02-24,48.61,2
686,108255,2026-01-14,24.59,1
534,106424,2026-01-19,37.84,1
499,105936,2026-01-06,18.36,5
813,109633,2026-02-03,13.33,1
245,102996,2026-01-08,24.84,4
326,103909,2025-11-22,63.01,5
287,103465,2025-12-10,74.50,8
238,102933,2026-01-16,45.12,1
238,102940,2026-02-15,19.04,3
95,101215,2026-02-03,50.56,1
238,102927,2026-03-01,41.62,8
184,102291,2026-01-16,48.31,6
35,100462,2026-01-12,21.98,8
334,103985,2026-01-15,24.01,1
701,108390,2026-01-15,39.32,2
896,110596,2026-03-11,35.07,2
467,105560,2026-03-05,23.58,7
651,107786,2026-01-22,43.37,3
560,106719,2026-02-13,33.06,8
692,108326,2025-12-18,26.65,5
225,102784,2026-02-19,83.45,6
628,107524,2026-02-19,30.42,8
743,108911,2026-01-30,15.44,2
376,104458,2026-03-06,69.15,4
853,110045,2026-03-02,53.21,6
219,102721,2026-01-24,23.13,4
96,101242,2026-02-01,27.91,6
281,103403,2025-11-02,48.52,5
485,105774,2025-11-16,17.86,2
848,109986,2026-01-23,27.03,1
276,103339,2026-02-16,24.21,8
245,102997,2026-01-31,23.14,7
475,105672,2025-12-23,24.70,4
852,110033,2026-02-08,70.83,1
893,110551,2026-02-20,51.42,8
808,109578,2025-12-19,31.81,7
28,100406,2026-02-21,48.33,5
887,110469,2026-01-25,20.02,6
917,110801,2026-01-01,35.50,4
751,109011,2026-02-25,34.79,6
823,109750,2026-01-21,16.77,5
872,110278,2025-11-29,23.95,6
926,110864,2026-02-15,29.05,6
364,104328,2026-02-26,42.01,7
894,110560,2025-11-18,27.81,6
745,108938,2026-01-23,30.07,3
580,106918,2025-11-05,55.90,1
325,103904,2026-02-09,86.90,4
907,110695,2026-01-02,32.82,7
298,103644,2026-01-12,40.87,2
511,106121,2025-12-15,25.09,2
188,102346,2026-02-15,41.57,1
776,109287,2026-01-26,47.79,2
101,101264,2026-02-22,99.61,8
774,109239,2026-01-19,15.05,7
387,104630,2026-02-28,35.68,2
877,110336,2026-02-24,41.06,6
562,106752,2026-01-24,54.07,6
91,101162,2026-01-06,25.65,5
332,103953,2026-02-01,18.23,6
929,110900,2025-11-11,59.39,8
818,109681,2026-03-23,114.80,7
233,102888,2025-12-30,35.66,8
177,102189,2026-01-14,70.30,2
684,108220,2026-01-09,86.02,5
637,107634,2025-12-31,30.74,2
132,101606,2026-03-03,56.24,4
743,108912,2026-02-07,19.80,7
624,107476,2026-03-02,40.92,5
603,107202,2025-12-27,19.70,7
728,108746,2026-02-22,43.72,4
583,106949,2025-12-08,107.02,8
888,110485,2026-01-14,44.00,7
980,111448,2026-01-27,55.58,8
67,100838,2026-02-20,38.88,7
114,101414,2026-03-16,52.79,8
178,102227,2026-01-02,18.22,8
473,105647,2026-02-24,25.15,8
176,102181,2026-02-20,17.91,8
515,106174,2025-12-01,78.65,3
343,104109,2026-03-12,41.40,5
365,104344,2026-02-18,34.26,3
512,106145,2026-03-03,27.37,1
155,101891,2026-02-27,21.94,2
558,106701,2026-01-11,23.27,5
578,106902,2026-02-15,48.76,8
889,110503,2026-01-09,33.85,3
883,110433,2026-03-01,69.92,6
184,102279,2026-03-11,45.20,2
467,105566,2026-01-27,39.96,6
140,101725,2026-02-07,21.94,7
946,111105,2025-12-22,41.65,7
470,105584,2026-02-08,65.51,1
222,102743,2025-12-31,46.69,8
573,106862,2025-12-12,73.08,7
566,106804,2025-11-18,42.60,3
274,103318,2025-12-10,10.53,6
979,111440,2026-01-24,18.17,4
258,103159,2026-02-27,27.92,4
53,100698,2026-02-25,26.57,2
429,105156,2026-01-05,68.19,1
157,101940,2026-01-10,33.47,7
651,107788,2026-02-07,36.32,5
29,100422,2025-11-13,96.20,4
232,102866,2026-01-22,33.82,3
634,107595,2026-01-25,24.77,2
887,110472,2026-01-10,16.09,4
291,103550,2026-03-03,74.22,6
798,109469,2026-02-03,32.99,1
876,110327,2026-01-08,28.48,1
995,111670,2025-12-05,33.97,6
453,105372,2025-12-27,26.87,7
538,106461,2025-11-29,31.50,1
706,108460,2026-03-09,31.49,6
601,107182,2026-02-24,48.56,3
712,108524,2026-01-13,20.43,2
354,104208,2026-01-13,30.54,8
402,104809,2026-01-06,34.99,4
720,108672,2026-02-25,51.01,7
491,105821,2025-12-31,21.79,6
889,110495,2026-02-01,36.28,2
253,103115,2026-02-18,99.68,2
20,100282,2026-02-24,61.29,4
996,111688,2026-01-11,83.41,7
505,106043,2026-01-19,38.83,2
132,101609,2026-02-27,72.46,7
261,103193,2026-01-10,27.78,2
590,107033,2026-02-01,62.67,1
564,106776,2026-02-13,29.63,5
41,100518,2025-12-28,45.47,1
166,102071,2026-03-06,98.47,1
130,101573,2025-12-29,39.33,8
319,103861,2026-02-20,50.12,2
15,100222,2026-01-13,46.08,6
348,104157,2026-01-09,24.33,3
261,103192,2025-11-11,29.25,4
22,100316,2026-01-19,41.17,3
617,107364,2026-01-07,30.41,6
531,106389,2026-01-26,37.56,1
428,105140,2026-02-08,46.62,3
512,106136,2026-03-11,17.04,3
170,102127,2026-03-12,16.07,4
189,102364,2026-02-23,25.36,2
640,107684,2025-12-25,41.81,6
967,111308,2026-03-11,82.53,2
966,111280,2026-01-17,14.29,7
691,108313,2025-11-21,48.42,4
812,109618,2026-01-08,47.65,6
776,109270,2026-01-30,63.34,6
211,102635,2026-02-12,24.97,8
783,109341,2025-11-10,65.11,6
27,100376,2026-03-22,82.17,2
684,108199,2026-01-18,86.02,2
53,100710,2026-01-28,19.24,7
624,107464,2026-02-28,32.69,1
749,108970,2026-02-08,15.98,1
551,106633,2025-12-26,42.24,1
216,102690,2026-01-09,26.58,3
827,109790,2026-03-17,84.59,6
45,100589,2026-03-08,61.66,3
13,100188,2026-01-17,57.69,7
249,103052,2026-01-31,42.77,4
906,110680,2025-12-25,37.05,6
503,105990,2026-01-15,17.68,2
188,102347,2026-01-24,26.96,2
661,107958,2026-02-16,33.52,4
470,105599,2026-03-07,87.55,2
265,103233,2026-01-21,34.65,3
159,101971,2026-01-01,27.53,3
292,103564,2026-01-04,47.65,8
813,109628,2026-02-02,27.81,8
498,105928,2026-03-18,29.39,8
38,100497,2026-02-01,35.34,7
169,102105,2026-02-09,26.84,3
455,105404,2026-02-17,21.75,2
207,102572,2026-02-23,16.24,7
709,108492,2026-03-11,44.15,1
176,102174,2026-01-07,29.95,8
288,103489,2026-01-04,54.31,6
883,110413,2026-02-23,53.55,2
478,105699,2025-12-19,33.62,2
766,109147,2025-12-27,30.50,4
372,104422,2025-12-11,72.86,1
781,109324,2026-01-03,84.57,1
482,105728,2026-03-10,77.29,4
545,106553,2025-12-25,29.40,7
3,100031,2026-01-25,25.74,5
35,100468,2025-12-28,27.45,7
415,104934,2025-12-30,30.70,2
207,102584,2026-01-24,32.11,3
495,105886,2026-01-13,27.13,4
26,100361,2026-03-08,37.72,1
113,101403,2025-12-28,67.17,6
189,102366,2026-02-03,41.94,2
939,111021,2025-12-20,51.85,3
95,101214,2026-01-21,51.60,4
220,102731,2026-01-15,31.49,8
524,106290,2025-11-22,54.52,5
883,110439,2026-02-12,72.25,2
510,106105,2026-01-06,44.93,3
579,106904,2026-02-13,27.43,6
270,103281,2026-03-06,104.31,3
845,109956,2025-12-26,38.27,1
184,102293,2026-01-09,48.96,2
212,102659,2025-12-21,65.16,6
184,102297,2026-01-15,74.63,2
720,108664,2026-02-22,37.02,6
91,101164,2026-03-08,35.76,4
83,101041,2026-02-21,31.61,1
90,101119,2026-03-16,45.31,3
946,111097,2026-02-08,28.88,3
89,101113,2026-02-26,48.84,1
386,104604,2026-01-03,35.07,1
186,102333,2026-01-29,32.54,2
733,108792,2025-12-02,24.91,7
848,109993,2026-03-02,22.35,2
590,107023,2026-03-08,45.75,3
581,106930,2026-02-20,27.68,4
605,107220,2026-02-02,24.45,5
972,111352,2026-02-10,42.84,4
706,108472,2026-01-23,36.47,2
98,101251,2026-01-22,35.04,3
131,101585,2026-01-10,21.16,3
158,101946,2026-01-11,37.66,2
796,109445,2025-12-21,36.99,7
208,102592,2026-03-11,50.65,1
132,101616,2026-01-16,64.87,5
393,104687,2026-02-03,22.68,6
76,100963,2026-02-07,26.42,6
361,104299,2025-11-24,43.74,4
962,111230,2026-01-05,36.44,6
142,101748,2025-12-30,22.65,2
135,101643,2026-02-10,67.01,6
807,109565,2026-02-13,48.48,5
640,107693,2026-01-08,31.20,4
588,107001,2026-01-05,34.68,4
22,100317,2026-01-15,29.51,2
530,106370,2026-01-12,36.16,7
482,105750,2026-03-20,64.14,8
519,106230,2026-02-18,37.63,8
900,110631,2026-02-17,41.88,8
402,104807,2026-01-13,16.06,2
898,110609,2026-01-09,43.73,1
47,100623,2026-02-13,16.67,4
327,103918,2026-02-07,33.97,7
16,100237,2025-12-16,22.67,2
159,101974,2026-02-12,32.82,6
626,107482,2025-11-09,41.10,4
818,109700,2026-02-09,73.12,2
258,103154,2026-01-23,33.23,2
718,108617,2026-02-01,20.61,2
593,107076,2026-02-10,32.82,2
971,111340,2026-02-23,13.88,8
194,102431,2026-01-02,38.86,7
390,104654,2025-12-14,19.15,3
179,102237,2026-02-12,32.93,1
563,106764,2025-12-27,33.52,5
176,102183,2026-01-12,25.30,3
876,110330,2025-12-10,28.11,3
874,110301,2026-02-11,56.94,1
89,101116,2026-03-16,61.33,3
427,105113,2026-01-12,38.87,5
428,105145,2026-02-20,28.72,5
272,103301,2026-02-23,36.12,7
519,106234,2026-01-21,50.82,3
95,101229,2026-02-19,72.79,5
730,108772,2025-11-06,61.34,5
544,106527,2026-02-07,87.05,8
200,102496,2025-12-01,48.19,2
789,109400,2026-01-28,83.43,1
909,110703,2026-02-14,65.83,3
713,108537,2025-12-25,38.62,5
507,106067,2026-02-01,34.53,1
883,110420,2026-03-09,47.67,3
26,100355,2026-01-13,30.03,6
40,100509,2026-01-23,25.34,2
760,109103,2026-01-28,29.85,5
550,106618,2026-02-06,52.80,5
869,110252,2026-01-08,23.45,8
351,104190,2025-12-01,37.11,5
440,105291,2025-12-30,31.95,4
125,101527,2026-01-30,51.93,6
932,110947,2025-12-23,82.11,3
559,106703,2025-12-10,26.54,6
281,103404,2025-12-13,49.75,3
689,108288,2026-01-29,50.44,8
520,106264,2026-02-14,42.44,3
976,111401,2026-02-08,36.74,6
874,110295,2026-01-18,40.51,1
487,105780,2026-02-22,21.55,6
842,109942,2026-01-07,79.98,8
275,103323,2026-02-08,28.18,8
340,104043,2026-01-22,33.84,1
299,103674,2026-01-22,60.13,8
197,102454,2026-01-14,32.36,6
385,104589,2026-01-28,19.64,3
557,106694,2026-03-15,14.28,4
535,106435,2026-01-15,47.62,8
981,111470,2026-02-22,59.81,1
477,105684,2025-11-23,16.75,5
74,100942,2026-02-15,22.78,4
613,107329,2026-01-12,41.32,1
609,107264,2026-03-11,30.40,1
466,105548,2026-01-06,21.22,3
550,106612,2026-02-04,83.67,8
367,104362,2026-03-08,24.76,1
382,104545,2026-03-01,47.05,4
559,106705,2025-11-09,27.69,2
948,111118,2026-01-18,18.91,4
605,107222,2026-02-22,29.97,3
719,108655,2025-12-31,26.34,7
512,106135,2026-01-31,33.67,2
704,108435,2026-03-01,35.69,3
895,110571,2026-01-08,29.12,5
181,102257,2025-12-21,64.49,6
516,106179,2025-11-10,94.58,6
930,110916,2026-01-25,97.47,8
264,103228,2026-01-15,15.72,5
615,107343,2026-01-18,53.49,5
958,111196,2026-02-06,27.12,8
764,109134,2026-02-02,53.75,4
621,107411,2026-01-11,47.20,8
465,105533,2025-12-16,45.71,3
62,100791,2025-12-31,44.56,8
474,105651,2026-01-07,49.35,2
859,110107,2026-01-06,64.95,7
534,106429,2026-02-01,35.06,5
710,108515,2026-02-20,47.56,6
657,107876,2026-03-10,86.19,3
225,102786,2026-02-10,93.00,1
407,104850,2026-01-06,64.46,4
572,106840,2026-02-03,17.20,4
714,108545,2026-01-15,30.78,1
36,100483,2026-02-05,43.78,1
609,107275,2026-01-18,71.94,2
714,108543,2026-01-07,26.33,7
495,105882,2026-03-07,34.69,1
415,104935,2026-01-29,14.14,5
716,108567,2026-02-05,50.85,1
652,107814,2026-01-28,60.47,7
277,103357,2026-02-15,23.57,4
84,101052,2026-01-24,26.46,4
786,109371,2025-12-28,90.58,4
192,102410,2026-01-31,17.95,4
512,106143,2026-03-10,37.19,4
748,108964,2026-02-23,35.66,1
106,101323,2025-12-18,37.75,6
680,108149,2026-02-01,32.90,6
162,102024,2026-01-30,21.01,8
423,105070,2026-01-19,26.22,1
170,102118,2026-01-07,18.05,3
916,110787,2025-12-29,35.06,3
518,106196,2026-02-04,50.20,4
753,109018,2025-12-31,38.38,8
619,107387,2025-11-08,53.63,4
395,104710,2026-03-13,114.33,8
114,101408,2026-01-21,49.77,7
55,100717,2026-02-14,57.39,6
575,106874,2026-01-21,35.59,6
417,104979,2026-02-17,28.89,5
674,108067,2026-01-24,13.98,2
365,104345,2026-01-23,31.33,3
181,102253,2025-11-22,29.52,4
79,100986,2026-01-13,21.13,8
994,111660,2026-01-15,20.99,3
865,110181,2026-01-07,85.00,2
145,101778,2026-01-06,35.35,7
740,108877,2026-02-25,35.17,2
838,109902,2026-03-04,25.19,5
977,111418,2026-02-11,27.73,8
940,111039,2026-02-24,15.62,5
992,111617,2026-01-20,60.96,1
700,108377,2026-01-05,36.95,5
86,101073,2026-02-06,33.55,6
51,100674,2026-01-07,55.99,5
937,111009,2026-01-05,37.40,1
464,105518,2026-02-06,22.27,1
618,107377,2026-03-13,37.48,1
502,105981,2026-03-20,47.62,6
931,110935,2026-01-28,12.01,5
312,103782,2026-01-04,28.83,4
343,104107,2026-03-11,44.48,7
514,106165,2026-03-04,53.61,7
152,101859,2025-12-01,16.17,6
473,105638,2026-01-08,39.01,4
161,101990,2026-01-24,65.75,2
472,105624,2026-01-08,42.45,3
712,108527,2026-02-18,33.27,3
539,106473,2025-11-26,27.67,3
848,109981,2026-01-19,36.10,4
569,106826,2026-01-13,80.44,6
910,110734,2026-01-11,21.05,5
996,111681,2026-01-19,61.37,2
55,100718,2026-01-24,46.44,8
544,106540,2026-01-17,55.84,4
687,108263,2025-11-29,27.72,6
161,102016,2026-03-19,43.87,2
127,101547,2026-01-20,77.79,1
76,100964,2026-02-11,44.66,7
818,109684,2026-02-12,112.94,2
780,109305,2026-01-23,37.89,2
161,101995,2026-01-16,73.29,2
981,111473,2026-01-14,51.50,3
412,104913,2025-11-17,29.22,1
585,106975,2025-12-02,33.31,6
138,101704,2025-12-07,38.00,7
930,110904,2026-03-07,103.38,5
332,103962,2026-01-22,22.95,4
247,103007,2026-01-30,32.49,5
299,103663,2026-01-08,93.75,6
883,110443,2026-03-03,57.32,4
468,105576,2025-12-30,39.45,3
554,106667,2025-12-08,54.33,2
46,100606,2026-01-21,46.76,2
455,105402,2026-02-11,18.02,4
156,101913,2026-02-21,29.92,2
26,100360,2026-02-27,41.95,4
127,101556,2026-01-29,47.31,6
53,100713,2026-03-03,25.38,3
446,105326,2025-12-02,59.97,5
693,108334,2026-01-28,38.69,6
629,107532,2026-01-22,18.70,3
684,108224,2026-01-31,50.02,1
265,103237,2025-12-21,38.69,6
465,105532,2026-01-18,20.61,6
361,104297,2025-12-06,79.52,1
198,102478,2026-02-23,39.53,3
882,110400,2026-02-14,37.84,8
575,106871,2026-03-08,41.82,5
270,103270,2026-01-12,58.09,7
710,108510,2026-01-06,29.62,7
699,108369,2026-03-11,30.67,6
361,104303,2025-11-06,75.11,7
532,106404,2026-02-21,26.67,5
137,101668,2026-02-11,40.57,1
98,101252,2026-02-11,54.23,7
294,103588,2025-12-29,34.57,3
993,111646,2026-01-06,21.60,8
863,110165,2026-01-14,17.95,1
107,101328,2026-01-03,14.90,8
96,101235,2026-02-13,26.88,8
564,106778,2026-02-26,42.85,3
472,105627,2026-01-17,17.99,2
430,105161,2026-01-02,58.74,7
973,111375,2025-11-20,31.76,7
170,102111,2026-02-01,32.64,5
343,104092,2026-02-08,77.10,6
661,107956,2025-12-26,26.75,4
818,109690,2026-02-01,58.86,3
922,110835,2026-01-16,42.22,5
427,105112,2025-12-31,42.89,2
498,105926,2026-02-23,44.97,1
981,111478,2026-01-20,45.45,8
502,105976,2026-03-20,58.57,7
327,103932,2026-03-06,30.10,6
570,106829,2025-11-17,65.42,1
376,104460,2026-01-20,46.82,3
8,100086,2026-02-07,86.70,3
744,108925,2025-12-15,25.08,6
298,103650,2026-01-24,72.23,4
117,101442,2026-03-19,18.78,8
575,106880,2026-02-05,31.06,7
525,106301,2026-01-12,31.27,1
481,105711,2026-02-02,34.99,1
670,108041,2026-01-12,34.41,2
816,109659,2026-01-01,36.29,6
9,100116,2026-01-30,38.27,3
9,100119,2025-12-20,39.74,5
500,105946,2026-02-20,27.04,4
509,106097,2026-02-09,58.30,1
513,106158,2025-12-10,28.94,3
873,110288,2026-02-17,48.74,6
942,111053,2025-12-11,29.68,6
512,106147,2026-03-12,35.96,4
458,105424,2026-01-29,84.30,8
997,111707,2026-02-03,14.64,8
77,100970,2026-01-30,25.50,7
182,102267,2026-02-14,25.64,6
821,109721,2025-12-20,68.92,5
182,102262,2025-12-08,32.64,3
27,100382,2026-03-01,95.73,6
264,103219,2026-01-21,14.04,5
868,110232,2026-03-05,49.53,4
27,100389,2026-03-14,60.44,7
985,111521,2025-12-11,30.77,3
940,111037,2026-02-21,25.05,8
780,109315,2026-02-09,21.02,2
729,108756,2026-01-29,68.09,1
888,110481,2026-01-21,31.70,4
715,108553,2026-01-13,38.72,3
271,103289,2025-11-17,39.53,1
185,102307,2026-02-03,29.93,6
627,107504,2026-02-21,13.36,7
383,104565,2026-03-15,36.93,1
439,105281,2026-01-07,29.06,5
199,102493,2026-02-11,30.49,3
816,109657,2026-01-04,16.52,7
990,111573,2026-01-07,14.97,4
3,100034,2026-02-23,25.89,6
11,100150,2026-02-28,35.86,1
302,103693,2026-02-01,25.09,1
519,106257,2026-03-13,70.43,6
829,109823,2026-01-08,35.13,1
981,111457,2026-02-18,66.84,1
806,109557,2026-01-08,44.01,4
501,105960,2026-01-17,40.72,3
830,109827,2025-11-26,10.45,5
525,106304,2026-01-19,20.20,3
178,102226,2026-01-07,12.36,4
799,109473,2026-01-18,67.81,2
543,106512,2026-03-14,26.44,3
278,103376,2026-02-05,35.92,4
353,104202,2025-12-27,22.10,8
976,111410,2026-03-16,32.43,4
704,108426,2026-01-28,53.07,1
11,100159,2026-01-10,16.08,3
512,106129,2026-01-16,18.73,7
853,110041,2026-02-09,71.31,7
412,104909,2025-11-10,27.13,1
146,101807,2026-02-03,21.87,7
982,111488,2026-01-31,33.79,1
957,111182,2026-03-15,34.61,1
267,103250,2026-01-07,28.30,8
760,109101,2026-02-03,30.22,6
976,111408,2026-02-17,42.68,2
518,106204,2026-01-02,47.05,2
446,105328,2026-01-26,49.60,3
436,105226,2026-02-20,54.37,1
342,104078,2026-01-23,31.66,4
803,109530,2025-12-29,39.00,8
592,107060,2026-01-30,17.03,6
294,103580,2026-01-13,36.63,3
375,104445,2026-01-14,18.16,2
931,110937,2026-01-25,35.07,7
86,101084,2025-12-19,16.29,7
251,103072,2026-01-01,19.99,8
185,102315,2026-03-15,33.78,6
994,111647,2026-02-24,27.45,3
849,109999,2025-12-07,55.48,1
810,109605,2026-02-03,13.74,2
23,100326,2025-12-25,27.73,5
49,100642,2026-01-16,29.14,3
248,103042,2026-01-05,35.66,7
462,105488,2026-02-25,35.92,2
820,109715,2025-11-18,59.64,4
759,109080,2025-12-28,37.89,5
868,110238,2026-02-10,44.91,8
27,100377,2026-01-19,90.72,6
955,111150,2026-03-03,40.84,6
387,104629,2026-01-17,33.51,7
682,108179,2026-01-12,30.08,7
26,100366,2026-01-07,46.17,1
198,102461,2026-03-10,36.48,4
487,105786,2026-01-26,57.42,1
378,104499,2025-12-26,28.53,2
163,102040,2026-01-22,34.11,1
24,100345,2026-01-22,47.17,6
816,109671,2026-01-01,32.01,5
296,103610,2026-01-27,44.74,5
123,101497,2026-01-10,40.95,4
387,104623,2026-02-04,31.98,5
415,104944,2026-01-02,28.69,2
382,104541,2026-02-20,47.27,8
437,105256,2026-02-19,41.37,6
42,100522,2026-02-28,85.15,7
706,108471,2026-01-31,15.87,3
876,110329,2025-12-01,37.07,8
314,103804,2026-02-13,42.90,2
208,102608,2026-02-01,46.19,6
549,106596,2025-12-24,42.65,4
85,101057,2026-02-04,41.07,5
92,101174,2026-02-14,63.31,6
150,101849,2026-02-07,40.70,7
584,106972,2026-03-04,74.55,5
375,104447,2026-02-17,24.29,3
316,103825,2025-12-17,38.85,6
620,107399,2026-01-27,28.87,5
253,103114,2026-01-27,122.70,6
45,100588,2026-03-12,120.77,3
197,102452,2025-12-21,20.79,8
701,108394,2026-01-14,39.91,8
80,101005,2026-01-04,16.34,5
406,104842,2026-02-28,23.40,5
127,101552,2026-02-04,53.47,2
289,103503,2026-02-03,30.31,4
741,108895,2026-01-30,86.88,7
350,104182,2026-02-10,46.60,4
90,101121,2026-03-11,54.99,3
535,106434,2025-12-19,59.32,7
383,104569,2026-03-04,25.74,1
385,104600,2026-02-10,36.33,4
706,108467,2026-01-25,22.90,8
790,109409,2026-01-22,42.93,5
10,100141,2026-01-04,82.55,1
158,101951,2026-02-03,14.40,5
684,108217,2026-02-14,59.53,7
514,106159,2026-01-19,54.72,8
155,101907,2026-01-03,16.56,4
836,109871,2026-01-25,18.08,7
284,103447,2026-02-16,53.28,4
714,108544,2026-01-19,15.40,5
299,103675,2026-02-02,82.16,5
237,102925,2025-11-30,27.67,6
305,103710,2025-12-19,19.70,6
736,108814,2026-01-10,25.03,6
951,111131,2025-12-24,60.00,2
92,101172,2026-02-03,51.31,4
564,106788,2026-01-08,42.77,4
222,102746,2026-01-24,54.82,2
590,107044,2026-02-10,86.35,5
470,105589,2026-03-08,51.36,6
394,104692,2026-02-03,61.37,3
208,102594,2026-01-20,78.35,5
862,110152,2026-01-24,20.54,1
841,109933,2026-02-09,16.94,1
530,106365,2026-01-11,23.68,4
492,105836,2026-01-10,44.89,8
111,101376,2026-01-12,19.78,2
636,107623,2026-01-20,19.94,1
478,105698,2025-11-17,19.55,2
388,104642,2026-01-06,27.60,8
40,100504,2026-02-05,37.69,5
877,110341,2026-01-31,23.19,8
342,104082,2026-03-11,30.58,2
505,106036,2026-02-25,31.40,3
376,104454,2026-02-15,43.34,4
457,105414,2025-11-12,81.13,3
74,100932,2026-01-10,20.44,6
344,104124,2026-02-24,18.68,6
561,106733,2026-01-08,17.70,3
4,100047,2025-12-20,27.51,7
423,105077,2026-01-15,37.96,1
688,108274,2026-02-08,15.67,7
893,110556,2026-01-03,59.19,8
545,106557,2026-02-02,17.97,3
980,111452,2026-01-10,62.35,8
705,108454,2026-02-08,36.87,2
892,110537,2026-02-10,33.17,8
889,110505,2026-02-22,35.10,4
936,111000,2025-12-11,17.51,2
147,101818,2026-01-11,44.04,1
349,104170,2025-12-11,27.21,1
634,107592,2026-02-24,37.25,6
290,103537,2026-01-25,36.29,2
699,108361,2026-01-27,24.23,8
491,105816,2025-12-18,31.72,3
882,110405,2026-02-03,31.88,6
365,104350,2026-01-15,16.30,2
601,107185,2026-01-11,49.57,5
801,109489,2026-02-15,13.53,1
7,100078,2025-11-27,14.53,2
383,104562,2026-02-06,23.27,2
958,111199,2026-01-07,49.58,7
149,101836,2026-03-10,36.64,3
906,110682,2026-01-20,24.41,2
669,108031,2026-01-15,21.18,1
744,108924,2025-12-24,18.97,7
545,106549,2026-01-14,13.64,8
620,107393,2026-01-13,33.49,6
90,101128,2026-01-19,47.99,5
82,101017,2026-03-03,24.99,6
685,108236,2026-02-08,72.74,7
708,108480,2026-01-08,18.37,3
20,100299,2026-01-06,59.38,4
127,101559,2026-01-13,38.85,7
197,102449,2025-12-22,28.48,2
325,103900,2026-01-28,54.77,6
270,103273,2026-02-07,116.49,4
296,103608,2026-02-01,45.65,8
768,109166,2025-12-28,18.48,3
873,110287,2025-12-27,31.98,4
137,101694,2026-01-16,56.32,3
105,101313,2026-01-22,39.44,6
768,109174,2026-01-14,16.44,2
802,109517,2026-02-20,31.28,2
816,109665,2026-01-09,24.99,7
43,100557,2026-01-10,20.54,2
436,105252,2026-03-01,66.68,3
581,106929,2026-01-23,22.69,3
337,104020,2026-02-14,12.46,1
388,104647,2026-01-07,59.30,3
764,109132,2026-01-20,24.38,2
991,111588,2026-01-14,20.01,5
549,106597,2025-12-12,54.74,5
556,106678,2026-02-18,24.57,5
797,109455,2026-01-24,13.91,5
304,103698,2026-01-06,41.74,3
50,100667,2026-01-02,37.41,5
177,102195,2026-01-29,65.89,7
264,103227,2026-02-17,24.83,1
882,110402,2026-01-25,15.55,8
83,101037,2026-01-22,30.89,5
601,107178,2026-03-19,65.68,3
763,109123,2025-11-14,60.25,1
661,107953,2026-01-28,44.61,2
537,106453,2026-01-24,41.61,4
990,111562,2026-02-16,17.78,5
612,107307,2025-12-28,25.35,2
124,101504,2026-01-06,71.78,3
249,103047,2026-01-18,28.67,2
403,104813,2026-01-09,53.47,3
930,110915,2026-02-26,70.81,8
119,101460,2025-12-03,59.61,6
81,101013,2025-12-25,49.50,3
231,102842,2026-02-20,67.24,1
62,100792,2025-12-15,27.54,1
576,106887,2025-12-02,61.91,2
489,105801,2025-12-29,38.79,5
921,110833,2026-02-10,46.08,7
744,108923,2025-12-08,36.90,1
517,106183,2026-01-28,50.90,7
50,100655,2026-02-02,43.27,8
394,104693,2026-02-03,88.90,3
818,109691,2026-02-27,84.36,7
271,103291,2025-12-01,34.77,6
135,101649,2026-02-24,104.41,2
629,107539,2025-12-29,39.63,1
785,109355,2026-02-07,27.28,1
609,107258,2026-01-13,32.36,6
204,102522,2026-01-28,25.77,5
919,110815,2026-02-20,46.36,4
795,109442,2026-01-21,20.90,7
155,101897,2026-01-30,36.65,7
410,104883,2026-02-03,30.60,5
823,109755,2026-01-30,19.50,6
278,103378,2026-01-15,23.72,2
713,108536,2025-12-24,17.88,1
503,105998,2026-01-12,35.11,8
768,109168,2026-02-26,31.83,2
48,100627,2026-02-01,46.65,6
881,110382,2026-01-21,24.93,7
67,100839,2026-02-24,22.18,4
90,101137,2026-03-01,47.18,2
674,108070,2026-02-13,31.88,2
382,104537,2026-02-19,37.70,4
946,111095,2026-02-20,25.61,3
635,107598,2026-02-11,24.10,5
227,102806,2026-01-04,29.66,2
395,104707,2026-02-14,111.56,7
264,103225,2026-02-02,36.08,3
433,105206,2026-01-14,30.31,8
619,107386,2025-11-03,35.02,8
4,100049,2026-01-17,46.98,2
879,110365,2025-12-25,14.26,6
789,109396,2025-12-12,43.39,5
610,107289,2026-02-13,29.69,8
707,108476,2025-12-10,98.34,5
163,102038,2026-02-27,39.95,8
624,107471,2026-02-03,27.54,4
161,102012,2026-01-17,55.09,7
919,110816,2026-01-05,51.71,2
855,110073,2026-02-03,14.07,5
599,107146,2026-02-25,69.21,1
211,102649,2026-01-17,21.90,7
650,107770,2026-01-31,24.35,5
295,103595,2025-12-01,22.82,5
343,104091,2026-02-12,61.02,4
652,107804,2026-02-28,54.88,6
892,110539,2026-01-16,26.47,4
768,109172,2025-12-22,28.62,2
154,101887,2026-02-02,58.44,1
724,108718,2026-01-13,44.95,3
957,111178,2026-02-07,59.12,5
325,103903,2026-02-08,81.90,3
447,105335,2025-12-24,98.49,2
991,111596,2026-02-26,29.74,5
862,110159,2026-01-17,17.17,2
107,101344,2025-12-31,11.93,8
118,101454,2026-02-05,16.71,4
529,106344,2026-01-20,81.52,5
475,105669,2026-01-25,34.24,3
459,105435,2026-01-04,26.27,4
874,110302,2026-01-19,85.53,7
70,100903,2026-02-28,24.48,1
193,102425,2026-01-04,42.52,4
703,108399,2026-01-13,38.73,8
466,105552,2026-02-15,20.81,2
214,102679,2025-12-30,43.80,2
865,110184,2026-03-08,50.43,4
248,103028,2026-01-25,14.50,8
734,108802,2026-01-09,22.06,7
814,109650,2025-12-31,56.19,5
902,110659,2026-01-23,18.26,5
858,110099,2026-01-31,15.19,5
514,106168,2026-02-19,20.78,7
200,102500,2025-12-18,64.08,6
29,100420,2025-11-26,40.93,4
961,111227,2025-12-08,16.92,7
324,103882,2025-12-25,20.97,7
417,104980,2026-03-07,30.72,7
401,104786,2026-01-30,31.95,8
295,103599,2025-12-30,40.82,2
162,102022,2026-01-25,18.79,8
926,110873,2026-01-12,32.29,5
153,101879,2026-01-03,48.89,8
719,108647,2025-12-31,26.08,8
913,110760,2026-03-15,14.94,1
956,111163,2025-11-17,72.45,6
660,107941,2026-01-29,28.08,7
997,111709,2026-02-25,18.54,6
902,110656,2026-02-01,26.14,1
824,109762,2025-12-07,41.45,8
918,110811,2025-11-23,17.18,1
435,105219,2026-01-09,55.92,2
44,100566,2026-02-25,24.11,1
876,110328,2026-01-02,32.45,4
633,107577,2026-03-09,19.52,1
376,104465,2026-02-07,52.58,2
414,104926,2026-02-05,47.80,7
252,103098,2025-11-30,40.03,6
801,109498,2026-03-11,23.23,8
190,102377,2025-12-31,32.24,2
303,103695,2026-01-01,116.46,4
718,108618,2026-02-17,18.68,7
415,104950,2026-02-01,35.02,6
552,106641,2026-02-22,31.61,7
206,102549,2026-02-05,22.25,4
979,111443,2026-01-20,42.29,8
824,109765,2025-11-28,63.22,4
107,101347,2026-01-23,14.62,2
241,102957,2026-03-01,22.01,6
620,107396,2026-02-02,18.31,7
166,102064,2026-03-08,77.56,2
507,106064,2026-02-03,19.58,5
927,110878,2026-01-11,28.37,2
339,104034,2025-12-06,26.40,6
636,107625,2026-02-27,18.66,3
954,111147,2025-12-15,58.91,1
354,104220,2025-12-23,16.16,8
378,104500,2026-02-24,31.99,1
209,102628,2026-02-28,35.56,6
913,110750,2026-02-17,16.86,4
587,106992,2026-01-17,18.87,6
556,106679,2026-01-18,42.77,4
245,102992,2025-12-25,35.17,5
886,110452,2026-02-04,47.46,8
81,101010,2025-11-19,33.69,1
634,107584,2026-02-05,39.74,4
838,109900,2026-02-09,34.67,3
28,100401,2026-03-01,41.58,6
853,110057,2026-02-04,99.78,6
47,100614,2026-02-26,16.33,7
644,107734,2026-02-12,27.51,2
192,102409,2026-02-23,23.97,6
428,105148,2026-03-13,67.27,1
140,101721,2026-03-17,25.96,1
537,106447,2026-02-26,37.56,5
345,104141,2026-02-23,33.43,7
870,110255,2026-01-23,17.74,3
189,102362,2025-12-30,35.18,5
340,104046,2026-02-03,24.55,4
360,104292,2026-02-27,26.15,1
660,107943,2026-01-27,13.87,2
748,108965,2026-02-21,29.41,1
584,106953,2026-02-25,94.36,3
533,106417,2026-01-19,14.44,8
975,111392,2026-01-28,20.96,8
571,106837,2025-12-11,73.47,6
150,101853,2026-02-22,22.18,7
632,107559,2025-12-27,36.97,5
651,107785,2026-02-13,28.79,4
938,111013,2026-02-09,19.59,2
545,106558,2026-02-27,24.36,5
971,111337,2026-01-07,33.14,2
47,100620,2026-01-24,30.48,1
92,101176,2026-02-14,33.34,3
776,109278,2026-01-10,53.43,5
789,109398,2026-01-01,79.73,7
966,111273,2026-03-04,18.13,1
955,111158,2026-02-16,36.26,1
349,104172,2025-12-31,58.36,6
407,104859,2026-02-26,58.45,7
105,101318,2026-02-09,20.15,2
960,111214,2025-11-30,45.75,6
197,102455,2026-01-04,28.82,3
46,100600,2026-03-05,46.57,3
539,106481,2026-01-05,21.21,4
739,108873,2026-03-02,12.29,2
918,110809,2025-12-07,16.67,8
204,102529,2026-01-05,22.07,8
455,105388,2026-01-16,41.65,5
101,101273,2026-02-20,59.87,7
564,106775,2025-12-18,38.78,2
95,101222,2026-02-08,34.02,2
175,102162,2025-11-29,40.58,8
334,103991,2026-01-19,27.87,8
631,107549,2026-01-03,11.49,7
873,110285,2026-01-30,43.32,2
704,108425,2026-02-17,49.63,6
650,107760,2026-02-10,22.31,5
417,104978,2026-02-12,12.93,6
106,101325,2025-12-13,33.60,1
761,109105,2025-12-27,89.89,2
101,101269,2026-01-09,48.50,8
847,109977,2026-01-22,28.40,6
639,107679,2026-02-02,20.35,6
121,101479,2025-11-25,68.98,6
744,108926,2026-01-13,31.02,5
17,100246,2026-02-21,30.14,4
195,102440,2026-01-03,41.48,3
307,103746,2026-01-21,20.65,5
127,101565,2026-02-03,46.77,2
432,105201,2026-01-22,42.44,1
282,103410,2026-02-04,27.23,6
81,101011,2025-11-20,43.53,4
829,109818,2025-12-17,34.26,7
732,108789,2026-01-02,50.16,4
972,111343,2026-03-14,91.06,1
375,104440,2026-02-13,36.87,4
785,109365,2026-02-19,14.87,4
888,110487,2026-01-02,33.94,5
574,106867,2026-01-10,23.51,1
740,108884,2026-02-03,25.53,6
214,102681,2026-01-03,46.02,3
796,109444,2025-12-20,62.35,1
656,107858,2026-01-22,42.72,7
68,100861,2026-03-06,51.99,3
780,109309,2026-02-02,42.91,8
219,102709,2026-02-15,47.98,7
814,109649,2025-12-25,43.25,5
739,108854,2026-02-10,18.55,1
288,103500,2026-01-18,38.30,4
327,103931,2026-01-28,23.57,6
895,110575,2026-02-24,40.63,2
729,108755,2026-03-07,56.16,6
266,103241,2026-01-03,103.10,4
120,101474,2026-02-24,31.73,8
740,108879,2026-02-21,27.16,1
282,103409,2026-01-18,26.63,3
292,103567,2025-12-03,46.48,2
339,104038,2026-02-01,35.51,1
785,109361,2026-01-12,18.32,4
544,106532,2026-02-06,79.63,2
80,101004,2026-02-17,36.76,8
454,105375,2025-12-24,51.93,1
829,109817,2025-12-20,16.13,4
140,101713,2026-02-06,14.04,1
870,110257,2025-11-22,18.90,4
871,110269,2025-12-17,77.69,2
897,110602,2026-02-01,31.14,1
740,108881,2026-01-19,16.76,3
534,106425,2026-02-06,42.44,3
950,111130,2025-12-26,23.25,7
337,104016,2026-03-10,33.17,2
95,101204,2026-02-16,54.93,7
181,102256,2025-12-06,34.30,8
892,110543,2026-03-02,18.55,4
297,103628,2026-02-24,34.14,5
95,101213,2026-03-05,38.96,7
487,105784,2026-01-15,52.55,1
886,110451,2025-11-29,27.83,1
136,101663,2026-01-07,41.09,6
867,110209,2026-01-10,33.45,7
159,101965,2026-01-03,16.25,2
416,104959,2026-02-21,77.70,8
360,104295,2026-01-04,47.14,4
241,102962,2026-02-12,38.23,2
431,105171,2025-12-27,32.26,6
729,108752,2026-03-07,75.24,3
627,107508,2025-12-21,30.25,1
383,104568,2026-01-13,33.16,2
808,109582,2026-01-27,31.68,5
513,106151,2025-11-30,21.82,2
479,105701,2025-11-11,27.64,5
504,106006,2025-12-24,48.31,8
388,104644,2026-02-09,45.68,6
654,107841,2026-01-12,15.91,8
385,104592,2026-01-14,31.41,7
534,106430,2026-02-19,21.12,5
378,104506,2025-12-27,28.91,4
795,109433,2026-01-13,35.97,5
103,101292,2026-01-06,30.73,8
685,108233,2026-03-16,68.99,8
31,100436,2025-11-23,85.58,8
942,111051,2026-01-06,28.69,4
162,102025,2025-12-27,41.17,7
143,101755,2026-02-18,22.61,5
507,106068,2026-02-18,30.16,2
462,105484,2026-01-27,18.23,8
690,108302,2025-12-23,67.45,8
862,110160,2026-02-14,29.05,8
117,101437,2026-03-14,27.20,2
518,106218,2026-02-26,48.20,5
120,101470,2025-12-29,16.21,8
144,101769,2025-12-11,38.90,3
519,106240,2026-02-03,67.69,5
94,101189,2026-02-17,16.80,6
198,102466,2026-02-26,34.25,2
168,102091,2026-02-07,22.12,1
329,103938,2026-01-06,44.11,1
360,104296,2026-01-23,44.49,4
343,104090,2026-02-16,62.70,5
465,105536,2026-01-18,34.75,4
20,100286,2026-02-08,70.73,4
91,101157,2026-02-23,14.91,2
534,106423,2026-01-24,47.93,3
492,105833,2026-02-05,21.73,4
689,108300,2026-01-21,28.81,8
19,100271,2025-11-25,34.32,5
890,110511,2026-01-02,49.70,6
460,105437,2026-02-15,42.31,4
586,106988,2026-01-22,21.67,4
5,100063,2025-11-08,23.06,2
914,110771,2026-01-07,89.58,1
169,102100,2026-01-17,27.13,3
652,107820,2026-02-13,38.39,3
526,106311,2025-12-09,89.90,4
222,102748,2025-12-28,35.01,8
110,101371,2025-12-25,21.76,6
887,110457,2026-03-03,15.03,4
286,103459,2026-01-03,11.66,7
343,104102,2026-02-17,42.21,6
510,106108,2026-01-15,55.19,7
416,104966,2026-01-16,88.49,4
638,107671,2026-01-30,73.14,3
892,110531,2026-02-17,26.41,8
35,100472,2026-02-02,24.70,3
640,107697,2026-01-11,18.95,7
140,101723,2026-01-13,35.04,5
868,110230,2026-02-19,25.59,2
833,109844,2026-01-26,72.64,6
331,103950,2025-12-28,67.95,2
461,105470,2026-03-02,86.50,3
281,103406,2025-11-30,45.47,1
150,101847,2025-12-29,40.33,7
997,111704,2026-01-17,18.44,3
530,106373,2026-02-02,32.03,5
289,103513,2026-02-24,22.48,4
713,108538,2025-11-29,19.64,1
966,111269,2026-02-10,32.56,2
827,109791,2026-01-25,50.38,6
984,111519,2025-12-20,32.57,5
815,109655,2025-12-28,62.86,1
227,102814,2026-01-19,23.53,6
772,109210,2026-01-18,28.05,4
998,111719,2026-01-03,18.20,3
423,105071,2026-01-30,26.28,7
772,109204,2026-01-15,36.53,1
294,103579,2026-01-30,45.57,4
760,109092,2026-03-02,23.89,3
503,106005,2026-02-07,33.03,3
978,111430,2026-01-11,36.27,4
364,104326,2025-12-25,65.76,4
149,101839,2026-03-07,28.01,2
821,109723,2025-12-04,65.24,6
429,105154,2025-11-02,54.93,7
35,100477,2026-01-05,24.91,7
610,107286,2025-12-28,34.91,7
586,106978,2026-01-17,50.52,2
170,102121,2026-02-18,27.89,8
214,102674,2026-02-24,25.02,8
461,105464,2026-01-19,54.19,8
651,107795,2026-01-22,37.08,5
198,102467,2026-03-12,34.98,6
168,102094,2026-01-21,35.04,8
921,110830,2026-01-15,71.92,8
662,107970,2026-02-16,33.79,2
204,102531,2026-01-25,20.49,4
198,102487,2026-02-11,43.52,1
339,104039,2025-11-30,28.33,3
598,107126,2026-01-01,41.79,2
652,107822,2026-03-02,57.05,4
413,104918,2026-01-13,36.85,4
856,110076,2026-01-13,18.71,6
769,109184,2026-02-08,12.76,1
652,107828,2026-03-20,56.83,6
505,106023,2026-02-07,48.12,1
992,111629,2026-02-24,54.22,4
897,110601,2026-02-11,32.84,8
769,109176,2026-02-18,16.48,7
319,103854,2026-02-06,29.59,2
745,108936,2026-01-19,17.25,8
125,101511,2026-01-17,67.03,4
818,109688,2026-01-23,99.97,7
206,102553,2026-01-13,31.51,7
693,108333,2026-02-01,38.66,6
797,109462,2026-01-27,33.30,6
837,109886,2026-01-24,62.25,8
345,104133,2026-01-15,19.82,2
376,104472,2026-02-07,30.73,1
970,111318,2025-12-21,39.60,4
495,105878,2025-12-31,25.07,7
46,100607,2026-02-04,22.23,8
963,111238,2026-01-13,32.79,7
153,101875,2026-01-27,24.47,5
203,102513,2025-12-21,43.68,1
90,101134,2026-02-07,30.99,5
414,104920,2025-12-31,48.55,6
233,102884,2026-01-20,35.09,6
478,105690,2025-12-04,21.32,7
63,100802,2026-01-12,34.46,2
721,108697,2026-03-10,38.54,7
307,103744,2026-03-04,17.98,6
376,104456,2026-02-02,63.50,8
718,108636,2026-01-24,18.96,7
967,111310,2026-03-10,40.56,7
760,109093,2026-01-31,15.93,3
902,110650,2026-02-28,15.43,8
710,108516,2026-01-28,46.15,4
161,101989,2026-01-30,47.14,1
360,104283,2026-02-09,30.60,1
847,109970,2026-02-27,19.75,6
316,103826,2025-12-05,31.34,2
716,108560,2026-01-05,54.29,1
487,105778,2026-01-30,52.49,7
282,103416,2026-02-20,15.48,2
363,104319,2026-01-08,20.45,8
71,100911,2026-02-23,21.71,8
572,106845,2026-01-08,36.83,5
379,104519,2026-02-18,28.23,4
91,101159,2026-02-15,34.34,4
688,108278,2026-01-13,22.16,4
90,101142,2026-01-17,40.88,6
10,100136,2026-01-03,46.58,4
397,104731,2026-01-29,25.14,5
352,104198,2025-12-21,17.03,6
143,101761,2025-12-27,38.46,4
428,105151,2026-03-14,67.36,7
211,102646,2025-12-21,23.75,1
657,107881,2026-01-13,61.02,7
966,111284,2026-01-05,19.37,5
470,105588,2026-03-11,60.55,6
685,108237,2026-03-10,79.41,2
236,102921,2026-01-23,37.79,5
668,108024,2026-02-12,36.07,6
161,101992,2026-03-06,61.43,2
962,111231,2026-01-23,42.77,5
410,104879,2026-01-03,14.06,5
37,100490,2025-12-12,100.92,7
70,100905,2026-02-03,58.79,7
150,101852,2026-02-01,31.87,3
11,100144,2026-02-25,23.47,2
127,101554,2026-03-01,76.11,1
46,100599,2026-01-07,26.78,8
270,103284,2026-02-18,118.46,7
148,101824,2025-11-25,93.52,5
748,108963,2026-01-17,36.86,2
975,111395,2026-02-27,17.73,6
462,105487,2026-02-01,20.46,2
95,101224,2026-02-02,43.78,4
855,110072,2026-01-18,22.71,3
793,109426,2026-01-10,29.93,6
814,109644,2025-12-19,45.82,6
327,103916,2026-02-23,20.94,1
769,109185,2026-03-03,17.60,4
310,103765,2025-12-29,26.41,6
369,104387,2026-02-03,55.10,7
715,108549,2025-12-29,36.38,7
718,108630,2026-02-13,29.75,1
166,102065,2026-03-13,68.80,1
98,101249,2026-01-27,49.55,3
354,104205,2025-12-24,24.56,1
633,107563,2026-02-06,17.34,7
314,103815,2026-01-21,39.67,4
464,105526,2026-03-12,20.61,6
965,111257,2026-02-20,43.40,7
186,102323,2026-01-19,30.28,8
573,106859,2025-12-22,66.13,2
812,109623,2025-12-22,42.58,4
356,104227,2026-01-07,36.82,7
161,101999,2026-01-29,58.85,8
461,105462,2026-01-25,99.36,5
991,111595,2026-01-28,32.56,1
773,109218,2026-01-15,40.05,4
620,107409,2026-01-15,16.85,4
70,100902,2026-03-01,39.97,6
68,100868,2026-03-07,95.59,7
90,101131,2026-01-18,59.33,4
524,106291,2025-12-05,59.09,8
440,105296,2025-11-10,46.92,7
659,107906,2026-01-22,50.03,2
779,109303,2026-01-10,49.63,2
416,104969,2026-03-16,110.89,5
300,103683,2026-01-22,12.82,7
103,101291,2026-01-22,87.63,1
557,106695,2026-03-18,14.20,4
704,108428,2026-03-06,67.93,4
820,109719,2025-12-03,41.90,3
424,105080,2025-12-21,15.70,4
807,109564,2026-01-23,53.12,4
813,109641,2026-01-05,27.78,5
530,106364,2026-01-07,28.89,3
578,106895,2025-12-13,43.60,7
125,101509,2026-01-30,81.61,8
378,104507,2025-12-26,47.82,7
232,102873,2026-02-05,28.00,6
272,103305,2026-01-12,39.73,5
420,105013,2026-01-21,87.22,8
360,104284,2026-01-17,40.38,6
828,109804,2026-02-20,15.66,3
360,104289,2026-01-08,42.32,1
957,111181,2026-01-20,71.76,1
767,109153,2026-01-24,21.08,2
395,104700,2026-01-06,78.56,5
827,109797,2026-02-28,118.27,6
472,105631,2026-02-03,35.09,2
560,106728,2026-02-03,33.91,6
858,110090,2026-01-27,15.64,3
902,110655,2026-02-20,12.70,7
519,106256,2026-03-04,53.85,2
988,111551,2026-02-05,31.73,6
147,101816,2026-01-27,22.61,7
689,108297,2026-02-02,46.53,7
508,106075,2026-01-31,54.70,3
120,101472,2026-02-20,36.39,5
740,108892,2026-01-08,25.28,4
503,105997,2026-02-27,28.14,2
706,108458,2026-02-27,37.36,3
873,110282,2026-01-26,23.59,1
710,108517,2026-01-12,40.06,2
384,104571,2026-01-27,37.11,2
606,107230,2026-01-15,20.58,1
809,109591,2026-01-15,39.53,3
32,100442,2025-12-18,36.31,2
769,109177,2026-02-19,14.15,3
634,107591,2026-01-21,43.94,6
416,104953,2026-02-18,62.39,7
590,107043,2026-02-10,51.14,7
519,106255,2026-03-15,64.35,3
28,100405,2026-01-07,50.17,7
519,106259,2026-01-19,36.25,3
410,104880,2026-02-06,21.00,6
158,101952,2026-01-06,36.33,5
916,110792,2026-02-14,25.81,5
522,106278,2026-01-02,33.33,4
318,103852,2026-01-07,42.54,2
155,101892,2026-01-09,38.93,8
664,107984,2026-01-30,15.95,8
437,105269,2026-03-09,29.60,5
769,109179,2026-01-14,13.19,5
622,107426,2025-12-31,34.16,8
10,100134,2026-01-18,89.02,8
295,103596,2025-12-28,55.71,2
278,103371,2025-12-23,56.21,7
248,103036,2026-02-01,34.05,1
834,109852,2025-12-14,28.40,1
182,102263,2026-01-13,44.02,5
176,102180,2026-01-04,21.88,1
948,111115,2026-02-09,18.45,8
512,106139,2026-02-13,34.08,2
417,104973,2026-02-08,26.09,2
977,111423,2025-12-28,44.78,2
74,100935,2026-01-26,25.97,2
483,105754,2025-12-22,35.61,8
175,102159,2025-12-17,71.21,7
931,110941,2026-02-10,20.41,8
439,105279,2026-01-01,13.60,4
992,111627,2026-01-20,64.52,1
396,104722,2026-01-11,38.19,1
135,101650,2026-01-26,80.51,2
629,107533,2025-12-12,34.01,2
883,110426,2026-01-08,53.82,5
390,104657,2025-12-19,27.67,6
80,100999,2026-01-09,34.33,2
745,108943,2026-01-11,16.90,7
774,109234,2025-11-30,15.09,5
388,104650,2026-02-17,61.26,4
275,103332,2026-02-10,49.83,4
223,102755,2025-12-06,15.90,3
264,103230,2026-01-13,35.19,6
356,104234,2026-01-28,19.98,4
267,103251,2026-02-01,17.89,7
966,111279,2026-01-04,34.55,6
458,105425,2025-12-31,37.92,7
399,104758,2026-01-26,43.51,2
998,111714,2026-01-04,42.75,6
184,102286,2026-02-22,53.98,4
835,109860,2025-11-24,74.83,6
814,109648,2025-12-28,22.29,4
869,110248,2026-02-15,23.66,3
537,106450,2026-01-12,26.82,7
379,104513,2026-01-25,38.20,7
714,108547,2026-01-09,21.70,3
85,101056,2026-01-07,21.25,3
293,103575,2026-01-29,20.68,5
117,101432,2026-01-17,16.21,1
529,106341,2026-03-08,78.03,2
684,108208,2026-01-15,87.34,5
495,105893,2026-03-07,18.72,3
588,107003,2025-12-27,20.68,2
489,105799,2026-02-08,33.27,6
507,106065,2026-01-15,23.30,3
143,101763,2026-01-17,37.01,7
377,104489,2025-12-23,25.36,6
816,109666,2026-01-05,27.57,8
454,105384,2026-01-25,55.74,1
343,104111,2026-01-14,59.72,4
165,102047,2026-02-09,36.10,8
270,103277,2026-01-26,62.40,1
902,110643,2026-02-16,32.97,4
270,103278,2026-02-27,65.03,3
853,110062,2026-03-16,88.94,5
348,104163,2026-02-24,17.73,2
176,102184,2026-01-09,17.03,7
815,109656,2026-01-18,52.96,4
717,108596,2026-01-18,53.16,1
76,100955,2026-01-24,41.49,3
388,104639,2026-01-09,30.02,5
996,111680,2026-01-16,112.44,5
432,105195,2026-01-31,14.85,2
167,102076,2026-01-27,21.28,7
393,104684,2026-01-25,46.68,3
352,104193,2026-01-20,43.43,2
4,100051,2026-02-15,29.70,7
893,110546,2026-02-19,29.65,3
776,109281,2026-02-11,52.18,3
942,111057,2025-12-29,21.46,8
107,101329,2025-12-27,31.73,8
784,109349,2026-02-04,64.25,8
651,107794,2026-01-20,23.24,3
247,103022,2026-02-05,15.36,1
343,104110,2026-01-16,54.26,5
307,103751,2026-01-11,25.76,2
395,104714,2026-01-26,86.33,7
296,103605,2026-02-10,45.87,8
142,101744,2025-12-22,33.60,7
715,108551,2025-12-15,39.16,8
263,103205,2026-01-12,35.48,6
419,105002,2025-12-22,34.31,3
250,103055,2026-03-07,26.72,3
707,108478,2025-11-08,48.81,8
634,107586,2026-02-14,18.08,2
89,101107,2026-01-10,97.58,5
453,105369,2026-01-12,50.49,7
457,105417,2025-11-17,37.51,6
143,101757,2026-01-13,32.55,2
849,110002,2025-12-16,76.07,8
743,108901,2026-02-14,19.78,1
375,104441,2026-02-22,22.08,1
278,103374,2026-02-14,54.44,1
24,100337,2026-01-30,38.22,8
513,106149,2025-12-23,24.28,8
497,105910,2026-02-03,27.12,3
963,111245,2025-12-31,50.38,6
509,106084,2026-02-19,40.11,7
717,108609,2026-02-01,73.16,5
107,101342,2026-02-19,19.87,1
865,110192,2026-02-09,69.31,6
729,108771,2026-02-15,53.91,7
342,104069,2026-01-13,32.61,4
417,104989,2026-02-13,34.18,7
410,104891,2026-01-09,16.55,3
609,107276,2026-02-10,45.37,5
511,106128,2026-01-29,40.26,2
820,109714,2025-11-07,55.31,6
98,101250,2026-01-05,24.33,2
437,105265,2026-02-04,37.44,1
295,103598,2025-12-10,50.42,1
719,108644,2026-01-22,25.39,3
225,102773,2026-01-31,78.69,2
253,103117,2026-03-07,76.07,7
333,103978,2025-12-21,81.11,1
668,108022,2026-02-11,25.03,7
376,104483,2026-02-14,51.08,2
463,105498,2026-03-08,22.71,2
210,102634,2026-01-02,14.28,5
487,105783,2026-01-24,39.53,1
811,109607,2025-12-26,38.54,7
816,109673,2026-02-24,19.22,1
70,100898,2026-02-24,29.62,4
42,100537,2026-02-12,52.94,1
863,110164,2026-01-12,31.79,1
360,104294,2026-01-03,44.32,7
179,102240,2026-03-11,21.71,8
882,110404,2026-02-05,37.54,5
940,111029,2026-01-20,33.41,7
25,100348,2025-12-19,32.85,6
882,110403,2026-02-15,28.16,5
744,108918,2025-11-23,34.73,3
323,103878,2025-10-31,91.25,8
927,110886,2026-01-12,48.64,2
945,111090,2026-02-01,38.22,4
961,111221,2026-01-06,35.39,1
888,110484,2026-01-13,31.52,1
101,101271,2026-01-09,75.28,1
717,108616,2026-03-13,35.87,7
176,102169,2026-02-10,18.79,7
748,108967,2026-02-24,30.66,1
40,100506,2026-02-10,31.49,5
294,103591,2026-02-20,44.83,3
998,111720,2026-02-02,25.60,2
618,107379,2026-01-29,26.06,2
177,102192,2026-01-25,72.89,5
94,101197,2026-01-16,43.12,7
910,110735,2025-12-31,37.90,4
674,108072,2026-01-31,18.29,7
192,102414,2026-01-03,16.54,6
785,109357,2026-02-06,24.98,7
42,100530,2026-02-15,69.97,2
257,103146,2026-02-20,107.01,5
112,101381,2026-01-11,25.41,6
973,111373,2025-12-20,48.94,5
386,104606,2025-12-28,39.49,1
963,111243,2026-01-14,54.38,4
866,110205,2026-01-14,49.78,6
303,103696,2025-11-07,54.54,4
901,110637,2026-01-04,24.04,2
762,109117,2026-01-16,41.01,7
688,108285,2026-02-03,39.49,8
868,110237,2026-02-01,51.71,7
727,108730,2025-12-12,17.02,3
538,106471,2026-01-06,17.17,1
204,102530,2026-02-16,25.76,4
538,106464,2025-11-28,29.84,8
635,107608,2026-02-01,52.22,1
159,101955,2026-01-18,14.18,2
350,104179,2025-12-21,34.52,6
493,105851,2026-01-30,25.87,7
866,110202,2025-12-22,58.72,4
137,101666,2026-01-14,59.85,2
762,109112,2026-01-24,34.09,6
410,104878,2026-02-28,29.01,4
161,102005,2026-03-02,45.63,7
501,105958,2026-01-29,24.34,3
579,106912,2026-02-16,27.05,5
942,111058,2026-01-28,29.81,6
738,108837,2026-02-05,58.99,1
990,111572,2026-01-27,14.85,3
393,104679,2025-12-29,48.66,1
131,101597,2025-12-31,21.09,1
258,103169,2026-01-05,27.76,2
146,101799,2026-02-06,34.46,2
436,105234,2026-01-01,35.70,6
226,102801,2025-12-26,36.26,3
189,102360,2026-02-18,39.70,5
249,103051,2025-12-21,38.59,4
994,111656,2025-12-31,11.54,5
638,107663,2026-02-15,72.77,2
53,100706,2026-01-26,32.93,5
961,111222,2026-01-10,27.53,7
686,108253,2026-01-27,29.96,7
755,109040,2025-11-19,34.10,3
76,100965,2026-01-15,46.93,8
877,110344,2026-01-28,16.51,6
35,100460,2026-02-07,20.79,3
716,108580,2026-02-07,64.18,4
857,110082,2025-11-26,34.94,1
297,103619,2026-02-15,17.15,4
51,100673,2026-02-15,47.42,2
60,100784,2026-03-05,25.03,2
671,108052,2026-02-14,32.05,3
980,111454,2026-01-17,63.17,3
158,101944,2026-01-10,37.84,8
674,108084,2026-02-12,24.39,4
135,101654,2026-02-26,98.33,1
102,101282,2025-12-23,47.09,3
830,109826,2025-11-05,23.60,2
899,110624,2026-01-08,30.87,4
635,107597,2026-02-13,45.19,6
957,111193,2026-03-07,37.66,1
497,105918,2026-02-02,19.87,2
704,108414,2026-01-20,38.35,7
609,107277,2026-01-21,63.66,4
720,108662,2026-01-07,57.20,6
563,106769,2026-02-13,29.71,6
879,110361,2026-01-09,29.37,2
909,110712,2026-01-05,42.54,5
620,107402,2026-03-10,18.10,6
780,109312,2026-02-03,33.11,8
806,109556,2026-01-11,39.77,1
725,108723,2026-01-17,36.59,7
475,105676,2026-02-11,16.60,2
955,111152,2026-01-07,20.83,8
522,106268,2026-02-20,32.94,1
67,100845,2026-01-05,14.83,1
960,111216,2025-12-08,49.66,3
277,103358,2026-02-13,28.18,3
985,111520,2025-12-07,38.21,2
738,108849,2026-01-27,71.48,5
858,110088,2026-01-08,41.91,2
514,106171,2026-01-09,33.32,6
157,101942,2026-02-05,32.03,1
246,103002,2025-11-15,102.61,1
367,104371,2026-02-20,41.36,4
226,102802,2025-12-01,18.17,3
735,108808,2026-01-10,40.41,8
60,100774,2026-01-20,39.07,3
865,110179,2026-01-19,87.59,5
729,108768,2026-02-17,84.61,7
403,104819,2026-01-06,52.38,6
424,105087,2026-01-15,16.00,4
779,109302,2025-11-23,40.92,2
659,107928,2026-02-05,61.62,8
558,106700,2026-01-24,17.36,6
865,110176,2026-01-09,58.42,5
838,109906,2026-02-04,36.05,4
342,104081,2026-01-10,42.44,7
989,111559,2025-11-05,73.43,6
448,105338,2026-02-21,68.04,1
805,109542,2026-01-17,65.81,3
62,100793,2026-01-15,52.76,8
358,104249,2026-03-11,16.67,6
283,103432,2026-02-08,36.60,2
28,100416,2026-02-04,59.24,4
235,102894,2026-02-22,28.60,5
184,102294,2026-01-14,71.18,4
492,105837,2025-12-31,32.34,3
659,107914,2026-02-14,62.27,5
416,104972,2026-02-28,113.16,7
511,106118,2026-01-24,31.28,5
877,110346,2026-02-23,42.98,3
290,103525,2026-01-26,22.64,5
436,105232,2026-01-30,73.34,7
71,100909,2026-02-25,23.83,2
198,102468,2026-01-09,30.01,4
623,107450,2026-02-08,29.24,4
90,101118,2026-01-16,75.67,8
996,111673,2026-01-23,94.94,5
933,110961,2026-02-15,39.77,8
802,109505,2026-02-08,12.72,3
683,108195,2026-01-06,41.39,3
660,107949,2026-02-07,19.03,5
473,105646,2026-01-20,24.83,8
23,100321,2026-01-29,47.71,7
293,103578,2025-12-10,22.75,4
554,106665,2025-11-11,38.30,1
342,104076,2026-03-09,45.69,7
528,106323,2026-01-20,17.37,1
673,108063,2026-02-04,38.13,6
650,107769,2026-02-25,14.13,7
44,100564,2026-02-07,25.71,2
105,101314,2026-02-08,42.86,8
10,100132,2026-02-26,98.38,4
827,109787,2026-01-16,112.15,5
892,110538,2026-02-08,14.92,3
877,110345,2026-02-08,27.50,6
785,109369,2026-02-28,19.57,8
101,101262,2026-02-10,101.05,4
323,103874,2025-10-21,99.94,4
320,103866,2026-01-21,29.65,5
773,109225,2026-01-16,23.60,6
415,104940,2026-01-29,29.23,1
997,111693,2026-02-02,38.09,7
710,108513,2026-02-27,52.86,8
234,102889,2026-02-21,46.21,2
127,101566,2026-02-23,44.73,6
559,106707,2025-11-12,65.09,5
702,108397,2025-12-11,27.48,3
709,108502,2026-01-06,41.17,6
477,105681,2025-11-23,29.99,7
42,100519,2026-02-01,83.35,3
289,103509,2026-01-04,35.50,4
337,104012,2025-12-30,34.21,7
416,104961,2026-01-26,122.19,5
63,100797,2026-01-24,34.35,5
32,100445,2025-11-20,44.96,3
177,102190,2026-01-30,48.47,2
73,100927,2026-01-28,37.00,6
184,102283,2026-02-02,67.35,7
946,111096,2025-12-26,25.12,4
774,109232,2025-12-14,13.43,5
818,109689,2026-01-25,63.61,1
354,104223,2025-12-16,36.56,6
119,101461,2025-12-25,33.10,2
198,102488,2026-02-19,31.22,1
420,105032,2026-03-08,58.73,2
643,107710,2026-01-07,55.89,7
307,103745,2026-02-19,37.99,5
621,107415,2026-01-19,31.86,2
142,101742,2026-01-22,25.56,6
501,105963,2026-01-28,25.70,4
251,103087,2026-02-28,22.46,1
627,107495,2026-01-16,14.54,7
859,110129,2026-03-05,59.37,6
919,110817,2026-02-18,43.19,3
397,104738,2026-02-28,20.10,2
27,100390,2026-02-10,41.78,5
631,107548,2025-12-14,30.35,8
958,111204,2025-12-21,23.93,8
6,100071,2025-12-26,47.97,2
245,102994,2026-02-16,14.73,7
592,107053,2026-01-16,27.01,7
680,108144,2026-01-14,25.28,7
859,110125,2026-03-04,84.91,6
178,102221,2025-12-31,14.11,4
71,100916,2026-03-05,29.26,3
863,110163,2025-12-17,20.74,3
83,101042,2025-12-22,21.78,6
790,109402,2026-01-03,29.37,3
750,108986,2025-12-23,18.64,8
515,106173,2025-11-21,39.67,3
509,106076,2026-01-20,38.00,5
504,106007,2025-11-28,83.00,7
776,109266,2026-02-04,36.66,8
112,101379,2026-01-05,21.04,6
235,102895,2026-03-13,46.63,4
307,103756,2026-03-07,30.60,4
826,109777,2025-11-23,36.72,1
597,107115,2025-12-23,50.87,1
795,109438,2026-02-24,40.50,8
723,108710,2025-12-13,43.32,5
196,102447,2026-02-01,28.47,6
140,101729,2026-02-26,27.87,6
475,105666,2026-01-22,36.98,7
312,103773,2026-01-07,18.63,7
48,100632,2026-02-12,39.35,1
690,108303,2025-12-23,44.43,4
135,101645,2026-03-02,48.54,5
208,102591,2026-03-18,45.20,3
877,110347,2026-02-08,19.48,6
414,104923,2026-02-22,37.90,6
605,107215,2026-03-04,44.47,7
213,102662,2026-01-07,15.11,1
410,104881,2025-12-22,18.79,6
594,107093,2025-12-11,73.19,8
992,111632,2026-02-07,48.82,7
954,111146,2025-12-21,96.41,6
584,106954,2026-01-04,80.38,4
259,103172,2026-02-23,19.37,2
290,103526,2026-03-04,24.58,5
806,109555,2026-01-31,19.00,1
550,106623,2026-02-25,76.81,1
519,106239,2026-02-21,39.52,6
470,105604,2026-02-21,59.04,6
271,103293,2025-12-22,45.82,3
340,104057,2026-01-14,24.37,4
606,107227,2025-12-18,27.90,3
556,106677,2026-01-20,44.44,3
632,107551,2026-01-04,17.97,6
693,108330,2026-02-22,23.87,6
634,107581,2026-03-08,36.19,2
120,101471,2026-02-05,36.03,1
399,104763,2026-01-28,25.83,4
386,104609,2025-12-20,34.59,6
306,103736,2026-01-28,22.03,5
817,109679,2025-12-07,98.12,8
236,102917,2026-01-14,41.25,7
186,102339,2026-01-17,33.05,1
292,103562,2026-01-04,28.58,1
818,109686,2026-02-23,89.77,1
6,100069,2025-12-17,38.40,7
159,101964,2026-02-21,12.78,3
317,103835,2026-02-13,40.35,1
719,108650,2026-01-07,27.15,3
757,109053,2025-12-22,26.11,3
528,106331,2025-12-26,21.54,7
972,111367,2026-02-15,57.34,8
797,109461,2026-03-14,41.25,4
642,107704,2026-01-14,22.53,7
356,104241,2026-01-20,27.21,7
255,103125,2025-12-26,20.20,1
44,100563,2026-02-19,27.39,7
269,103264,2026-01-31,32.23,3
428,105142,2026-02-03,64.23,2
822,109747,2026-03-06,13.18,2
318,103853,2026-01-09,17.75,2
396,104728,2026-02-15,40.65,3
691,108309,2025-11-16,28.38,3
537,106446,2026-02-06,31.67,2
905,110671,2026-02-04,39.02,7
852,110026,2026-01-20,38.15,3
222,102749,2026-01-05,41.11,5
799,109474,2025-12-25,29.63,6
366,104357,2025-12-18,43.06,5
900,110634,2026-02-01,31.36,2
6,100073,2025-12-24,31.92,3
423,105063,2026-01-29,33.59,2
564,106777,2026-01-14,26.00,1
646,107741,2026-01-12,25.06,8
686,108259,2026-01-17,37.22,4
677,108111,2025-12-06,41.00,6
872,110273,2025-10-24,43.57,2
426,105104,2026-01-04,37.47,5
270,103271,2026-02-11,121.55,7
120,101477,2025-12-25,19.41,6
284,103445,2026-01-16,48.87,2
125,101514,2026-02-14,60.87,1
807,109563,2026-02-26,41.42,3
186,102332,2026-02-15,29.44,6
239,102942,2025-12-29,41.12,8
462,105481,2026-02-28,12.84,2
518,106214,2026-02-06,51.07,8
640,107694,2026-01-06,29.57,2
172,102137,2025-12-10,44.03,2
522,106269,2026-02-18,33.95,1
646,107746,2026-01-13,40.27,4
869,110244,2026-02-28,30.62,2
915,110780,2026-01-26,22.06,2
13,100182,2026-02-09,73.45,3
337,104024,2026-01-18,12.16,5
618,107371,2026-02-02,30.19,6
208,102598,2026-03-17,70.60,3
263,103212,2026-01-17,19.94,6
916,110788,2026-03-07,26.14,2
297,103618,2026-02-22,30.60,2
895,110581,2026-01-24,26.68,6
692,108324,2026-01-06,18.81,7
769,109194,2026-02-19,14.71,1
341,104061,2025-11-13,28.34,3
882,110401,2026-02-03,17.24,4
474,105654,2026-01-21,38.63,4
67,100831,2026-03-03,38.72,8
49,100644,2026-01-28,16.94,1
232,102872,2026-01-25,37.37,5
161,101996,2026-01-12,39.68,1
51,100680,2026-02-08,55.71,1
309,103759,2025-11-09,56.05,1
891,110516,2026-01-21,32.67,4
369,104406,2026-01-15,51.19,2
5,100066,2025-12-31,65.16,3
745,108942,2026-03-12,14.74,4
632,107554,2026-01-06,35.69,4
417,104975,2026-02-12,30.75,7
553,106649,2025-12-23,39.30,3
776,109269,2026-01-27,66.13,2
470,105597,2026-02-14,43.04,4
804,109536,2026-01-08,24.08,5
858,110100,2026-02-12,37.47,5
636,107618,2026-02-18,36.31,4
964,111248,2026-01-25,33.32,3
773,109230,2026-03-05,28.14,2
424,105079,2025-12-13,37.09,3
581,106936,2026-01-21,32.25,6
958,111201,2026-02-08,44.72,6
423,105061,2026-01-24,30.92,7
189,102371,2026-01-05,29.08,3
399,104765,2026-01-11,19.88,3
827,109801,2026-02-26,101.20,4
905,110678,2026-01-30,32.83,7
704,108412,2026-03-16,52.90,1
728,108748,2026-01-05,32.65,3
351,104191,2025-10-29,21.98,8
279,103387,2026-01-17,40.87,1
981,111468,2026-02-01,32.71,5
584,106955,2026-02-16,107.80,1
225,102780,2026-01-27,96.26,2
291,103554,2026-03-07,103.80,5
937,111004,2026-01-01,21.16,1
248,103029,2026-02-24,24.07,4
736,108817,2026-02-05,30.81,4
380,104526,2025-11-27,52.80,3
934,110978,2026-03-02,13.75,4
60,100780,2026-02-21,36.05,1
675,108096,2026-01-07,19.31,1
364,104330,2026-02-02,33.38,8
981,111483,2026-01-23,65.82,2
809,109588,2025-12-08,44.23,3
69,100890,2026-01-05,17.63,4
82,101025,2026-01-17,34.91,8
297,103623,2025-12-31,29.82,1
863,110162,2025-12-23,35.82,2
277,103355,2025-12-27,39.20,7
750,108982,2026-01-29,21.79,4
661,107950,2026-02-25,22.93,5
717,108600,2026-02-26,39.89,6
660,107935,2026-01-08,21.08,6
650,107773,2026-01-20,20.22,1
369,104388,2026-02-02,73.68,5
137,101689,2026-03-04,43.53,7
96,101239,2026-01-22,43.28,4
843,109949,2025-12-28,38.36,8
646,107745,2025-12-03,26.92,2
780,109310,2026-02-13,45.61,6
192,102412,2026-02-06,24.41,2
254,103121,2026-02-08,63.74,6
271,103288,2025-11-07,43.88,2
805,109540,2026-01-07,38.23,7
246,103003,2025-12-26,84.26,5
7,100077,2025-11-10,30.43,6
682,108162,2026-01-30,24.98,5
581,106935,2026-02-09,16.07,2
570,106830,2025-10-27,56.37,7
790,109408,2026-03-04,23.37,6
156,101910,2026-02-23,53.55,6
659,107907,2026-02-05,55.74,6
40,100513,2026-02-20,32.61,2
557,106686,2026-01-14,13.81,7
145,101779,2026-02-27,24.19,2
650,107778,2026-02-12,25.67,1
355,104226,2025-11-27,24.50,6
223,102751,2025-12-31,32.01,6
972,111358,2026-03-07,57.25,7
837,109887,2025-12-25,25.69,7
369,104391,2026-02-19,64.25,5
680,108142,2026-01-12,26.15,5
101,101280,2026-01-25,67.51,8
198,102481,2026-03-03,67.54,7
777,109292,2026-01-16,24.50,8
971,111331,2026-01-08,28.73,5
841,109925,2026-03-07,34.67,6
749,108968,2026-02-11,25.44,5
797,109458,2026-01-23,34.30,2
135,101641,2026-03-08,90.39,3
981,111455,2026-03-07,70.78,8
118,101449,2026-01-07,31.43,1
257,103131,2026-02-18,73.48,4
711,108522,2025-12-14,48.26,7
161,102004,2026-03-03,39.81,2
927,110879,2026-01-13,22.10,2
402,104794,2026-02-15,15.66,3
298,103634,2026-01-17,73.71,6
926,110865,2026-02-18,56.63,7
558,106702,2026-02-12,31.29,5
416,104971,2026-02-11,85.50,2
814,109647,2026-01-22,52.03,6
900,110633,2026-01-02,31.21,6
407,104856,2026-02-25,115.00,8
640,107683,2026-01-16,42.86,1
622,107445,2026-02-18,13.55,3
397,104735,2026-01-23,18.55,3
393,104686,2026-01-07,34.69,2
195,102444,2026-01-24,29.71,7
946,111093,2025-12-20,28.91,2
298,103656,2026-01-24,52.32,4
26,100365,2026-03-15,16.15,5
431,105167,2026-02-05,14.92,2
161,102018,2026-02-11,57.89,8
68,100850,2026-02-10,56.42,6
854,110069,2025-12-30,48.92,3
818,109683,2026-02-19,111.91,1
205,102540,2026-01-16,45.91,3
727,108731,2025-12-24,36.59,5
371,104411,2025-11-23,18.88,1
981,111476,2026-01-23,63.24,4
228,102818,2025-12-07,23.01,1
170,102123,2026-01-10,19.87,8
1,100005,2026-02-04,64.34,4
376,104457,2026-03-11,68.00,2
44,100560,2026-01-18,28.80,3
965,111252,2026-01-11,48.33,3
500,105951,2026-01-28,34.80,8
408,104871,2025-12-17,38.44,6
956,111165,2025-11-09,79.13,1
223,102756,2025-12-15,27.88,3
103,101293,2025-12-06,62.61,1
209,102627,2026-02-19,32.96,3
107,101332,2025-12-27,11.79,6
728,108747,2026-01-20,56.98,5
719,108645,2026-01-12,25.60,6
775,109253,2026-01-25,17.79,3
784,109350,2026-01-06,54.67,1
270,103283,2026-02-01,57.49,7
147,101811,2026-01-10,41.14,7
298,103633,2026-01-29,68.71,3
298,103659,2026-02-16,53.13,6
94,101193,2026-02-20,38.24,8
463,105504,2026-01-17,49.76,4
557,106690,2026-01-20,12.76,8
69,100873,2026-02-06,30.38,4
590,107030,2026-03-03,56.67,1
581,106946,2026-01-26,12.22,3
848,109992,2026-02-20,29.82,3
198,102474,2026-02-11,41.81,2
867,110218,2026-01-19,22.06,7
81,101015,2025-12-10,50.13,7
965,111259,2026-01-10,32.78,3
14,100215,2026-02-23,30.07,8
367,104370,2026-01-23,21.05,5
887,110477,2026-01-30,30.17,3
606,107231,2025-12-01,19.55,3
118,101452,2026-01-03,21.58,5
816,109663,2026-02-16,39.16,7
981,111467,2026-03-01,53.50,4
928,110889,2026-02-01,43.23,4
65,100816,2025-11-14,51.63,4
112,101389,2026-02-24,17.09,3
947,111108,2025-12-24,25.08,2
834,109851,2026-02-04,42.90,8
185,102319,2026-01-30,21.09,8
12,100167,2026-02-10,21.43,8
528,106320,2026-02-17,16.26,4
369,104386,2026-01-24,45.06,2
838,109907,2026-02-08,15.94,3
767,109158,2026-02-14,22.72,4
716,108564,2026-01-16,31.33,2
858,110104,2026-02-08,33.01,6
402,104808,2025-12-20,32.92,8
738,108843,2026-02-13,62.97,4
475,105677,2026-02-09,39.72,2
90,101144,2026-01-31,46.58,3
614,107334,2026-01-10,46.43,8
393,104680,2025-12-23,42.85,7
27,100384,2026-02-01,95.73,5
350,104174,2026-02-12,43.34,3
644,107720,2026-02-07,35.54,2
301,103684,2025-11-12,21.44,8
86,101080,2026-02-06,20.11,1
883,110421,2026-02-23,56.18,3
714,108540,2025-12-07,40.29,8
137,101692,2026-01-16,57.00,3
436,105243,2026-02-10,38.32,2
305,103708,2026-01-03,18.05,1
851,110008,2025-11-27,25.88,8
33,100449,2025-11-28,46.81,7
610,107291,2026-01-04,23.48,4
990,111569,2026-02-12,33.68,1
27,100378,2026-03-11,93.69,1
133,101635,2025-12-01,25.38,1
146,101804,2026-01-22,29.68,7
618,107384,2026-01-16,40.06,7
847,109963,2026-03-07,29.20,8
708,108484,2025-11-30,31.56,7
464,105517,2026-02-06,24.16,8
13,100198,2026-01-14,63.27,3
564,106783,2025-12-24,42.72,2
405,104823,2025-12-01,29.40,7
288,103474,2026-02-22,72.22,5
373,104427,2025-11-29,40.94,7
255,103127,2026-01-02,26.08,2
725,108724,2025-12-20,31.75,4
20,100277,2026-02-18,36.47,6
905,110679,2026-01-11,30.19,2
350,104187,2026-02-24,25.56,3
22,100319,2026-02-17,31.74,2
101,101277,2026-01-16,93.54,8
700,108382,2026-02-09,19.79,3
972,111351,2026-02-18,70.35,5
979,111445,2026-02-23,41.10,6
869,110246,2026-01-09,33.24,6
217,102696,2026-01-26,67.59,4
971,111334,2026-02-19,24.16,3
993,111644,2025-12-28,17.39,4
121,101478,2025-11-20,37.01,2
295,103600,2025-11-15,29.29,8
138,101705,2025-11-30,38.39,1
881,110380,2026-02-03,40.84,1
915,110773,2026-02-01,25.45,4
822,109732,2026-01-13,17.18,4
630,107541,2025-12-25,29.70,3
539,106479,2026-01-25,41.36,5
545,106545,2026-02-11,15.12,1
909,110730,2026-01-24,39.66,5
919,110819,2026-02-15,28.31,8
174,102156,2025-11-22,29.02,7
875,110318,2025-10-24,22.43,2
118,101451,2025-12-11,18.12,8
402,104802,2025-12-27,16.92,3
459,105432,2026-02-09,14.33,3
612,107320,2025-12-24,26.15,5
977,111426,2025-12-15,45.90,2
510,106107,2025-12-30,34.31,7
191,102394,2026-01-09,42.11,2
865,110183,2026-02-16,81.12,1
198,102485,2026-02-04,34.27,6
377,104487,2025-12-12,15.79,1
801,109482,2026-02-09,27.76,3
493,105843,2026-01-28,47.56,4
74,100937,2026-01-30,35.76,3
708,108485,2026-01-07,22.25,1
788,109387,2025-12-27,35.52,4
478,105692,2025-11-30,33.39,4
137,101688,2026-02-04,41.95,7
836,109868,2025-12-25,14.72,6
307,103757,2026-02-14,32.23,1
916,110793,2026-02-25,37.82,6
665,107991,2025-12-25,57.03,3
57,100740,2026-01-07,39.41,5
810,109595,2025-12-25,17.14,8
9,100111,2026-01-26,30.41,5
79,100981,2026-02-25,32.74,3
889,110491,2026-02-17,26.42,4
347,104150,2025-12-17,16.86,6
469,105582,2025-11-02,106.50,1
401,104788,2026-01-25,27.91,8
597,107119,2025-10-25,59.97,2
272,103310,2025-12-29,39.36,2
141,101734,2026-02-07,39.99,8
413,104915,2026-01-06,49.93,1
659,107910,2026-02-18,32.03,1
312,103774,2025-12-30,33.58,4
16,100238,2025-12-10,29.56,1
528,106329,2025-12-25,22.96,7
127,101563,2026-03-15,43.20,6
503,105992,2026-03-08,32.72,8
767,109154,2025-12-17,50.04,6
957,111172,2026-01-11,39.56,3
775,109244,2026-01-09,18.42,7
604,107211,2025-11-04,62.64,1
511,106125,2026-02-21,56.53,5
211,102640,2026-01-22,31.58,8
689,108287,2026-01-18,44.59,8
443,105316,2025-12-07,53.64,8
24,100344,2026-01-11,47.15,4
581,106939,2026-01-20,12.48,8
773,109226,2026-01-02,25.35,7
82,101020,2026-01-15,34.04,1
821,109725,2025-11-29,51.25,6
972,111347,2026-02-17,43.25,3
879,110367,2026-01-22,33.35,3
56,100731,2025-12-29,28.77,4
340,104045,2026-02-14,29.67,2
675,108090,2026-01-15,35.25,1
644,107728,2026-02-23,16.32,2
549,106593,2025-12-28,65.16,3
566,106802,2025-12-16,41.53,7
263,103204,2026-01-31,31.18,7
450,105349,2026-02-02,28.79,2
656,107851,2026-01-19,37.71,6
278,103373,2026-02-04,40.10,8
166,102062,2026-01-21,97.47,4
245,102989,2026-02-11,22.96,3
948,111111,2026-02-04,23.48,5
743,108914,2026-02-09,29.73,8
523,106287,2026-01-23,49.16,7
626,107483,2025-11-09,39.73,1
317,103833,2026-01-17,15.90,8
4,100048,2025-12-29,32.34,6
948,111112,2026-01-03,17.77,2
865,110200,2026-02-09,41.43,6
519,106245,2026-01-24,51.36,5
780,109307,2026-03-05,39.32,8
130,101579,2025-11-30,52.37,3
76,100957,2026-02-17,39.10,7
513,106155,2025-11-24,52.86,6
314,103816,2026-02-11,38.80,3
470,105607,2026-01-12,52.33,1
161,102019,2026-03-11,70.92,4
869,110249,2026-01-24,23.99,5
957,111180,2026-01-30,39.44,6
233,102880,2025-12-30,23.30,8
89,101111,2026-01-18,87.57,5
46,100608,2026-03-12,23.86,7
456,105411,2025-12-27,35.55,4
889,110507,2026-01-16,33.59,2
920,110822,2025-12-09,46.26,8
519,106236,2026-01-14,51.46,8
20,100288,2026-02-02,44.27,5
244,102978,2026-01-01,39.94,3
416,104956,2026-03-10,56.68,1
24,100341,2026-01-11,23.63,6
599,107138,2026-02-13,111.57,8
407,104853,2026-03-01,95.65,2
966,111270,2026-01-09,20.49,6
539,106480,2025-12-23,26.86,5
701,108388,2025-12-23,19.85,2
881,110386,2026-01-25,43.85,5
610,107287,2026-02-18,43.24,1
380,104529,2025-11-14,26.88,1
314,103803,2026-01-16,37.01,1
998,111718,2026-01-23,28.30,3
53,100712,2026-01-17,31.02,6
260,103189,2026-01-13,37.84,5
672,108061,2025-12-18,34.93,8
443,105314,2026-01-30,57.35,3
250,103059,2026-01-06,35.63,8
701,108387,2026-01-31,37.62,6
315,103821,2025-11-27,79.66,8
996,111677,2026-03-10,120.53,1
60,100786,2026-01-12,41.58,2
818,109692,2026-02-12,66.78,3
119,101458,2025-12-20,48.35,2
491,105818,2026-02-09,46.65,6
85,101053,2026-01-21,27.06,8
688,108271,2026-02-04,24.67,8
603,107199,2025-12-24,35.25,6
420,105030,2026-02-18,41.84,8
765,109144,2025-12-10,56.53,5
548,106589,2026-01-21,17.56,1
428,105143,2026-03-11,28.73,1
277,103366,2026-02-07,37.47,3
590,107046,2026-02-26,55.82,7
946,111099,2026-01-29,44.58,6
772,109211,2026-02-03,26.55,6
33,100454,2026-01-10,32.67,8
612,107305,2025-12-23,33.71,2
534,106422,2026-01-04,31.06,4
554,106666,2025-10-27,54.39,1
340,104051,2026-02-16,16.61,3
711,108521,2025-12-06,83.59,2
195,102438,2026-02-04,23.96,3
9,100106,2026-01-12,40.48,3
209,102632,2026-02-18,16.88,2
681,108150,2025-12-19,33.32,6
28,100403,2026-01-24,40.74,7
509,106098,2026-03-06,71.59,6
618,107383,2026-03-05,30.16,4
730,108773,2026-01-04,37.44,1
392,104668,2025-12-13,18.28,3
920,110823,2025-11-18,62.77,7
708,108483,2026-01-20,36.69,2
551,106628,2026-01-11,23.47,7
288,103498,2026-03-13,60.49,7
628,107526,2025-12-25,27.31,1
620,107397,2026-02-20,16.51,8
624,107465,2026-02-19,25.13,7
207,102585,2026-02-02,22.87,7
206,102556,2026-03-01,19.39,5
42,100526,2026-03-14,90.87,5
193,102429,2026-01-28,60.20,3
738,108838,2026-01-18,66.85,3
859,110118,2026-03-11,84.57,2
681,108161,2025-12-17,26.80,1
415,104938,2026-01-30,30.73,2
940,111028,2026-02-21,31.23,5
180,102248,2025-12-29,34.20,4
567,106816,2026-02-08,55.02,1
240,102951,2026-01-20,68.62,3
368,104375,2025-12-16,51.29,2
281,103407,2025-12-05,43.33,3
938,111011,2025-12-29,14.16,7
972,111353,2026-01-17,78.54,6
609,107254,2026-02-20,51.89,1
622,107443,2026-02-13,33.52,6
671,108046,2026-01-23,38.40,3
288,103499,2026-03-11,31.65,6
883,110415,2026-03-08,67.18,5
243,102975,2026-02-17,82.40,4
892,110527,2026-03-13,33.79,2
236,102911,2026-02-12,31.30,1
790,109413,2026-02-26,21.65,2
65,100820,2025-11-05,59.95,8
629,107538,2025-12-26,40.53,7
537,106443,2026-01-20,40.65,2
784,109346,2025-12-21,49.86,5
461,105457,2026-01-16,92.10,4
117,101425,2026-02-12,23.45,3
981,111484,2026-02-02,66.61,6
59,100766,2025-12-28,26.56,1
164,102044,2026-01-26,17.03,8
83,101044,2025-12-21,17.07,5
632,107558,2025-12-29,33.30,4
981,111472,2026-01-11,76.22,7
609,107265,2026-02-23,62.52,6
838,109896,2026-02-22,39.43,7
352,104195,2025-12-23,42.28,7
925,110857,2025-12-19,24.69,3
603,107204,2025-11-20,13.41,2
269,103263,2026-01-28,47.10,5
907,110697,2026-01-13,47.86,5
494,105867,2026-03-09,60.42,2
997,111700,2026-02-04,19.03,1
454,105380,2026-01-15,50.19,3
84,101049,2025-12-12,23.80,1
728,108745,2026-01-08,39.41,2
438,105277,2026-01-12,59.85,7
664,107978,2026-01-30,18.46,2
379,104508,2026-02-22,36.66,3
992,111620,2026-01-10,44.35,1
692,108325,2026-02-02,32.19,1
38,100501,2025-12-09,35.14,1
292,103568,2025-12-01,51.35,6
972,111354,2026-02-15,52.63,5
904,110665,2025-12-02,84.15,8
886,110454,2026-01-25,58.77,2
690,108305,2026-01-08,83.88,1
401,104789,2026-02-11,33.62,3
952,111139,2025-12-03,15.69,5
309,103760,2025-11-18,70.40,5
477,105688,2025-12-05,34.15,8
852,110009,2026-01-18,48.83,6
157,101943,2026-02-10,31.82,3
975,111386,2026-02-12,29.75,7
250,103056,2026-01-13,33.31,4
543,106507,2026-02-20,28.54,8
38,100494,2025-12-24,26.04,8
992,111612,2026-02-10,36.78,6
186,102322,2026-02-10,22.68,2
8,100087,2026-03-13,76.17,6
464,105527,2026-02-02,27.25,8
934,110977,2026-02-14,14.73,6
20,100295,2026-01-05,59.65,6
991,111584,2026-02-21,20.73,7
74,100934,2026-01-04,25.34,6
588,107000,2026-01-24,27.89,8
898,110617,2026-01-31,47.38,7
865,110199,2026-01-24,87.25,8
88,101095,2026-01-06,32.72,4
447,105337,2025-12-26,96.09,3
279,103390,2026-01-19,53.64,2
659,107924,2026-02-04,73.25,2
536,106441,2025-11-28,83.67,7
343,104093,2026-02-18,59.65,6
272,103309,2026-02-21,40.17,7
659,107918,2026-01-23,48.38,1
638,107648,2026-01-14,33.38,5
808,109580,2025-12-21,24.34,5
746,108949,2026-01-20,36.40,5
401,104787,2026-03-02,29.40,4
169,102104,2026-01-19,20.92,1
421,105044,2026-03-03,24.32,7
122,101493,2025-12-28,28.85,8
392,104671,2026-02-03,30.77,5
510,106106,2026-01-14,36.66,1
886,110456,2025-12-22,29.14,6
853,110046,2026-03-08,106.80,6
879,110372,2025-12-27,23.13,6
537,106457,2025-12-19,42.15,3
460,105438,2026-01-11,34.30,2
68,100848,2026-02-25,46.21,6
90,101125,2026-02-17,63.83,1
704,108429,2026-02-23,70.52,5
704,108424,2026-01-31,41.89,2
397,104734,2026-01-11,18.83,6
729,108757,2026-03-13,110.70,2
957,111168,2026-03-20,62.85,6
705,108448,2026-02-05,40.17,4
609,107263,2026-01-15,57.77,2
776,109268,2026-02-16,63.31,6
94,101185,2026-02-27,31.80,5
285,103449,2025-12-02,18.09,5
343,104099,2026-01-10,59.01,4
306,103732,2026-02-14,46.47,4
414,104933,2026-03-01,46.25,1
285,103457,2025-12-20,36.80,6
526,106314,2025-11-11,50.58,1
637,107637,2026-02-14,27.81,6
53,100709,2026-02-21,20.01,8
315,103818,2025-11-24,50.25,3
309,103763,2026-01-04,109.71,2
728,108744,2026-03-01,20.74,8
848,109980,2026-02-09,36.39,4
616,107360,2026-01-26,26.00,1
397,104740,2026-01-10,28.30,7
375,104439,2026-02-09,34.37,3
426,105107,2026-01-28,29.02,6
20,100285,2026-02-03,66.92,1
191,102393,2026-02-06,42.61,6
464,105525,2026-02-10,30.86,1
240,102946,2026-01-18,31.36,5
499,105942,2025-12-01,20.89,4
997,111705,2026-02-21,34.01,1
192,102402,2026-02-16,28.78,2
852,110025,2026-01-14,56.47,6
231,102850,2026-02-28,103.52,7
325,103887,2026-02-21,51.40,8
617,107369,2025-12-11,37.76,2
30,100430,2026-01-20,34.61,6
245,102983,2025-12-18,20.86,4
685,108248,2026-01-18,80.96,2
354,104209,2026-01-21,16.95,4
895,110573,2026-02-27,25.17,7
257,103144,2026-03-14,48.67,3
455,105393,2026-01-31,26.27,7
852,110010,2026-03-03,54.39,4
972,111360,2026-01-13,59.16,1
721,108677,2026-03-06,35.15,6
580,106921,2025-11-29,45.60,8
972,111365,2026-01-19,69.29,2
422,105058,2026-02-12,40.49,5
612,107306,2025-12-29,32.20,4
245,102999,2026-02-22,27.41,6
785,109360,2026-02-16,18.04,6
23,100325,2026-01-19,28.34,3
891,110518,2026-01-17,36.03,4
631,107547,2025-12-16,38.38,6
502,105968,2026-03-21,85.50,8
156,101912,2026-02-07,47.43,1
480,105705,2025-11-24,45.49,3
618,107374,2026-02-11,33.84,4
843,109951,2026-01-18,55.91,1
298,103641,2026-02-03,68.78,3
167,102074,2026-03-11,21.49,1
51,100669,2025-12-28,55.83,3
971,111338,2026-01-26,29.23,3
879,110359,2026-02-17,33.26,6
270,103267,2026-02-13,104.25,6
999,111726,2025-12-24,32.26,2
219,102718,2026-01-14,17.51,3
146,101796,2026-02-02,18.14,3
379,104516,2026-01-23,24.74,7
17,100253,2026-01-21,31.78,4
155,101899,2026-01-07,31.51,1
180,102249,2026-02-23,68.06,3
146,101795,2026-01-29,33.50,8
630,107546,2025-11-17,79.09,2
148,101820,2025-12-15,39.31,7
584,106961,2026-01-19,81.04,2
90,101130,2026-01-09,53.98,5
274,103320,2025-12-18,31.96,7
601,107168,2026-01-30,88.88,8
122,101489,2026-01-16,32.19,1
238,102929,2026-02-11,21.62,3
413,104919,2026-02-01,31.05,7
23,100320,2026-02-25,36.40,1
784,109347,2025-12-26,28.79,6
579,106911,2025-12-22,34.58,2
205,102536,2025-12-23,19.54,3
716,108583,2026-01-07,54.46,2
213,102665,2025-12-14,15.86,8
674,108073,2026-01-14,30.65,2
177,102186,2026-03-13,59.11,3
251,103080,2026-02-07,14.06,5
110,101373,2026-02-01,24.26,6
18,100267,2026-01-20,29.45,1
648,107749,2025-12-25,34.61,8
13,100177,2026-02-20,80.47,5
761,109106,2025-12-29,62.67,6
382,104540,2026-01-09,45.16,2
88,101092,2026-02-02,48.98,3
610,107288,2026-02-08,21.07,2
231,102843,2026-02-07,63.12,6
935,110992,2026-02-03,14.68,8
423,105066,2026-02-26,14.06,1
772,109214,2025-12-17,47.80,3
670,108040,2026-01-20,63.61,5
945,111082,2026-03-16,25.44,7
935,110995,2026-01-06,24.64,7
234,102893,2026-02-02,60.98,8
95,101209,2026-02-27,57.38,4
386,104617,2026-01-21,18.55,7
998,111722,2025-12-30,38.28,8
750,108994,2026-02-23,26.68,8
529,106350,2026-02-25,87.66,1
481,105712,2026-01-18,35.11,3
969,111312,2025-12-24,65.47,2
492,105840,2026-03-04,24.54,7
492,105830,2026-01-06,21.86,5
8,100097,2026-02-04,66.61,7
48,100639,2026-03-01,29.88,6
853,110059,2026-02-04,68.69,8
107,101331,2025-12-29,18.17,6
258,103158,2026-01-31,21.91,2
462,105478,2026-03-19,24.64,6
874,110303,2026-01-18,68.08,3
340,104049,2026-01-31,21.00,8
518,106205,2026-02-24,56.84,2
82,101018,2026-01-29,34.84,5
266,103240,2026-01-01,65.40,1
319,103856,2026-01-06,54.90,8
96,101238,2026-03-06,32.57,6
135,101648,2026-03-07,63.18,4
768,109170,2026-02-24,14.81,5
948,111125,2026-02-26,25.16,2
933,110951,2026-02-01,33.56,8
675,108092,2026-01-12,23.47,4
765,109139,2025-12-30,29.81,2
708,108489,2025-12-04,35.69,7
782,109337,2026-01-19,22.37,8
270,103266,2026-01-25,85.52,4
481,105716,2026-01-05,41.88,4
890,110514,2026-01-12,22.27,1
455,105403,2026-03-05,28.04,5
137,101672,2026-02-24,72.65,7
218,102703,2025-12-05,28.81,7
141,101732,2026-01-18,42.17,2
943,111064,2025-12-20,27.53,7
931,110934,2026-02-03,29.28,2
657,107879,2026-03-12,85.55,6
214,102677,2026-01-23,39.26,1
56,100729,2026-01-14,22.57,5
579,106917,2025-12-19,36.72,1
118,101455,2026-02-01,36.24,2
125,101508,2026-03-02,95.57,5
546,106568,2026-01-05,39.14,8
887,110473,2026-01-16,21.72,5
33,100453,2025-12-09,35.40,8
998,111713,2025-12-26,31.88,8
757,109058,2026-01-08,23.33,5
879,110360,2026-01-22,17.50,3
872,110276,2025-10-30,50.81,3
557,106688,2026-03-05,32.77,3
759,109081,2025-12-29,52.50,1
225,102775,2026-02-05,56.48,6
500,105948,2025-12-22,38.21,8
356,104231,2026-02-08,24.11,3
709,108499,2026-02-28,27.68,4
1,100003,2026-01-26,72.45,8
218,102706,2025-11-23,38.31,7
887,110460,2026-01-09,30.70,1
44,100571,2026-02-09,41.32,4
945,111085,2026-01-17,62.34,1
738,108848,2026-01-12,62.28,2
186,102341,2026-01-08,33.63,6
512,106134,2026-01-24,18.99,1
689,108299,2026-01-10,51.91,8
184,102278,2026-02-22,53.13,3
867,110215,2026-01-16,30.07,6
852,110019,2026-02-06,74.75,6
540,106493,2026-01-30,45.30,6
679,108130,2026-02-24,24.60,7
124,101503,2025-12-23,38.47,7
82,101023,2026-02-28,31.02,5
468,105579,2026-01-18,54.39,2
665,107988,2025-11-30,42.52,7
719,108640,2026-01-14,32.73,4
900,110629,2026-01-05,32.81,3
717,108611,2026-02-13,38.15,7
117,101434,2026-03-01,31.85,7
907,110694,2026-01-06,31.77,3
156,101911,2026-01-27,30.61,3
642,107705,2026-02-05,40.92,1
823,109751,2025-12-27,20.79,8
597,107116,2025-11-24,46.25,3
969,111314,2026-01-21,60.67,2
250,103070,2026-02-28,36.28,2
166,102061,2026-03-13,99.42,4
97,101244,2025-12-23,22.52,3
822,109740,2026-01-23,23.03,7
680,108146,2026-01-17,22.31,6
606,107226,2025-12-04,19.51,8
499,105937,2025-11-24,26.03,5
916,110790,2026-02-03,48.23,7
891,110520,2026-01-10,29.68,6
2,100019,2026-01-04,66.02,1
531,106394,2026-03-08,27.06,7
290,103523,2026-03-10,13.35,7
650,107771,2026-01-15,17.23,4
717,108603,2026-01-24,51.45,8
225,102789,2026-02-09,81.92,3
535,106432,2025-12-30,58.62,2
762,109118,2026-01-09,31.33,4
466,105546,2026-01-23,29.95,5
848,109990,2026-01-15,32.87,7
288,103484,2026-02-24,36.84,7
759,109086,2025-12-28,35.70,1
494,105856,2026-03-09,85.64,6
909,110716,2026-01-30,45.36,7
114,101416,2026-03-10,22.93,5
186,102337,2026-02-12,13.39,4
853,110049,2026-02-06,46.41,8
293,103572,2025-12-08,25.43,6
684,108212,2026-02-27,63.61,6
841,109931,2026-01-25,22.78,5
745,108932,2026-01-14,29.26,5
209,102618,2026-02-12,34.73,4
919,110814,2026-02-15,66.32,5
10,100133,2026-02-02,53.76,4
723,108709,2025-12-22,80.40,7
998,111712,2026-02-13,45.19,6
808,109573,2026-01-27,24.80,2
489,105796,2025-12-30,41.17,3
23,100327,2026-01-25,21.58,3
991,111583,2026-01-27,20.97,4
881,110381,2026-01-15,15.90,3
298,103653,2026-02-18,74.60,8
640,107687,2026-02-17,43.19,2
401,104780,2026-03-06,38.22,6
779,109304,2026-01-15,26.69,7
461,105468,2026-03-08,88.82,5
931,110938,2026-03-06,32.73,6
76,100960,2026-02-26,38.53,3
769,109182,2026-01-06,33.38,2
877,110334,2026-02-27,18.54,7
829,109813,2025-12-15,36.03,3
543,106517,2026-01-26,28.26,3
680,108145,2026-01-08,25.90,6
623,107455,2026-01-18,48.32,4
153,101881,2026-01-04,46.59,2
483,105764,2026-02-09,32.30,7
63,100806,2025-12-24,28.72,3
601,107180,2026-03-04,58.72,3
457,105418,2025-11-22,70.81,3
203,102514,2025-11-13,38.22,5
612,107316,2026-01-16,20.02,4
481,105714,2026-02-25,18.65,7
138,101700,2025-11-27,28.08,8
319,103863,2026-02-06,27.60,5
981,111458,2026-03-01,55.26,4
615,107344,2025-12-16,21.15,7
211,102639,2025-12-27,18.95,8
934,110969,2026-03-04,20.60,7
939,111020,2025-11-10,63.03,6
188,102357,2026-01-14,29.70,5
70,100904,2026-02-10,53.93,2
596,107109,2025-11-05,33.84,5
211,102643,2026-01-03,22.73,3
877,110335,2026-01-29,23.28,4
990,111565,2026-01-22,28.73,7
494,105855,2026-03-12,96.87,2
224,102767,2025-11-06,24.30,5
908,110702,2025-11-10,91.07,3
879,110354,2026-01-28,15.09,7
456,105409,2026-01-15,42.56,5
82,101031,2026-01-28,24.20,1
465,105538,2025-12-08,42.03,6
553,106647,2025-12-30,48.40,6
428,105121,2026-02-11,36.07,3
238,102939,2026-03-02,38.65,2
112,101387,2026-02-27,26.15,7
637,107629,2026-02-27,39.02,5
493,105852,2026-02-21,38.85,5
810,109604,2026-01-30,35.19,5
832,109838,2026-01-02,59.74,5
513,106150,2026-01-10,43.59,8
509,106088,2026-02-25,48.18,3
706,108461,2026-02-15,33.74,8
368,104374,2025-12-01,98.25,7
528,106332,2026-01-23,23.24,3
788,109391,2026-03-02,17.57,2
802,109502,2026-02-09,30.99,4
9,100113,2026-01-08,34.66,8
748,108961,2026-01-10,23.83,3
410,104893,2026-01-18,18.62,3
45,100593,2026-03-06,56.78,5
481,105719,2026-02-06,23.82,8
494,105858,2026-01-06,112.33,6
326,103912,2026-01-13,55.64,4
945,111086,2026-01-09,35.95,6
402,104804,2026-01-21,31.17,6
342,104075,2026-01-21,18.66,7
473,105645,2025-12-19,41.14,4
852,110040,2026-02-26,63.95,3
832,109843,2026-01-04,45.67,1
415,104947,2026-02-18,17.06,8
24,100339,2026-03-07,25.62,1
996,111692,2026-01-13,101.64,5
63,100807,2026-02-01,15.81,1
959,111209,2025-12-28,41.74,4
367,104365,2026-01-06,25.29,3
510,106104,2026-01-24,48.34,3
816,109674,2026-01-09,37.49,2
753,109033,2026-02-04,31.46,6
932,110945,2025-12-15,93.06,7
537,106445,2026-02-20,19.09,8
411,104904,2026-01-20,52.75,2
967,111305,2026-02-09,42.64,1
291,103546,2026-03-05,122.65,8
863,110168,2025-11-19,38.03,4
681,108153,2026-01-11,31.92,7
166,102059,2026-01-07,66.93,1
63,100796,2026-01-13,24.11,2
609,107248,2026-01-21,37.48,8
250,103057,2026-02-22,40.48,1
57,100747,2026-01-28,30.38,4
847,109961,2026-02-09,39.43,4
487,105781,2026-01-30,33.03,5
671,108042,2026-02-28,45.53,4
497,105917,2026-01-16,22.75,6
340,104041,2026-02-22,18.83,2
266,103244,2026-01-08,64.84,7
307,103749,2026-02-15,38.16,8
425,105093,2026-01-12,68.38,7
392,104665,2025-12-21,19.22,5
776,109256,2026-01-13,60.45,4
913,110754,2026-03-06,19.65,1
581,106927,2026-01-05,27.66,2
250,103068,2026-01-19,41.49,8
192,102408,2025-12-26,25.19,6
461,105465,2026-02-16,49.86,4
909,110720,2026-02-17,64.01,3
493,105850,2026-01-19,38.89,2
161,102007,2026-02-26,32.52,1
971,111339,2026-03-06,22.93,6
557,106683,2026-02-10,31.55,7
51,100672,2026-02-11,24.87,4
409,104872,2025-12-18,88.92,3
817,109680,2026-01-08,83.88,5
565,106796,2025-12-25,31.17,2
263,103203,2026-01-23,29.42,2
241,102955,2026-03-15,16.63,7
382,104538,2025-12-29,23.89,7
59,100769,2025-12-31,41.87,3
160,101988,2026-01-22,24.55,7
551,106629,2026-02-02,41.01,4
360,104291,2025-12-26,49.89,8
801,109497,2026-01-30,27.30,6
472,105626,2025-12-14,32.20,2
858,110102,2026-03-05,15.17,3
132,101607,2026-01-02,39.21,5
297,103614,2026-01-27,30.16,4
644,107724,2026-02-19,24.36,3
307,103747,2026-02-04,35.67,5
622,107441,2026-02-17,30.05,6
209,102630,2026-02-11,20.48,7
838,109897,2026-01-22,23.11,6
773,109216,2026-01-28,46.84,2
181,102261,2025-12-29,56.09,7
664,107982,2026-02-28,25.65,1
90,101127,2026-01-13,60.58,4
338,104030,2025-10-29,84.65,7
692,108320,2025-12-14,25.99,3
329,103941,2025-12-19,42.16,2
122,101487,2025-12-27,25.85,8
941,111044,2026-01-19,48.07,1
478,105694,2026-01-06,33.13,7
795,109435,2026-02-06,39.98,1
195,102442,2026-01-26,55.49,2
177,102202,2026-02-26,54.60,1
697,108357,2025-12-18,24.69,6
550,106627,2026-02-26,56.70,3
720,108667,2026-01-30,37.53,8
327,103925,2026-02-03,18.36,8
841,109927,2026-01-22,28.43,8
563,106770,2026-01-08,14.02,5
724,108720,2026-02-10,53.34,2
610,107285,2025-12-19,19.55,6
384,104578,2026-01-11,38.52,3
436,105227,2026-01-19,76.44,7
976,111403,2026-01-20,52.16,1
994,111666,2026-02-08,28.61,4
160,101986,2026-02-16,52.58,8
251,103073,2026-02-06,22.92,5
760,109096,2026-01-06,40.95,8
127,101560,2026-02-15,75.82,4
704,108438,2026-02-25,34.71,1
738,108846,2026-01-29,73.31,6
319,103865,2026-02-08,38.61,6
421,105054,2026-01-15,24.60,5
390,104658,2026-01-26,36.29,6
906,110689,2026-01-27,20.47,7
237,102926,2025-11-20,12.03,1
472,105632,2025-12-13,40.65,8
186,102324,2026-02-05,31.74,2
827,109785,2026-02-18,105.45,2
192,102401,2026-02-24,40.13,7
401,104781,2026-03-12,20.83,6
644,107722,2026-01-07,23.05,4
276,103347,2026-02-06,32.26,3
383,104552,2026-02-21,24.77,6
548,106588,2026-02-17,28.89,6
86,101085,2025-12-22,37.21,2
50,100660,2026-02-10,17.94,3
223,102753,2025-11-21,22.59,7
218,102701,2025-11-01,44.78,5
179,102231,2026-02-03,43.47,8
461,105471,2026-02-27,87.56,6
289,103501,2026-01-17,24.58,4
758,109069,2026-02-07,46.95,8
847,109972,2026-01-18,37.90,1
609,107262,2026-02-19,47.29,4
567,106810,2026-01-31,35.54,6
785,109364,2026-01-20,34.75,4
759,109074,2025-12-29,51.05,8
776,109258,2026-01-01,44.33,1
387,104638,2026-01-11,27.19,3
233,102878,2026-02-10,28.00,6
544,106536,2026-01-04,82.74,2
229,102832,2026-01-24,32.08,3
839,109911,2026-01-12,31.67,3
905,110675,2026-01-19,44.39,4
503,105995,2026-02-09,21.48,5
970,111320,2025-12-17,11.68,3
267,103246,2026-01-01,24.20,4
948,111110,2026-01-14,24.31,7
948,111119,2026-02-20,30.53,3
687,108267,2026-01-15,30.16,2
248,103024,2026-03-05,25.08,4
940,111031,2026-01-28,31.69,3
46,100597,2026-02-13,47.15,3
973,111374,2025-11-28,45.24,1
390,104656,2026-02-11,32.99,4
930,110921,2026-01-15,60.65,8
93,101178,2025-10-28,74.92,8
699,108368,2026-03-12,22.81,7
42,100540,2026-01-08,72.26,3
238,102932,2026-02-27,19.19,2
420,105015,2026-01-06,45.78,5
914,110772,2026-01-06,74.88,1
291,103558,2026-01-12,88.77,5
528,106336,2025-12-18,36.90,6
137,101685,2026-03-04,39.20,7
465,105539,2025-12-25,31.83,5
49,100647,2026-01-31,35.92,3
69,100886,2026-02-20,20.22,4
480,105708,2025-12-24,52.20,4
444,105318,2026-02-03,25.09,4
774,109238,2026-01-26,14.32,7
976,111412,2026-03-12,39.19,1
677,108110,2025-12-19,50.64,7
977,111413,2026-02-09,37.68,8
14,100203,2026-02-09,23.40,7
870,110256,2026-01-22,19.50,5
239,102944,2025-12-08,51.13,3
425,105091,2026-01-10,37.14,5
27,100373,2026-02-13,81.04,2
223,102752,2026-01-17,28.48,1
729,108760,2026-02-27,74.72,3
670,108038,2026-02-05,75.60,5
757,109056,2026-01-15,21.17,6
848,109994,2026-01-24,33.61,1
704,108410,2026-02-13,33.94,8
466,105555,2026-02-13,37.79,1
409,104873,2025-12-23,52.53,1
665,107992,2025-12-28,28.50,5
705,108455,2026-02-11,20.73,8
764,109135,2026-01-25,55.46,6
143,101760,2025-12-24,32.34,5
307,103755,2026-01-15,32.59,8
710,108512,2026-03-02,60.81,4
902,110645,2026-02-22,23.16,6
536,106438,2026-01-06,69.48,8
505,106016,2026-03-04,42.27,2
530,106377,2026-02-25,37.88,7
992,111604,2026-01-17,52.22,3
518,106215,2026-01-13,37.88,6
416,104960,2026-03-05,117.31,2
79,100984,2025-12-31,30.97,8
82,101033,2026-01-22,27.95,6
325,103891,2026-02-09,82.36,5
965,111263,2026-02-17,32.61,2
624,107467,2026-01-18,24.37,3
406,104836,2026-03-01,46.11,5
66,100828,2026-01-10,60.41,1
51,100671,2026-02-25,33.11,8
788,109382,2026-01-08,18.79,6
902,110640,2026-02-26,26.36,3
236,102916,2026-01-13,29.43,4
403,104820,2025-12-21,45.09,4
417,104982,2026-01-14,33.32,4
517,106193,2026-03-06,31.40,4
890,110509,2026-02-10,57.97,1
299,103670,2026-01-28,77.95,3
518,106201,2026-01-09,50.97,3
317,103840,2026-01-08,35.51,3
421,105047,2026-01-06,36.95,6
745,108930,2026-01-28,28.27,8
578,106896,2026-01-09,41.53,8
859,110121,2026-02-21,71.26,5
660,107938,2026-01-30,12.59,3
293,103574,2026-01-31,24.24,8
865,110180,2026-03-04,91.00,8
841,109924,2026-01-14,25.06,1
519,106244,2026-03-12,76.11,6
396,104727,2026-02-21,30.46,5
388,104640,2026-01-22,21.53,8
407,104847,2026-02-21,98.22,3
977,111425,2026-02-03,32.79,2
345,104129,2026-02-11,26.65,3
450,105354,2026-01-02,18.70,5
702,108396,2025-12-18,18.97,8
518,106198,2026-02-12,45.77,2
959,111211,2025-12-17,20.75,5
9,100108,2026-02-03,35.92,1
718,108638,2026-02-09,26.49,5
152,101868,2025-12-10,20.59,2
82,101032,2026-02-09,17.82,2
989,111555,2025-12-19,67.36,7
352,104197,2025-12-17,31.55,1
813,109624,2026-02-07,26.71,8
818,109682,2026-03-11,110.02,7
718,108629,2026-01-08,18.48,5
859,110123,2026-01-14,48.90,5
131,101591,2026-02-18,17.40,2
207,102580,2026-02-28,17.50,1
529,106359,2026-01-15,90.77,6
494,105870,2026-02-26,68.99,4
615,107340,2025-11-19,23.77,5
743,108913,2026-02-22,40.17,3
289,103515,2026-01-07,16.63,7
634,107583,2026-03-02,19.98,8
735,108812,2026-01-20,41.47,3
700,108383,2026-01-12,21.51,3
721,108683,2026-02-17,56.13,5
236,102915,2026-01-23,14.97,3
785,109352,2026-01-20,17.96,3
623,107459,2026-01-13,30.89,3
828,109806,2026-02-16,37.74,7
998,111723,2026-01-31,32.88,3
13,100180,2026-03-08,71.48,6
743,108910,2026-02-13,14.78,6
943,111063,2025-12-17,47.50,6
189,102376,2026-02-14,18.30,4
502,105973,2026-02-15,46.41,4
176,102171,2026-02-15,23.56,8
542,106501,2025-11-09,29.22,2
146,101798,2026-01-25,15.46,6
788,109384,2026-02-07,27.33,7
203,102509,2025-11-28,39.80,2
882,110412,2026-02-21,28.94,4
966,111274,2026-03-08,33.11,6
585,106974,2025-12-30,28.50,4
275,103334,2026-02-16,42.02,7
258,103155,2026-01-13,19.05,1
343,104094,2026-02-09,41.54,6
17,100260,2026-01-25,15.93,4
702,108395,2025-12-27,39.85,5
674,108065,2026-02-08,33.90,8
930,110905,2026-01-19,51.15,1
835,109861,2025-11-23,94.91,3
699,108374,2026-01-27,32.34,1
135,101646,2026-02-01,103.25,7
120,101466,2025-12-24,19.01,7
123,101500,2025-12-13,41.39,3
686,108257,2026-02-01,28.65,8
70,100897,2026-02-11,61.32,1
72,100924,2026-01-04,17.52,4
220,102723,2026-02-14,39.86,1
834,109850,2025-12-23,32.58,6
548,106590,2026-01-09,29.12,4
126,101533,2026-02-13,36.97,3
505,106042,2026-02-15,62.57,7
772,109207,2026-01-30,26.77,4
893,110549,2026-01-12,39.72,8
167,102075,2026-03-13,28.39,7
267,103253,2025-12-29,28.23,5
635,107602,2025-12-16,56.05,7
792,109418,2026-01-15,60.78,8
981,111462,2026-03-02,52.05,7
696,108347,2026-02-03,62.40,8
387,104632,2026-02-26,27.82,6
320,103867,2025-12-16,32.63,2
388,104643,2026-02-08,51.08,7
464,105511,2026-01-25,18.84,4
176,102175,2026-02-11,25.08,5
215,102688,2025-11-08,39.22,6
455,105395,2026-02-18,17.03,6
88,101091,2025-12-12,47.83,8
377,104491,2025-12-04,19.50,7
685,108235,2026-03-04,69.94,1
203,102511,2025-11-29,36.03,5
72,100925,2025-11-11,38.55,6
628,107519,2026-02-21,41.72,5
834,109855,2025-12-19,25.81,2
926,110866,2026-02-13,34.66,7
607,107236,2026-01-14,61.81,7
305,103717,2026-01-13,35.38,7
628,107525,2026-02-20,33.77,5
421,105040,2026-02-20,23.49,5
983,111496,2026-01-10,29.17,1
105,101309,2025-12-19,27.30,4
395,104702,2026-02-06,110.65,6
420,105020,2026-02-07,62.33,2
52,100691,2026-02-19,32.98,7
971,111325,2026-01-05,19.88,3
348,104160,2026-02-27,33.52,3
607,107237,2026-02-01,35.47,6
590,107024,2026-03-17,64.22,8
967,111306,2026-01-11,75.13,8
534,106419,2026-02-16,35.75,7
431,105180,2026-02-15,15.26,8
814,109645,2025-12-02,40.12,1
633,107576,2026-02-03,29.87,6
706,108474,2026-01-08,35.30,2
297,103615,2026-01-03,32.38,2
927,110877,2026-02-06,52.17,5
435,105223,2026-01-06,50.77,2
969,111315,2025-12-29,83.47,3
382,104544,2025-12-22,40.68,1
101,101278,2026-03-05,86.83,2
644,107721,2026-02-04,27.29,1
494,105863,2026-01-16,89.25,8
249,103050,2026-01-01,34.60,4
343,104098,2026-02-24,65.51,6
323,103876,2025-11-14,60.65,8
668,108025,2026-01-20,23.48,5
387,104620,2026-01-13,14.24,3
981,111460,2026-01-29,50.50,1
495,105885,2026-01-27,16.20,7
220,102739,2026-01-28,37.97,2
376,104480,2026-02-02,59.07,5
883,110434,2026-02-24,33.17,3
640,107685,2026-02-18,21.26,8
158,101945,2025-12-23,37.85,7
27,100391,2026-01-25,69.44,6
117,101438,2026-03-14,15.90,7
561,106744,2026-02-24,15.55,7
812,109614,2026-02-02,43.16,8
683,108182,2026-02-14,45.84,4
225,102778,2026-02-05,81.79,8
89,101102,2026-02-08,86.16,1
875,110319,2025-12-19,34.16,2
241,102958,2026-03-11,22.99,2
526,106310,2025-11-01,105.05,5
942,111054,2026-01-31,36.49,1
307,103742,2026-03-03,29.94,2
47,100618,2026-01-20,39.24,6
108,101355,2026-01-20,25.89,6
279,103381,2026-01-09,47.56,6
483,105769,2025-12-22,30.61,1
668,108011,2026-02-10,27.86,8
827,109793,2026-03-06,105.74,3
892,110542,2026-02-25,15.32,3
193,102427,2026-01-19,37.77,6
740,108890,2026-01-02,30.71,5
801,109487,2026-02-24,19.49,6
431,105178,2026-01-31,14.09,7
515,106172,2025-12-24,29.41,5
644,107723,2026-01-21,15.68,5
90,101138,2026-02-17,37.47,2
988,111540,2026-01-31,18.86,1
760,109090,2026-01-04,21.19,3
462,105491,2026-02-05,23.21,1
754,109035,2025-11-22,55.14,2
582,106948,2025-12-11,12.15,5
126,101538,2026-01-08,38.26,6
250,103061,2026-01-21,15.41,3
675,108087,2025-12-16,28.87,1
717,108599,2026-01-15,45.48,1
402,104795,2026-02-23,28.17,2
397,104736,2026-01-21,40.17,4
557,106698,2026-01-10,23.50,1
90,101147,2026-02-24,56.06,6
383,104559,2026-01-27,19.30,3
554,106663,2025-11-15,36.94,1
90,101122,2026-02-24,71.02,5
385,104584,2026-01-13,13.65,4
75,100952,2025-12-10,41.56,8
131,101589,2026-01-10,38.32,3
902,110654,2026-03-03,21.94,3
401,104792,2026-01-12,21.13,3
545,106547,2026-02-10,15.85,7
2,100012,2026-02-23,46.47,4
652,107807,2026-03-17,56.87,3
972,111357,2026-03-16,71.36,5
464,105529,2026-02-08,24.21,3
865,110185,2026-03-06,86.06,6
589,107006,2026-03-10,22.06,7
767,109162,2026-01-27,27.21,6
608,107244,2026-01-06,65.77,3
208,102597,2026-02-13,43.22,1
753,109029,2026-01-21,38.59,4
589,107008,2026-03-05,42.51,1
750,108988,2026-01-21,24.97,1
338,104028,2025-11-26,56.77,5
613,107322,2026-01-26,17.39,7
876,110326,2026-01-03,27.52,1
232,102871,2026-01-04,23.66,2
739,108869,2026-02-25,18.00,6
43,100549,2026-02-25,20.74,6
992,111614,2026-03-01,42.29,6
137,101687,2026-03-11,49.86,4
732,108786,2026-01-23,60.42,6
41,100515,2025-11-27,47.15,2
195,102446,2025-12-29,58.02,8
91,101160,2026-02-24,24.63,2
610,107280,2026-02-14,47.33,8
473,105639,2026-01-29,33.05,3
452,105365,2025-11-29,117.22,7
68,100851,2026-02-04,67.17,3
417,104991,2026-02-27,13.45,1
89,101106,2026-02-12,50.86,4
155,101906,2026-02-07,20.59,2
850,110003,2026-01-08,102.90,1
831,109830,2025-12-06,18.64,5
57,100734,2026-02-03,21.01,2
286,103462,2026-01-29,16.26,5
644,107719,2026-01-12,29.91,3
463,105499,2026-03-01,28.84,4
22,100318,2026-02-15,56.12,7
505,106029,2026-01-27,54.63,3
105,101308,2026-01-20,31.89,7
548,106583,2026-01-30,43.48,3
940,111038,2025-12-29,27.48,6
797,109466,2026-02-20,19.91,3
441,105307,2026-02-24,51.93,3
638,107661,2026-02-01,48.21,2
991,111600,2026-02-16,16.34,4
231,102839,2026-02-14,95.91,6
745,108940,2026-01-23,34.91,2
749,108977,2026-01-17,19.54,5
664,107980,2026-02-11,23.42,6
502,105985,2026-03-23,68.57,8
900,110627,2026-01-26,47.60,4
238,102937,2026-02-05,25.91,3
780,109316,2026-02-20,18.33,1
325,103896,2026-03-07,75.95,5
86,101072,2026-01-22,28.35,3
976,111400,2026-02-14,43.05,8
924,110850,2025-11-08,22.03,7
77,100967,2026-01-22,11.29,3
247,103018,2026-02-26,23.51,5
593,107074,2026-01-19,37.79,7
622,107432,2026-02-21,12.32,6
822,109738,2026-01-05,22.67,7
190,102382,2026-01-11,44.00,8
368,104378,2025-12-28,83.12,3
627,107505,2026-02-04,21.82,7
324,103881,2026-01-05,21.44,3
231,102847,2026-03-06,66.77,1
436,105245,2026-02-27,63.38,1
508,106073,2026-01-22,71.33,3
616,107358,2026-02-12,46.36,3
601,107184,2026-01-18,57.31,3
537,106451,2026-02-23,24.63,1
858,110098,2026-03-13,38.43,6
821,109726,2025-12-31,51.60,4
669,108036,2025-11-28,42.08,2
499,105944,2025-11-19,39.81,2
508,106072,2025-12-22,83.23,8
492,105826,2026-01-19,39.76,5
470,105606,2026-02-14,87.59,5
754,109039,2025-12-06,30.94,2
610,107293,2026-02-12,34.64,3
343,104105,2026-02-14,77.38,8
27,100386,2026-01-13,59.90,3
185,102316,2026-03-13,25.77,1
740,108880,2026-01-17,22.91,8
105,101315,2025-12-20,47.28,8
188,102348,2026-01-29,49.89,8
992,111621,2026-02-17,62.62,4
147,101810,2025-11-30,17.57,8
829,109820,2026-02-08,25.11,3
745,108933,2026-03-14,27.69,5
124,101505,2025-12-02,44.62,1
621,107421,2026-03-02,19.11,3
716,108574,2026-02-16,61.36,4
894,110564,2025-11-27,47.70,8
708,108481,2026-01-02,24.81,1
176,102178,2026-01-05,12.82,7
883,110436,2026-02-18,34.42,4
422,105059,2026-02-04,87.80,8
420,105016,2026-01-04,71.53,1
550,106621,2026-02-23,40.08,1
897,110600,2026-01-01,34.17,6
859,110122,2026-03-11,61.97,2
383,104561,2026-03-11,20.56,5
482,105743,2026-01-13,60.64,3
365,104333,2026-01-07,19.58,6
801,109494,2026-01-28,15.16,3
140,101720,2026-02-08,15.36,3
869,110245,2025-12-28,54.22,4
18,100266,2025-12-31,43.15,5
543,106505,2026-03-12,29.01,1
312,103768,2026-01-09,12.82,2
431,105172,2026-02-18,34.30,8
638,107672,2026-03-13,71.88,4
417,104985,2026-03-05,30.45,8
528,106324,2026-01-06,17.95,5
11,100149,2026-01-06,14.92,4
941,111046,2026-01-23,58.65,2
185,102312,2026-01-07,17.72,4
283,103430,2026-01-09,48.38,2
366,104354,2026-01-30,32.47,2
599,107151,2026-01-01,62.72,6
19,100276,2025-12-16,33.12,8
779,109301,2026-01-15,47.75,1
940,111033,2026-02-26,18.95,6
104,101303,2025-12-22,31.23,6
636,107617,2026-01-18,23.52,2
870,110254,2025-12-19,26.70,8
543,106516,2026-02-08,19.23,6
326,103908,2025-12-10,33.22,8
24,100333,2026-02-03,45.25,3
734,108800,2026-02-08,18.57,6
94,101200,2026-01-12,17.32,1
561,106748,2026-01-10,27.27,1
863,110166,2025-11-21,24.44,3
224,102761,2025-12-10,47.18,7
599,107154,2026-02-01,106.37,1
595,107103,2026-02-11,32.19,4
244,102979,2025-12-13,24.36,2
964,111249,2026-01-20,19.02,6
127,101570,2026-01-16,74.83,5
988,111541,2026-01-12,39.31,2
709,108501,2026-01-05,38.56,2
832,109837,2026-01-27,39.46,8
883,110430,2026-02-15,65.53,3
174,102157,2025-11-14,50.51,5
695,108342,2025-11-12,59.79,3
966,111278,2026-03-13,19.25,8
917,110796,2025-12-28,29.29,2
731,108781,2026-01-12,50.79,3
132,101602,2026-01-26,59.82,8
24,100334,2026-01-13,47.16,7
939,111017,2025-12-09,51.60,8
767,109159,2026-02-06,29.46,7
238,102930,2026-01-23,44.85,7
68,100870,2026-01-02,43.23,5
365,104339,2026-02-08,31.98,2
176,102185,2026-01-04,20.11,3
593,107086,2026-02-23,26.08,5
952,111138,2025-12-01,26.86,5
588,106999,2026-01-23,19.27,6
553,106646,2025-12-31,39.27,8
913,110751,2026-02-13,38.64,7
654,107838,2025-12-27,20.70,5
208,102605,2026-02-22,59.28,1
670,108037,2025-12-17,31.00,6
753,109015,2026-01-26,29.18,5
82,101036,2026-02-08,16.26,4
369,104394,2026-03-15,78.61,5
568,106819,2026-01-08,14.62,4
343,104106,2026-01-11,48.78,5
188,102349,2026-02-06,33.17,7
138,101703,2025-12-01,55.21,2
500,105947,2025-12-22,48.46,2
71,100915,2026-02-16,22.17,6
873,110280,2025-12-27,50.33,2
28,100407,2026-02-08,69.59,2
961,111228,2025-12-31,32.29,7
48,100636,2026-03-06,18.64,3
716,108582,2026-03-09,41.05,2
618,107382,2026-03-14,21.83,8
354,104214,2026-01-02,34.20,3
992,111619,2026-02-23,34.54,5
337,104019,2026-01-31,31.55,2
206,102555,2026-03-16,16.52,7
179,102235,2026-02-14,15.33,2
604,107209,2025-12-07,34.13,8
529,106343,2026-01-13,94.88,8
14,100212,2026-03-07,13.11,7
127,101553,2026-03-19,63.69,5
344,104125,2026-02-15,23.99,7
312,103783,2026-01-05,14.88,6
841,109926,2026-03-05,33.74,3
154,101888,2026-02-06,39.97,3
923,110844,2025-11-18,46.07,8
815,109652,2026-01-13,29.90,5
146,101809,2026-01-28,26.61,4
127,101546,2026-01-27,91.49,1
231,102841,2026-01-14,60.26,8
236,102924,2025-12-25,37.51,5
32,100443,2026-01-23,89.95,2
2,100024,2026-02-23,64.21,6
170,102130,2026-02-24,32.62,6
729,108758,2026-03-11,80.45,5
721,108684,2026-01-24,70.26,1
239,102945,2026-02-02,56.33,7
967,111288,2026-01-13,72.96,5
341,104066,2025-12-30,51.23,5
930,110913,2026-01-05,72.12,2
203,102518,2025-12-11,21.56,3
407,104849,2026-02-02,64.91,5
400,104771,2025-11-21,33.97,7
813,109632,2026-01-08,25.57,8
813,109630,2026-02-20,38.96,4
546,106567,2026-02-13,42.25,8
859,110119,2026-02-10,54.02,5
81,101009,2025-11-22,40.24,4
638,107659,2026-02-11,33.76,4
767,109156,2026-02-18,43.12,5
956,111164,2025-10-30,104.44,4
579,106908,2025-12-20,32.61,4
997,111699,2026-01-25,23.54,5
704,108434,2026-02-05,39.25,1
704,108406,2026-02-07,67.31,5
734,108803,2026-03-02,46.40,5
185,102310,2026-03-15,21.75,7
528,106327,2026-02-08,17.92,8
377,104495,2026-01-01,39.65,7
639,107678,2025-12-07,34.82,3
768,109169,2026-02-03,25.06,4
122,101491,2025-12-22,16.22,4
492,105835,2026-02-08,23.11,3
407,104866,2026-01-16,78.52,4
499,105934,2026-01-23,25.05,7
177,102191,2026-01-13,93.47,6
677,108114,2025-11-12,60.64,1
38,100495,2025-12-30,29.51,2
212,102656,2025-12-12,68.70,8
132,101614,2026-01-12,67.98,2
768,109173,2026-01-12,29.44,5
30,100428,2025-11-25,14.64,6
410,104894,2026-03-02,16.41,5
984,111517,2025-12-18,34.44,5
415,104946,2026-02-17,23.97,7
640,107689,2026-01-16,23.74,6
459,105433,2025-12-14,36.99,3
523,106282,2026-02-17,39.96,4
780,109314,2026-02-25,35.39,6
143,101751,2026-02-24,19.50,5
12,100166,2025-12-29,33.77,3
688,108286,2026-02-02,16.02,4
63,100803,2025-12-30,32.87,3
398,104750,2026-01-06,29.76,2
828,109812,2025-12-26,37.69,8
926,110863,2026-02-23,22.76,7
497,105909,2026-01-22,34.02,7
220,102730,2026-01-29,32.98,7
385,104583,2026-01-04,34.07,3
11,100145,2026-01-22,17.59,6
125,101524,2026-01-15,50.55,1
599,107139,2026-01-06,70.58,7
343,104088,2026-01-19,48.57,8
593,107078,2026-01-07,17.16,7
704,108417,2026-03-06,44.26,3
495,105876,2026-01-01,15.12,3
92,101175,2025-12-31,60.13,7
993,111639,2026-02-03,32.84,2
760,109098,2026-01-10,28.73,2
93,101179,2025-11-20,70.12,6
814,109643,2025-12-31,26.16,1
636,107628,2026-03-04,15.25,6
712,108531,2025-12-21,35.31,1
208,102603,2026-01-26,88.78,5
88,101088,2026-02-03,21.04,3
326,103913,2026-01-20,47.27,8
531,106383,2026-03-13,33.81,2
117,101431,2026-02-15,30.54,4
168,102088,2025-12-16,24.26,6
369,104392,2026-01-26,39.76,1
482,105740,2026-02-06,76.58,3
719,108652,2026-02-05,29.38,6
463,105500,2026-02-17,44.71,7
82,101022,2026-03-05,23.88,6
705,108441,2026-02-01,17.93,8
112,101395,2026-02-24,25.78,7
87,101086,2026-01-19,12.53,7
669,108032,2025-12-02,34.41,3
136,101660,2026-01-25,58.14,5
933,110959,2026-01-14,28.18,1
553,106651,2026-01-23,29.68,2
114,101407,2026-03-10,22.76,7
607,107240,2025-12-28,22.07,5
868,110228,2026-01-08,45.96,8
882,110396,2026-01-18,20.96,2
706,108473,2026-02-23,22.80,1
519,106253,2026-02-24,71.58,3
34,100457,2025-12-25,34.41,5
882,110398,2026-03-04,22.94,4
477,105680,2026-01-11,41.09,7
885,110449,2025-11-29,25.52,1
764,109128,2026-01-24,56.18,6
135,101642,2026-01-10,70.66,6
470,105591,2026-01-20,66.09,3
410,104897,2025-12-29,24.19,8
739,108856,2026-01-16,24.63,3
851,110007,2025-11-15,12.78,6
348,104158,2026-02-04,28.42,3
480,105704,2026-01-10,35.97,7
729,108753,2026-01-12,87.25,7
681,108156,2025-11-28,15.04,7
142,101746,2026-01-03,33.65,5
581,106944,2026-01-07,18.28,2
852,110013,2026-03-05,67.55,4
434,105217,2025-12-13,38.70,2
530,106376,2026-01-22,17.27,3
827,109788,2026-02-15,116.66,6
735,108810,2026-02-18,50.60,8
592,107068,2026-01-20,13.71,8
317,103827,2025-12-28,15.18,7
852,110015,2026-01-12,58.85,7
933,110962,2026-02-14,32.98,7
649,107755,2026-01-03,48.81,3
537,106459,2026-01-23,37.53,1
407,104861,2026-03-07,59.07,1
870,110262,2025-12-18,15.26,2
737,108827,2026-01-08,34.03,8
664,107987,2026-01-21,34.81,5
150,101841,2026-03-06,16.14,8
114,101410,2026-01-09,47.15,7
350,104183,2026-02-17,39.28,6
975,111399,2026-01-29,19.76,1
336,104002,2025-12-20,32.61,3
166,102054,2026-03-16,96.27,1
883,110431,2026-01-14,55.63,4
839,109918,2026-01-21,40.40,2
214,102673,2026-02-07,31.68,6
854,110064,2025-12-09,26.23,2
184,102275,2026-02-09,52.44,1
145,101773,2026-01-13,25.29,6
279,103384,2026-01-07,62.31,7
428,105136,2026-03-04,40.95,4
375,104448,2026-01-16,16.90,3
483,105758,2025-12-28,37.42,2
423,105060,2026-01-04,22.52,3
114,101411,2026-02-03,25.92,7
516,106181,2025-12-05,86.25,6
402,104796,2026-02-16,21.93,1
365,104340,2026-02-08,23.18,6
859,110113,2026-01-12,55.51,1
263,103199,2026-02-12,19.55,1
104,101295,2025-12-22,22.75,2
990,111568,2026-02-04,32.36,3
63,100798,2025-12-31,32.54,6
971,111323,2026-03-11,21.84,2
734,108804,2026-02-22,24.22,4
611,107295,2025-12-16,30.47,8
13,100187,2026-03-08,35.44,7
492,105825,2026-02-04,39.52,4
475,105664,2026-02-22,24.19,7
629,107537,2026-01-05,44.86,3
801,109483,2026-02-22,30.18,6
814,109646,2025-12-06,33.78,7
704,108436,2026-02-12,48.50,4
813,109625,2026-01-30,28.51,1
889,110493,2026-02-01,25.12,1
805,109539,2026-01-07,35.09,7
612,107315,2026-02-06,41.48,6
207,102571,2026-02-04,15.35,6
731,108785,2026-01-21,61.54,4
154,101885,2025-12-27,80.53,4
411,104901,2025-12-25,37.56,2
374,104432,2025-12-09,33.35,1
865,110198,2026-02-03,47.07,4
140,101711,2026-01-28,19.08,7
909,110711,2026-03-04,83.67,8
475,105674,2025-12-25,37.07,1
739,108872,2026-03-01,32.12,3
437,105268,2026-03-10,40.54,7
16,100233,2025-12-22,39.04,6
224,102763,2025-12-26,47.15,2
762,109119,2025-12-13,27.73,1
986,111532,2026-01-18,101.95,5
27,100388,2026-03-17,45.86,4
204,102532,2026-01-20,27.15,8
682,108168,2026-02-21,31.45,8
747,108953,2025-12-04,84.49,8
177,102198,2026-02-05,87.19,8
326,103911,2025-12-16,69.25,6
450,105357,2026-01-10,35.97,7
620,107403,2026-02-12,18.27,8
109,101366,2025-12-26,40.62,4
421,105042,2026-01-20,34.78,5
176,102177,2026-01-27,15.95,3
227,102811,2026-01-10,35.67,2
697,108352,2026-01-15,20.01,7
299,103678,2026-03-13,111.65,1
80,100995,2026-01-13,30.89,7
131,101583,2026-01-16,28.39,6
928,110891,2026-01-11,18.29,8
93,101184,2025-11-15,25.01,1
327,103927,2026-01-28,38.32,2
763,109120,2025-12-16,35.88,1
176,102182,2026-01-18,27.28,5
659,107929,2026-01-18,48.16,2
415,104945,2026-01-08,23.22,5
800,109481,2025-11-05,46.14,1
423,105065,2025-12-27,36.02,7
638,107654,2026-01-10,45.54,8
934,110981,2026-01-12,26.21,8
870,110259,2026-01-19,22.78,2
977,111415,2026-01-27,16.62,3
849,110000,2026-01-14,86.21,5
589,107016,2026-02-15,41.90,2
463,105503,2026-02-21,20.51,7
543,106509,2026-01-05,12.55,2
263,103200,2026-01-20,16.99,1
556,106675,2026-01-10,42.52,8
312,103776,2025-12-29,23.31,3
336,104003,2026-02-10,20.30,3
424,105089,2025-12-24,31.74,8
753,109025,2025-12-25,26.80,8
808,109577,2026-01-02,21.10,8
213,102666,2025-12-12,27.95,5
813,109642,2026-01-10,16.68,5
132,101611,2026-01-23,46.95,7
12,100163,2025-12-18,18.08,6
398,104751,2026-01-06,49.78,4
806,109553,2025-12-19,25.66,5
543,106504,2026-02-05,33.56,6
401,104791,2026-02-01,23.17,2
517,106185,2026-02-08,26.83,1
995,111672,2026-01-17,16.20,2
406,104839,2026-01-20,39.45,6
421,105053,2026-02-21,39.83,3
461,105455,2026-03-16,73.63,7
419,105007,2025-11-18,23.78,6
264,103215,2026-02-23,18.31,6
91,101170,2026-01-30,14.45,4
226,102800,2026-01-08,39.42,6
211,102645,2026-01-07,14.59,7
206,102543,2026-03-03,17.01,2
95,101202,2026-02-25,35.86,7
467,105570,2026-02-28,41.84,4
650,107762,2026-02-11,32.06,6
597,107112,2025-10-31,44.02,1
654,107834,2026-01-13,34.48,8
289,103512,2026-02-12,31.77,7
685,108242,2026-01-16,57.91,2
522,106275,2026-02-04,26.92,5
263,103197,2026-02-04,19.65,4
42,100524,2026-02-28,54.87,2
34,100456,2025-12-03,20.56,8
836,109870,2026-02-12,28.14,8
214,102676,2026-02-11,49.69,7
869,110242,2026-02-25,54.85,6
808,109571,2026-02-11,35.70,7
466,105551,2026-01-31,41.34,5
1,100006,2026-01-25,64.35,4
445,105324,2025-11-12,32.97,4
450,105353,2026-01-20,36.10,1
198,102457,2026-01-17,36.55,6
496,105896,2026-01-21,71.41,6
384,104577,2026-01-18,44.67,8
89,101100,2026-01-14,110.02,8
179,102242,2026-03-10,30.03,7
489,105793,2026-01-16,43.20,7
366,104359,2026-01-06,37.57,1
577,106894,2025-12-15,63.20,4
166,102049,2026-03-08,75.29,2
499,105939,2026-01-14,36.97,4
327,103920,2026-02-20,20.95,1
704,108432,2026-02-09,54.99,7
396,104723,2026-02-23,23.85,3
431,105183,2026-01-20,18.25,3
907,110696,2026-01-26,25.77,5
608,107245,2025-11-10,70.95,1
277,103356,2025-12-21,16.62,2
948,111123,2026-01-21,14.41,4
668,108014,2026-01-31,15.48,6
515,106177,2025-11-10,60.08,8
635,107606,2026-01-07,60.97,3
305,103718,2026-01-15,33.25,5
738,108852,2026-03-09,103.92,2
572,106849,2026-01-08,34.37,5
482,105730,2026-03-14,68.94,6
740,108882,2026-02-18,38.04,4
839,109914,2025-12-24,24.10,8
505,106033,2026-01-13,35.33,4
994,111661,2026-01-27,29.91,4
652,107812,2026-03-20,62.94,3
254,103124,2025-12-26,45.64,1
428,105129,2026-03-10,63.55,1
290,103540,2026-02-07,29.52,1
517,106189,2026-01-30,40.07,5
983,111498,2026-02-08,41.00,1
880,110376,2026-01-17,51.49,5
877,110332,2026-03-04,24.45,2
976,111405,2026-01-24,36.88,2
593,107081,2026-01-08,38.42,8
356,104239,2026-01-28,35.94,2
890,110510,2026-02-26,45.11,6
119,101457,2026-01-12,59.78,5
8,100093,2026-03-14,99.27,6
381,104532,2025-11-25,86.97,2
209,102613,2026-02-09,16.37,4
893,110552,2026-01-17,37.11,5
15,100229,2025-12-15,41.83,4
721,108691,2026-02-24,37.18,2
869,110250,2026-02-28,43.50,8
375,104434,2026-02-26,16.35,4
430,105164,2025-12-25,49.38,6
636,107609,2026-01-04,15.46,8
297,103627,2026-02-15,22.01,7
8,100091,2026-02-02,70.88,5
604,107207,2025-12-22,67.07,4
927,110881,2026-01-25,48.17,3
992,111606,2026-03-08,60.39,1
115,101420,2025-11-16,23.62,8
132,101630,2026-01-16,37.33,4
170,102117,2026-02-13,32.30,4
459,105429,2026-01-25,35.83,2
306,103733,2026-01-20,44.30,7
182,102264,2025-12-18,39.16,8
917,110798,2026-01-06,30.84,6
966,111271,2026-01-26,18.53,3
365,104331,2026-02-17,35.15,4
376,104475,2026-03-12,33.06,4
561,106746,2026-01-17,21.99,4
436,105230,2026-02-07,77.88,4
344,104117,2026-03-02,37.45,5
703,108401,2025-11-23,56.00,5
427,105114,2025-11-23,46.33,7
440,105299,2026-01-07,39.29,8
386,104615,2026-01-04,34.08,6
160,101982,2026-03-04,25.93,6
248,103026,2026-02-06,12.29,6
947,111107,2026-01-05,31.31,2
865,110182,2026-03-05,61.97,6
170,102114,2026-03-08,14.06,3
966,111281,2026-02-25,14.10,3
343,104108,2026-01-09,79.86,1
358,104267,2026-03-11,15.25,2
675,108093,2025-12-24,32.36,7
477,105685,2025-12-22,37.50,1
207,102566,2026-01-07,27.66,5
157,101939,2026-02-26,31.88,1
572,106842,2026-01-15,25.56,7
718,108622,2026-01-10,24.99,7
185,102304,2026-01-26,25.07,5
530,106374,2026-02-03,33.71,2
273,103317,2026-03-02,44.69,3
512,106133,2026-01-22,25.92,7
178,102218,2026-01-01,23.01,6
379,104522,2026-03-03,30.31,5
86,101079,2025-12-23,43.10,7
356,104245,2026-01-22,33.83,2
671,108053,2025-12-28,43.78,2
90,101126,2026-02-23,51.25,2
28,100393,2026-01-25,45.14,5
972,111362,2026-01-13,91.30,2
681,108158,2025-12-25,30.74,8
356,104244,2026-01-27,16.48,6
518,106221,2026-02-14,35.83,6
802,109510,2025-12-17,12.46,5
440,105292,2025-12-10,36.93,2
436,105241,2026-01-29,38.69,8
390,104655,2026-01-29,21.70,3
155,101902,2025-12-31,18.94,6
59,100767,2026-02-02,27.93,6
494,105865,2026-01-12,71.09,6
213,102671,2025-12-10,23.31,7
49,100643,2025-12-27,20.17,5
217,102698,2026-02-18,34.78,8
644,107732,2025-12-26,38.73,8
376,104463,2026-01-16,67.28,2
186,102320,2026-02-14,28.05,5
883,110416,2026-03-06,44.29,7
552,106640,2026-01-17,38.89,6
981,111480,2026-02-06,50.84,8
95,101220,2026-03-06,38.95,1
780,109308,2026-01-25,40.63,3
317,103830,2025-12-29,24.08,3
994,111652,2026-02-11,18.63,6
289,103516,2026-02-12,14.12,3
225,102771,2026-01-15,57.06,7
818,109699,2026-01-23,50.53,2
833,109847,2025-12-05,83.78,2
16,100234,2026-01-12,24.35,5
849,109998,2026-01-14,65.26,6
654,107840,2026-02-16,13.44,6
719,108649,2026-02-03,33.22,5
975,111384,2026-02-11,22.40,6
848,109985,2026-02-24,38.08,7
652,107802,2026-03-11,47.21,6
26,100354,2026-02-12,39.48,8
532,106399,2026-02-15,40.72,2
192,102405,2026-01-12,36.71,6
534,106428,2026-01-29,25.97,6
208,102607,2026-01-21,63.56,7
655,107845,2025-11-04,29.51,2
6,100076,2026-01-28,25.39,8
792,109423,2026-01-01,52.29,1
994,111658,2026-02-11,17.57,3
876,110321,2025-12-25,24.08,1
184,102274,2026-03-05,76.01,7
306,103729,2026-03-03,44.44,4
915,110778,2026-01-23,45.43,7
930,110917,2026-01-11,105.12,3
832,109835,2026-02-27,41.99,3
198,102458,2026-01-18,29.67,4
922,110842,2025-12-18,60.54,3
24,100335,2026-01-19,35.24,3
656,107855,2026-03-08,45.62,7
965,111260,2026-02-13,40.45,1
772,109212,2026-02-24,47.88,8
913,110761,2026-03-03,34.00,2
877,110338,2025-12-31,40.22,3
170,102113,2026-02-23,32.75,7
339,104036,2026-01-29,24.69,8
69,100883,2025-12-26,17.14,3
333,103973,2025-12-09,65.47,7
816,109668,2026-01-17,15.89,5
86,101076,2026-01-29,23.93,5
972,111356,2026-01-11,41.15,4
212,102661,2026-01-01,82.08,6
170,102112,2026-01-17,16.82,6
860,110137,2026-01-12,26.65,4
965,111262,2026-02-05,34.63,8
586,106987,2026-03-06,56.65,6
644,107730,2026-02-19,37.44,8
509,106089,2026-01-24,40.85,2
865,110178,2026-01-01,64.45,7
481,105723,2026-02-10,29.92,2
505,106045,2026-03-03,39.38,7
957,111187,2026-03-16,61.06,5
387,104637,2026-02-14,32.45,4
550,106622,2026-02-19,67.24,7
318,103851,2026-01-17,16.68,3
458,105422,2026-02-23,71.49,7
556,106673,2026-01-04,16.25,7
350,104185,2026-01-09,31.28,6
334,103980,2026-01-16,36.05,5
45,100577,2026-02-10,57.80,4
200,102497,2025-12-14,28.02,2
14,100218,2026-01-14,22.79,4
576,106884,2026-01-11,59.26,7
375,104442,2026-01-12,20.16,3
719,108642,2026-02-03,27.88,6
717,108597,2026-02-16,75.47,7
204,102523,2026-02-27,28.39,5
494,105857,2026-01-13,63.90,1
214,102683,2026-02-01,56.61,1
211,102642,2026-02-18,21.59,5
462,105476,2026-02-13,22.42,8
626,107486,2025-10-27,25.19,5
986,111530,2026-01-02,86.63,8
208,102609,2026-01-26,47.86,2
551,106631,2026-02-03,16.66,4
996,111683,2026-02-11,107.60,6
802,109523,2026-01-14,30.20,1
184,102292,2026-02-17,79.08,4
65,100821,2025-12-18,25.55,8
996,111675,2026-03-11,97.22,3
717,108592,2026-03-13,70.56,4
233,102882,2026-02-24,38.52,1
436,105236,2026-02-04,68.57,7
442,105308,2025-12-17,25.62,2
503,106000,2026-03-07,39.03,3
934,110971,2026-02-20,35.19,6
597,107117,2025-12-29,26.02,7
562,106753,2026-02-01,27.89,5
637,107632,2026-02-02,44.23,2
681,108151,2025-11-23,14.94,7
69,100888,2026-02-04,34.53,8
137,101675,2026-03-04,54.80,3
184,102289,2026-02-28,42.49,7
652,107816,2026-02-23,43.47,7
454,105376,2025-12-21,47.50,2
315,103819,2026-01-21,62.07,6
338,104027,2025-11-04,98.47,8
288,103478,2026-02-24,67.44,2
101,101263,2026-02-19,89.03,2
511,106127,2026-02-08,23.12,8
401,104783,2026-01-25,31.05,3
277,103365,2025-12-30,20.69,8
522,106276,2026-01-10,38.48,2
52,100683,2025-12-16,20.04,7
971,111329,2026-02-08,23.66,4
924,110848,2026-01-09,14.90,5
420,105025,2026-02-02,92.13,7
247,103006,2026-02-04,15.80,1
497,105907,2026-02-22,21.67,5
778,109294,2025-12-04,11.45,3
590,107045,2026-01-23,65.69,1
225,102782,2026-02-26,46.31,6
260,103190,2025-12-09,34.62,7
624,107468,2025-12-29,43.04,7
2,100011,2026-02-25,90.53,1
598,107125,2026-02-25,37.35,2
17,100244,2026-01-06,16.29,4
185,102300,2026-03-12,24.67,8
898,110621,2026-02-16,45.10,3
916,110782,2026-02-14,39.58,4
20,100278,2026-02-04,66.13,4
943,111071,2026-01-13,25.85,3
979,111441,2026-03-02,18.36,7
288,103487,2026-01-07,48.76,7
117,101428,2026-02-13,32.33,1
893,110553,2026-01-25,38.24,4
884,110448,2025-12-06,111.13,5
123,101501,2025-12-13,89.10,4
639,107677,2026-02-06,36.22,5
52,100686,2026-01-05,50.10,1
803,109534,2026-02-01,14.86,7
959,111205,2026-01-22,17.38,2
322,103870,2026-01-09,27.64,6
620,107406,2026-02-06,22.68,6
987,111533,2025-12-19,26.61,2
971,111333,2026-01-26,17.17,2
808,109572,2025-12-18,16.18,2
293,103577,2025-12-17,31.21,2
717,108604,2026-02-17,75.37,8
52,100682,2025-12-17,32.64,4
853,110042,2026-02-12,71.78,8
53,100697,2026-01-16,16.24,2
247,103023,2026-02-11,29.61,8
567,106808,2026-01-12,56.49,5
141,101738,2026-01-21,34.29,5
423,105068,2026-01-03,33.64,3
861,110140,2025-12-09,30.90,6
17,100257,2026-01-22,13.55,2
612,107318,2026-01-10,22.61,7
289,103518,2026-02-07,29.92,2
717,108614,2026-03-18,52.47,7
17,100252,2026-01-24,26.45,4
20,100289,2026-02-26,69.93,5
721,108701,2026-01-20,70.98,7
961,111226,2026-01-14,26.34,6
60,100781,2026-02-28,37.18,7
531,106378,2026-01-18,14.99,7
383,104563,2026-03-09,20.98,1
14,100210,2026-02-07,17.66,2
887,110475,2026-01-02,22.12,6
705,108451,2026-01-30,37.60,3
288,103470,2026-03-06,36.00,6
215,102686,2025-11-16,22.42,6
613,107324,2026-01-25,49.02,7
264,103220,2025-12-25,23.64,5
50,100657,2026-02-11,41.53,4
540,106492,2026-01-09,43.62,5
159,101963,2026-01-09,30.19,2
247,103016,2026-01-13,13.96,2
774,109237,2025-12-26,30.28,7
853,110048,2026-02-15,91.13,3
132,101628,2026-02-19,41.00,8
334,103982,2026-03-07,32.41,3
179,102238,2026-02-26,25.72,5
48,100630,2026-01-09,37.22,3
417,104983,2026-02-24,23.51,4
152,101869,2025-11-21,14.08,8
366,104358,2025-12-18,34.74,2
500,105954,2026-02-23,43.18,2
544,106530,2026-01-30,48.32,6
757,109051,2026-02-09,15.75,2
529,106354,2026-02-22,96.71,3
81,101014,2026-01-13,64.15,7
520,106260,2026-01-26,67.01,6
721,108704,2026-02-12,62.12,6
478,105696,2026-01-01,14.10,2
829,109821,2026-01-05,21.63,8
601,107164,2026-01-21,75.28,2
257,103148,2026-02-06,67.19,4
522,106273,2026-02-23,28.26,4
825,109770,2026-01-22,20.03,1
454,105385,2026-01-28,22.21,6
561,106747,2026-02-17,32.71,7
532,106398,2026-01-10,17.70,7
428,105124,2026-02-13,52.91,2
472,105628,2026-01-29,44.38,2
811,109609,2026-01-01,46.27,4
881,110383,2026-02-23,45.63,8
808,109579,2026-01-27,29.48,6
284,103439,2026-01-06,32.66,5
725,108725,2026-01-21,15.71,5
717,108613,2026-01-25,52.62,2
158,101950,2025-12-01,22.93,3
112,101382,2025-12-28,28.43,3
883,110432,2026-01-17,67.33,3
992,111631,2026-02-27,75.34,6
426,105097,2026-01-28,31.88,4
454,105386,2025-12-22,38.44,1
826,109781,2025-12-21,34.44,3
705,108447,2026-01-15,26.19,6
620,107398,2026-01-27,29.43,2
166,102063,2026-02-19,49.87,5
284,103448,2026-02-13,33.63,5
314,103806,2026-01-14,45.09,6
467,105572,2025-12-30,23.48,5
101,101267,2026-01-27,86.68,7
706,108470,2026-02-01,40.18,7
704,108427,2026-03-21,55.75,5
913,110756,2026-01-14,20.21,2
259,103188,2026-02-24,15.74,4
538,106462,2025-12-14,24.27,4
555,106669,2025-12-30,14.06,5
428,105123,2026-01-17,35.55,4
26,100367,2026-01-11,41.04,7
109,101365,2026-01-18,60.23,8
105,101311,2025-12-25,47.08,5
16,100236,2025-12-25,26.59,1
130,101576,2025-12-24,37.99,2
594,107088,2025-12-10,72.81,5
797,109454,2026-01-25,31.16,7
795,109434,2026-02-03,54.39,4
334,103994,2026-01-16,34.76,3
753,109032,2026-01-16,38.49,7
185,102309,2026-01-29,31.21,2
395,104701,2026-01-11,116.84,3
358,104259,2026-01-11,29.12,5
535,106433,2025-12-25,70.32,1
131,101595,2026-01-28,38.90,3
1000,111727,2025-12-27,11.89,6
983,111493,2026-01-17,41.05,5
258,103156,2026-01-20,33.45,8
718,108626,2026-03-07,33.82,8
971,111332,2026-01-13,24.43,6
823,109754,2026-03-01,25.28,5
297,103625,2026-02-24,19.89,3
768,109167,2026-02-15,31.70,3
46,100602,2026-03-02,24.93,7
858,110092,2026-01-07,15.72,4
308,103758,2026-01-02,35.78,5
89,101104,2026-01-21,72.37,3
432,105189,2026-03-01,16.57,7
620,107394,2026-02-07,24.02,4
185,102308,2026-01-23,19.96,1
695,108338,2025-12-20,98.30,7
207,102568,2026-02-21,19.53,7
157,101928,2026-02-02,17.88,3
347,104149,2025-12-07,12.68,5
415,104939,2026-01-21,33.80,1
431,105169,2026-01-08,32.13,3
688,108281,2026-01-05,37.18,7
957,111171,2026-02-03,59.21,7
191,102400,2026-01-29,47.91,3
905,110673,2026-02-11,34.71,7
18,100268,2026-02-19,43.21,4
909,110715,2026-01-14,82.55,1
417,104977,2026-01-16,27.73,1
64,100809,2026-01-02,29.20,7
173,102147,2025-12-30,34.62,3
69,100874,2026-01-25,22.59,2
362,104315,2026-02-20,52.71,5
206,102552,2026-03-06,23.74,2
234,102891,2025-12-29,71.44,1
497,105901,2026-02-07,21.98,7
362,104305,2025-12-31,62.04,4
976,111411,2026-01-26,40.06,2
916,110781,2026-01-07,40.92,5
163,102035,2026-03-08,42.65,1
601,107177,2026-01-16,46.28,3
883,110414,2026-01-11,50.41,5
10,100127,2026-02-22,54.84,5
428,105135,2026-02-06,36.69,7
78,100973,2026-01-28,77.68,3
856,110075,2026-01-15,26.76,7
83,101039,2026-01-07,16.40,2
531,106392,2026-02-02,25.00,7
593,107080,2026-03-01,15.57,1
944,111078,2025-12-07,39.50,3
118,101446,2026-01-13,39.07,5
477,105683,2026-01-16,30.93,5
232,102869,2026-01-21,18.92,8
132,101610,2026-02-14,51.05,1
453,105370,2026-01-11,35.02,2
638,107666,2026-02-23,36.92,6
621,107416,2026-03-05,45.96,5
293,103570,2025-12-12,42.40,8
996,111676,2026-01-14,52.24,7
120,101465,2026-01-30,34.70,3
78,100975,2025-12-19,65.79,2
362,104314,2026-02-06,51.22,6
150,101851,2026-02-17,24.68,7
706,108459,2026-02-02,34.95,5
428,105149,2026-01-19,47.12,7
537,106458,2026-02-04,27.08,8
858,110103,2026-01-10,37.63,8
395,104698,2026-02-28,111.35,1
463,105502,2026-01-28,19.15,8
772,109208,2026-01-17,25.55,1
26,100357,2026-02-21,44.28,1
220,102725,2026-02-11,17.83,5
170,102129,2026-02-17,18.32,7
728,108742,2026-02-11,57.47,3
235,102904,2026-02-18,22.92,4
13,100189,2026-03-10,38.32,6
532,106402,2026-01-28,36.38,7
914,110769,2025-11-02,63.48,3
735,108809,2025-12-30,47.13,2
402,104801,2026-01-03,25.47,2
361,104302,2026-01-07,83.35,5
561,106741,2026-02-18,23.89,4
427,105116,2026-01-23,30.23,6
571,106833,2025-12-08,58.84,6
397,104745,2026-01-07,36.79,2
162,102028,2025-11-23,39.87,5
993,111645,2025-12-18,38.60,7
312,103780,2026-01-09,29.52,7
659,107899,2026-02-14,70.92,6
992,111633,2026-01-17,57.21,5
623,107452,2026-02-13,21.71,7
813,109638,2026-02-20,35.93,3
635,107601,2026-01-01,26.49,3
278,103377,2026-02-03,36.46,4
890,110513,2026-01-21,29.21,7
219,102713,2025-12-29,20.61,7
356,104228,2026-03-05,36.30,5
869,110241,2025-12-29,37.61,4
967,111285,2026-01-23,60.77,3
731,108782,2025-12-27,29.79,6
983,111501,2026-01-20,22.13,6
122,101492,2026-02-19,13.42,3
813,109636,2026-01-09,23.10,3
288,103485,2026-01-18,49.83,8
317,103831,2026-02-23,33.81,5
173,102141,2025-12-21,21.01,4
838,109904,2026-02-01,23.42,6
668,108021,2026-01-30,35.45,8
813,109635,2026-01-21,23.74,1
169,102099,2026-02-07,28.42,6
519,106258,2026-01-19,51.22,2
509,106101,2026-01-16,84.00,5
563,106765,2025-12-22,20.93,8
418,104995,2026-01-24,37.59,4
671,108054,2025-12-29,22.45,4
381,104534,2025-12-14,47.20,8
848,109997,2026-02-03,20.12,7
62,100788,2026-01-01,47.92,4
376,104485,2026-01-17,56.84,1
575,106870,2026-02-03,47.28,8
67,100837,2026-03-04,41.08,8
836,109874,2026-02-19,25.59,6
137,101686,2026-03-06,68.13,3
567,106806,2026-03-14,36.93,8
933,110965,2026-02-18,16.48,4
90,101146,2026-01-23,55.71,8
252,103094,2025-12-27,81.82,6
910,110740,2026-01-02,37.33,4
176,102170,2026-01-12,14.93,2
743,108907,2026-01-28,36.91,4
206,102558,2026-03-05,22.54,2
23,100332,2026-02-06,48.25,8
112,101383,2026-02-26,29.51,8
284,103446,2026-01-15,35.10,3
889,110502,2025-12-25,35.21,6
369,104390,2026-02-24,58.66,4
902,110660,2026-02-16,31.52,7
731,108784,2025-12-12,55.76,7
332,103957,2026-01-11,12.59,7
930,110907,2026-02-04,45.61,4
995,111669,2025-11-28,16.38,3
534,106420,2026-02-09,33.88,1
428,105126,2026-03-12,45.37,3
979,111442,2026-02-06,48.97,1
957,111185,2026-02-09,69.76,5
86,101069,2026-02-02,31.67,3
198,102470,2026-01-19,72.49,1
343,104095,2026-01-13,64.97,5
187,102344,2025-11-24,14.34,5
275,103335,2026-02-08,41.56,3
659,107913,2026-01-28,46.99,3
160,101978,2026-01-16,33.47,8
892,110545,2026-03-04,21.42,1
592,107067,2026-01-09,22.59,3
60,100773,2026-01-22,46.75,8
504,106010,2025-12-18,35.66,3
543,106515,2026-01-21,17.37,5
835,109859,2025-12-09,86.02,6
940,111025,2025-12-23,19.11,2
60,100771,2025-12-30,34.26,6
685,108239,2026-03-11,53.57,3
192,102415,2026-01-29,29.21,2
588,107002,2026-02-23,44.94,6
771,109200,2026-01-01,84.84,7
957,111192,2026-02-26,51.26,2
163,102039,2026-02-21,32.81,7
644,107725,2026-02-13,16.17,8
640,107696,2026-01-08,23.14,6
520,106261,2026-02-01,47.34,7
401,104778,2026-02-01,33.50,4
943,111067,2025-12-07,65.96,3
211,102636,2026-01-14,16.74,5
165,102046,2026-01-29,39.53,7
276,103338,2026-02-06,16.21,7
706,108475,2026-02-28,37.35,6
592,107066,2026-01-27,14.87,4
135,101639,2026-02-11,85.45,2
910,110741,2025-11-24,14.39,7
421,105039,2026-03-03,15.43,5
359,104277,2026-02-04,33.91,6
52,100687,2025-12-22,38.26,3
402,104811,2025-12-29,36.51,8
35,100476,2025-12-23,31.49,1
14,100219,2026-02-20,25.79,1
645,107738,2026-01-27,22.98,8
31,100439,2025-11-23,46.39,8
269,103258,2025-12-22,21.33,6
893,110547,2026-03-06,32.89,5
209,102629,2026-01-22,30.60,6
53,100714,2026-03-02,20.28,7
471,105615,2026-02-27,44.39,8
125,101518,2026-02-17,43.18,2
291,103559,2026-03-03,74.60,6
704,108405,2026-02-02,44.08,2
82,101030,2026-02-13,30.96,7
462,105493,2026-02-20,27.27,8
58,100751,2025-11-23,31.64,2
436,105228,2026-03-07,70.60,8
828,109803,2026-02-09,31.75,6
464,105513,2026-02-19,16.66,3
697,108351,2026-02-09,24.35,7
229,102823,2026-01-28,34.34,4
737,108822,2026-02-04,39.56,8
544,106528,2026-03-10,54.44,5
386,104607,2025-12-30,21.06,4
909,110728,2026-02-06,67.48,7
223,102759,2026-01-10,15.29,1
686,108260,2026-01-10,34.71,6
719,108643,2026-01-30,31.97,1
565,106794,2025-12-20,61.49,4
988,111536,2025-12-20,35.57,6
538,106468,2025-12-05,13.97,7
541,106496,2025-11-01,47.45,1
91,101154,2025-12-31,32.98,4
699,108370,2026-02-09,38.59,4
253,103113,2026-03-09,66.42,5
858,110097,2026-01-20,30.47,8
397,104733,2026-02-18,28.70,6
782,109334,2026-01-10,35.85,3
839,109909,2025-12-24,34.52,7
753,109028,2025-12-24,19.95,8
718,108621,2026-02-01,32.97,7
10,100140,2026-01-04,111.91,2
920,110825,2025-12-23,61.97,5
65,100818,2025-12-20,59.51,1
817,109675,2026-01-24,39.60,2
749,108973,2026-01-27,34.45,6
164,102042,2026-01-26,32.29,5
106,101320,2025-12-12,39.77,4
651,107783,2025-12-30,20.36,7
813,109637,2026-02-15,35.65,3
258,103161,2026-02-21,23.77,8
259,103179,2026-02-23,17.82,4
517,106192,2026-01-12,42.33,2
859,110120,2026-01-21,69.09,3
147,101812,2025-12-31,36.40,7
552,106644,2026-02-24,29.82,8
880,110377,2025-12-04,59.54,8
829,109816,2026-01-04,33.95,3
494,105873,2026-02-10,113.72,2
310,103764,2025-11-10,18.63,3
460,105440,2026-02-05,20.72,7
114,101413,2026-01-15,27.47,6
688,108277,2026-01-15,14.85,2
502,105979,2026-03-05,82.69,8
652,107817,2026-03-13,59.77,2
595,107095,2026-01-23,35.92,2
628,107522,2026-02-22,42.75,3
716,108570,2026-01-21,56.39,5
289,103504,2026-01-19,16.23,1
473,105634,2026-02-07,26.64,5
232,102867,2026-02-16,31.93,3
385,104582,2026-02-10,21.07,4
323,103873,2025-11-21,84.23,6
718,108619,2026-03-06,20.19,5
66,100827,2026-01-12,34.44,7
203,102517,2025-12-20,21.82,4
495,105883,2026-02-15,33.33,8
179,102246,2026-02-15,32.59,7
622,107444,2026-02-19,29.65,2
622,107439,2025-12-27,12.41,5
277,103363,2026-01-18,26.38,7
419,105009,2025-12-18,50.02,8
685,108229,2026-01-14,42.77,1
617,107365,2025-12-10,44.58,8
928,110897,2026-02-01,47.36,7
753,109017,2026-01-21,17.75,4
473,105633,2026-02-22,40.56,4
407,104852,2026-03-02,65.78,8
716,108572,2026-02-22,36.47,5
135,101655,2026-03-05,63.50,3
944,111080,2025-11-09,33.35,4
835,109864,2025-11-16,60.98,1
590,107037,2026-02-20,74.55,4
220,102735,2025-12-25,41.53,1
53,100699,2026-02-02,34.19,6
667,108004,2025-10-30,55.48,5
785,109368,2026-02-14,32.08,5
545,106561,2026-02-14,35.50,7
595,107104,2026-01-22,43.98,1
773,109217,2026-02-10,35.01,2
305,103719,2026-02-16,34.25,1
975,111388,2026-02-01,29.16,2
365,104349,2026-01-04,12.45,5
2,100007,2025-12-31,59.58,4
68,100866,2026-02-13,84.54,7
685,108231,2026-01-20,46.50,4
943,111068,2026-01-13,33.81,6
961,111223,2025-12-11,29.66,8
489,105800,2026-01-24,21.46,5
88,101094,2025-12-14,37.99,5
721,108696,2026-03-05,61.16,4
716,108554,2026-01-30,57.29,1
392,104674,2025-12-16,35.03,8
332,103963,2026-02-05,17.07,1
657,107878,2026-01-29,45.04,4
757,109054,2025-12-22,25.99,1
548,106574,2026-03-10,31.48,8
38,100493,2025-12-20,27.70,5
749,108974,2026-02-01,41.04,7
579,106909,2025-12-21,25.79,5
918,110802,2025-12-31,23.40,8
379,104517,2026-02-21,26.71,6
343,104114,2026-01-24,50.98,2
247,103010,2026-01-30,21.54,5
808,109586,2026-01-31,15.71,6
771,109201,2026-01-02,71.19,4
808,109583,2025-12-21,25.57,3
289,103517,2025-12-25,33.65,2
913,110766,2026-03-02,25.67,2
737,108826,2025-12-16,47.83,4
930,110906,2026-03-03,52.78,3
170,102116,2026-01-28,18.59,7
597,107120,2025-12-28,29.86,3
906,110681,2026-01-31,28.97,8
847,109965,2026-02-23,24.05,7
524,106295,2025-12-12,52.64,7
259,103181,2026-01-15,26.75,6
410,104895,2026-02-26,17.04,2
325,103889,2026-01-19,98.15,1
565,106793,2025-12-10,47.44,7
107,101343,2026-02-08,32.12,8
556,106674,2026-02-18,18.99,8
633,107578,2026-03-01,24.26,6
748,108966,2026-02-14,24.91,6
30,100432,2025-12-13,40.00,6
396,104726,2026-01-11,39.06,4
632,107555,2026-01-17,25.17,5
997,111701,2026-01-27,14.83,6
810,109603,2026-01-01,36.58,2
50,100661,2026-01-06,20.65,2
505,106024,2026-01-12,60.68,8
867,110212,2026-01-18,15.92,5
365,104334,2026-01-31,33.33,1
140,101728,2026-02-04,24.92,6
288,103477,2026-01-05,69.56,1
926,110871,2026-02-14,29.65,5
190,102381,2026-01-10,54.70,1
291,103557,2026-02-05,103.28,8
934,110979,2026-02-22,20.09,7
779,109297,2026-01-12,44.26,6
874,110306,2026-02-28,80.75,1
776,109288,2026-02-08,30.33,5
693,108329,2026-01-23,47.94,5
628,107529,2025-12-26,42.59,8
575,106868,2026-02-14,34.70,1
264,103217,2026-01-13,15.63,6
853,110052,2026-01-22,55.81,2
13,100193,2026-03-04,57.33,5
522,106267,2026-01-08,27.45,2
857,110087,2025-12-14,45.63,4
313,103793,2025-12-18,41.15,5
14,100214,2026-02-06,34.14,6
117,101427,2026-02-16,15.06,5
376,104462,2026-03-06,40.02,1
175,102161,2026-01-20,68.97,4
659,107921,2026-03-08,32.06,4
563,106766,2026-01-22,16.49,4
482,105742,2026-01-31,60.20,7
131,101586,2026-01-29,17.68,5
857,110084,2025-11-19,48.99,2
769,109183,2026-03-03,33.04,8
866,110204,2026-01-07,42.31,8
966,111283,2026-02-20,32.15,7
370,104408,2025-12-28,11.89,2
807,109559,2025-12-23,28.96,7
556,106670,2026-01-29,38.02,8
877,110340,2026-01-05,17.40,4
634,107589,2026-01-18,26.81,8
482,105732,2026-01-18,60.71,1
820,109712,2025-11-21,45.26,7
893,110554,2026-02-24,58.00,7
699,108362,2026-03-01,36.20,2
332,103958,2026-02-11,16.31,1
657,107880,2026-02-22,94.39,8
13,100170,2026-02-28,65.12,6
52,100681,2026-02-12,20.92,6
337,104008,2026-01-03,14.38,1
466,105544,2026-02-12,24.88,4
437,105260,2026-02-18,39.54,8
312,103778,2026-01-28,15.34,3
270,103265,2026-01-18,94.52,7
150,101843,2026-03-09,23.04,1
528,106335,2026-02-21,13.28,3
522,106271,2026-01-07,50.85,8
301,103686,2025-12-22,19.34,3
245,102988,2025-12-22,19.22,4
306,103724,2026-01-12,38.70,3
802,109516,2026-01-24,17.16,7
989,111554,2025-11-25,54.24,6
219,102712,2026-02-19,40.33,3
870,110264,2025-11-27,26.78,3
314,103809,2026-01-10,37.44,6
427,105111,2026-01-29,42.82,6
263,103201,2026-02-13,29.76,8
229,102825,2026-02-21,32.60,5
38,100500,2025-12-28,28.56,3
431,105174,2026-02-20,22.87,8
60,100779,2025-12-28,35.10,1
650,107761,2026-02-02,25.09,3
705,108456,2026-02-10,21.59,4
391,104663,2026-01-01,25.31,2
319,103858,2026-01-10,28.54,1
967,111286,2026-02-22,39.63,3
344,104127,2026-02-23,21.11,5
14,100209,2026-01-31,24.17,2
106,101319,2025-12-03,34.28,6
682,108175,2026-01-27,29.11,7
925,110859,2026-01-16,37.01,1
23,100323,2026-02-22,24.62,5
557,106681,2026-01-07,27.38,6
648,107748,2026-01-31,68.58,1
688,108283,2026-02-25,14.98,5
409,104875,2025-12-15,73.29,2
45,100594,2026-03-16,66.13,6
470,105593,2026-02-18,54.23,3
366,104356,2025-12-18,37.65,2
572,106854,2026-01-03,23.07,5
305,103713,2026-01-13,21.18,4
338,104026,2025-11-05,75.68,1
157,101941,2026-01-25,31.50,5
305,103721,2025-12-16,22.45,6
290,103524,2026-01-20,38.46,2
868,110233,2026-01-27,51.59,5
940,111024,2026-02-09,21.86,3
28,100396,2026-01-24,59.00,2
254,103120,2026-01-12,60.45,7
994,111649,2026-03-04,29.30,2
992,111607,2026-02-09,30.37,4
325,103885,2026-02-07,51.87,8
185,102301,2026-01-12,26.65,2
559,106706,2025-10-31,50.54,7
256,103130,2026-01-01,33.01,2
567,106812,2026-02-10,31.67,8
86,101071,2026-01-01,40.87,7
449,105346,2025-12-08,97.22,4
827,109786,2026-01-26,86.93,6
578,106899,2025-12-20,37.91,7
269,103259,2026-01-04,35.46,1
614,107339,2026-02-10,31.97,4
157,101927,2026-03-17,16.94,8
464,105512,2026-03-11,33.04,6
95,101216,2026-02-05,41.80,6
194,102432,2025-10-30,37.97,3
652,107824,2026-02-14,64.90,4
557,106680,2026-03-03,26.44,2
378,104505,2025-12-30,57.52,4
21,100309,2025-12-09,74.64,7
401,104776,2026-03-03,42.13,1
696,108346,2025-12-30,87.87,4
933,110966,2026-01-01,24.69,1
876,110331,2026-01-02,22.60,3
44,100570,2026-03-18,28.96,5
193,102419,2025-12-24,50.55,3
339,104033,2026-01-23,22.36,2
680,108137,2026-02-13,30.07,4
685,108240,2026-01-26,90.70,6
986,111529,2025-12-20,82.24,2
219,102708,2026-02-25,43.38,7
57,100743,2026-01-02,29.96,8
120,101463,2026-02-17,23.69,5
696,108345,2026-02-08,67.29,6
827,109802,2026-03-01,51.93,3
854,110066,2026-01-14,37.27,1
258,103165,2026-02-20,14.12,7
903,110661,2026-01-20,14.69,1
3,100043,2026-01-31,14.69,5
758,109063,2026-01-04,38.71,6
491,105820,2025-12-26,33.39,2
68,100872,2026-02-13,94.69,6
925,110853,2025-12-19,20.41,4
802,109509,2026-02-12,24.33,7
14,100205,2026-02-27,22.37,8
513,106153,2025-12-08,47.35,1
247,103004,2026-01-11,26.82,5
659,107919,2026-03-15,67.43,1
226,102799,2026-01-10,29.63,6
297,103629,2026-01-13,36.62,6
123,101499,2025-12-11,87.43,7
231,102840,2026-01-26,75.48,6
146,101802,2026-02-12,17.25,4
337,104004,2025-12-31,26.97,3
16,100240,2026-01-26,29.55,3
463,105496,2026-02-16,23.88,3
332,103961,2026-02-10,33.02,5
180,102250,2026-02-03,37.53,3
949,111128,2025-12-08,14.80,4
716,108578,2026-01-03,30.80,3
419,105011,2025-11-29,32.72,1
728,108741,2026-01-09,46.13,3
482,105748,2026-01-26,74.71,1
82,101027,2026-01-15,33.25,1
865,110195,2026-01-21,73.04,3
636,107622,2026-02-22,21.73,4
45,100590,2026-01-23,84.95,7
621,107412,2026-03-04,46.20,1
336,104001,2026-01-04,37.74,8
473,105643,2026-01-24,34.10,7
132,101605,2026-01-12,45.18,6
470,105587,2026-03-07,70.78,4
537,106455,2026-01-02,34.29,1
43,100554,2025-12-21,17.62,2
927,110884,2026-02-06,28.97,4
992,111623,2026-01-09,52.54,5
375,104436,2026-01-24,34.81,3
595,107105,2026-02-15,24.81,4
332,103964,2026-01-29,12.20,3
66,100830,2025-11-10,60.70,8
765,109143,2026-02-03,64.47,3
567,106814,2026-02-23,42.89,7
836,109866,2026-02-12,13.25,7
560,106726,2026-01-29,18.48,8
537,106456,2026-01-07,28.56,2
841,109940,2026-02-11,18.09,6
985,111522,2026-01-29,23.25,5
24,100340,2026-03-04,22.94,4
637,107636,2026-02-16,45.27,8
847,109962,2026-02-26,14.31,4
581,106933,2026-01-27,25.22,5
327,103933,2026-03-05,36.40,1
870,110253,2025-12-31,17.09,2
540,106486,2025-12-21,36.12,1
505,106041,2026-03-16,52.08,7
270,103268,2026-01-15,100.89,5
442,105311,2026-01-31,37.22,2
638,107646,2026-01-15,39.03,1
523,106281,2026-02-10,46.03,6
883,110419,2026-02-10,54.91,2
981,111481,2026-01-08,39.88,1
270,103280,2026-02-15,114.33,7
166,102066,2026-02-02,90.43,4
27,100374,2026-03-19,45.61,7
83,101040,2026-02-06,35.50,8
226,102797,2025-12-02,16.81,1
633,107565,2026-01-30,19.58,7
911,110745,2026-02-14,63.79,3
724,108716,2026-02-21,50.28,6
18,100262,2026-02-24,22.51,6
380,104524,2025-10-24,70.81,1
638,107665,2026-01-06,66.58,8
920,110824,2025-12-19,50.26,2
304,103703,2026-01-16,29.93,3
358,104264,2026-01-21,34.39,4
236,102922,2026-01-08,16.71,8
299,103664,2026-02-28,100.49,4
978,111432,2026-01-18,16.44,7
788,109381,2026-01-04,26.68,3
550,106615,2026-01-26,38.23,8
720,108670,2026-02-08,45.80,4
102,101283,2026-01-09,33.78,8
399,104760,2026-01-04,26.49,2
550,106617,2026-03-16,67.21,1
637,107642,2026-02-01,41.25,3
646,107742,2025-12-09,49.98,8
450,105351,2025-12-06,19.96,1
438,105274,2025-12-27,36.38,7
721,108689,2026-01-20,71.38,6
226,102798,2026-01-07,29.04,7
191,102395,2026-03-13,30.71,4
303,103694,2025-11-21,64.50,6
639,107676,2025-12-08,55.89,7
273,103312,2026-02-08,43.50,8
659,107927,2026-02-09,47.14,2
699,108364,2026-01-26,28.60,8
241,102961,2026-01-07,30.59,3
482,105727,2026-02-22,79.82,3
715,108550,2025-12-24,89.42,7
853,110047,2026-01-31,59.14,8
448,105342,2026-02-12,44.62,4
8,100100,2026-03-04,91.14,2
586,106976,2026-01-27,51.98,6
769,109188,2026-01-29,22.14,8
859,110116,2026-01-21,45.75,6
581,106932,2026-03-06,15.16,2
812,109613,2026-01-19,49.44,8
811,109606,2026-01-30,46.64,5
332,103951,2026-01-03,33.30,3
225,102787,2026-03-01,42.88,5
387,104636,2026-01-26,13.20,7
945,111081,2026-02-28,40.94,7
679,108125,2026-03-05,28.86,6
125,101531,2026-03-15,68.26,8
471,105616,2026-01-08,27.37,5
834,109856,2026-01-02,39.51,2
376,104481,2026-02-13,40.92,2
704,108411,2026-01-28,69.76,1
817,109678,2025-12-20,52.20,4
610,107292,2026-02-10,21.71,8
345,104134,2026-03-03,25.24,8
981,111463,2026-01-10,54.75,3
540,106487,2026-01-11,29.17,3
776,109263,2026-03-06,51.87,2
723,108711,2025-12-14,74.37,7
507,106055,2026-02-04,36.33,2
937,111008,2026-01-09,44.21,6
901,110638,2026-01-17,37.27,7
400,104768,2025-11-22,28.27,5
153,101880,2026-01-16,39.95,6
146,101800,2026-02-26,29.01,7
551,106635,2026-02-23,32.90,1
297,103626,2026-02-24,31.40,6
229,102828,2026-02-08,52.02,4
257,103151,2026-02-16,116.68,5
461,105473,2026-02-06,54.86,1
342,104079,2026-02-26,32.65,7
198,102471,2026-01-18,50.60,5
930,110919,2026-02-08,51.23,5
95,101210,2026-01-13,53.10,4
257,103135,2026-01-05,100.00,1
927,110882,2026-01-27,44.64,5
247,103013,2026-01-06,12.93,1
913,110753,2026-03-16,32.17,3
721,108702,2026-02-06,31.95,4
666,107997,2026-02-25,69.76,3
518,106209,2026-01-26,43.42,7
790,109410,2026-01-10,28.74,6
104,101304,2026-02-14,14.83,5
453,105368,2025-12-11,25.02,4
140,101714,2026-03-03,33.42,6
178,102225,2026-01-26,12.86,5
604,107210,2025-11-23,81.78,4
589,107014,2026-01-07,33.87,1
719,108648,2026-01-31,13.72,8
774,109240,2026-01-31,33.99,7
624,107475,2026-02-22,32.91,2
559,106708,2025-11-16,48.03,7
801,109490,2026-02-21,24.45,2
406,104838,2025-12-29,33.45,8
888,110482,2026-02-02,46.03,4
322,103869,2025-12-23,10.36,2
505,106034,2026-01-10,46.15,5
562,106754,2026-02-24,47.09,2
909,110709,2026-02-01,73.35,7
69,100881,2025-12-31,30.71,6
583,106950,2025-11-27,95.92,1
619,107392,2025-10-19,32.40,6
38,100502,2026-02-04,16.35,8
542,106499,2025-12-07,11.28,1
512,106148,2026-02-06,35.47,8
710,108518,2026-01-31,36.98,5
750,108996,2026-01-04,16.12,5
730,108777,2025-11-07,25.21,5
83,101047,2025-12-22,35.99,1
178,102224,2026-02-22,20.21,8
492,105832,2026-01-02,31.58,1
745,108945,2026-01-05,29.86,4
816,109661,2026-01-08,29.83,4
253,103102,2026-01-18,111.04,8
179,102236,2026-02-04,21.66,7
369,104384,2026-03-08,83.15,1
633,107573,2026-03-04,31.50,8
78,100974,2025-12-12,45.87,6
883,110441,2026-02-08,36.47,1
625,107480,2026-02-16,67.30,4
158,101953,2025-12-13,40.55,2
440,105293,2026-01-10,22.90,1
743,108906,2026-02-04,36.12,4
420,105019,2026-03-01,54.12,8
146,101791,2026-01-25,16.04,6
305,103722,2026-02-17,34.48,1
231,102858,2026-01-20,103.95,3
475,105671,2026-01-20,34.21,1
490,105806,2025-11-23,24.17,1
601,107174,2026-03-06,89.05,1
13,100190,2026-03-10,54.03,6
821,109727,2025-11-22,43.59,7
37,100488,2025-12-27,96.11,3
433,105205,2026-02-19,51.98,1
721,108679,2026-01-14,40.27,5
910,110738,2026-01-03,31.83,5
282,103422,2026-03-13,22.54,4
739,108862,2026-02-23,28.75,3
207,102583,2026-02-25,13.32,6
712,108528,2026-01-07,28.07,6
407,104857,2026-01-19,84.99,3
426,105103,2025-12-26,21.89,7
90,101136,2026-03-19,74.34,8
460,105450,2026-03-02,26.24,8
250,103067,2026-03-08,36.43,6
793,109428,2026-01-24,24.53,7
208,102600,2026-01-26,74.81,8
344,104121,2026-02-07,33.21,4
832,109842,2026-02-16,56.31,4
769,109195,2026-02-20,27.67,2
313,103795,2026-01-13,37.56,3
640,107698,2026-01-14,44.49,8
169,102108,2026-02-12,26.77,3
420,105029,2026-02-27,45.62,3
46,100598,2026-03-15,51.86,8
609,107252,2026-03-03,46.63,4
498,105921,2026-03-06,43.21,8
587,106997,2025-12-10,33.90,6
348,104152,2026-03-01,46.22,6
163,102033,2026-01-24,27.33,6
441,105300,2026-02-25,29.31,6
351,104188,2025-12-13,29.47,5
536,106440,2025-11-24,89.94,3
2,100020,2026-03-04,113.54,7
597,107113,2025-12-24,59.76,2
367,104366,2026-02-13,24.25,3
82,101028,2026-01-12,14.67,2
289,103521,2026-02-16,30.95,6
894,110561,2025-12-16,48.27,5
496,105897,2025-11-21,77.86,2
174,102148,2025-12-06,29.08,4
225,102783,2026-01-19,53.58,2
409,104876,2026-01-28,78.32,4
220,102736,2026-02-04,28.38,5
446,105332,2025-11-25,26.89,4
610,107284,2026-02-19,20.83,3
74,100939,2026-02-25,36.63,1
801,109488,2026-02-28,36.54,1
114,101417,2026-01-20,36.32,2
644,107727,2026-01-21,27.22,4
47,100624,2026-01-30,28.71,1
662,107959,2026-01-30,42.25,4
997,111708,2026-03-01,36.08,2
680,108136,2026-03-11,19.06,6
292,103569,2025-11-23,66.52,3
116,101422,2026-02-09,30.85,5
560,106721,2026-02-05,29.60,7
277,103370,2026-01-05,23.96,1
185,102298,2026-03-05,18.03,7
561,106735,2026-03-06,25.11,3
580,106922,2025-11-25,26.24,4
40,100505,2026-02-01,37.48,5
83,101045,2026-01-02,18.05,3
569,106823,2026-01-22,42.76,1
289,103519,2025-12-27,29.54,6
593,107071,2026-02-13,42.36,5
439,105290,2025-11-27,18.87,1
248,103027,2025-12-31,29.01,4
289,103507,2026-01-17,32.63,4
827,109796,2026-02-01,64.69,1
684,108219,2026-01-04,77.42,5
809,109593,2026-02-13,55.76,8
247,103020,2026-02-18,18.19,3
560,106729,2026-02-13,15.19,4
439,105282,2025-12-26,27.03,6
857,110086,2026-01-05,46.77,4
428,105134,2026-01-25,33.79,2
41,100517,2025-12-29,70.62,3
934,110972,2026-03-12,31.77,4
369,104380,2026-03-17,49.86,4
48,100638,2026-03-04,31.20,7
703,108398,2025-12-08,62.93,4
975,111397,2026-01-09,13.54,6
490,105807,2025-11-29,44.35,3
893,110548,2025-12-31,31.61,6
815,109653,2026-02-03,30.92,7
501,105964,2026-02-11,33.03,4
971,111335,2026-02-03,28.49,3
613,107330,2025-12-16,36.14,4
117,101436,2026-02-27,16.93,6
883,110425,2026-01-14,67.81,7
896,110584,2026-03-03,24.81,5
252,103099,2025-12-31,89.43,1
898,110615,2026-01-28,57.13,6
299,103668,2026-01-17,49.86,3
675,108086,2025-12-19,26.33,5
169,102102,2026-01-20,20.39,2
651,107791,2026-02-05,36.28,7
532,106403,2026-01-26,19.12,4
480,105709,2026-01-05,25.19,1
656,107862,2026-02-09,37.86,5
561,106739,2026-02-27,31.74,1
206,102546,2026-01-09,28.09,6
293,103571,2026-01-31,38.93,6
216,102693,2026-01-20,34.18,2
159,101959,2026-01-19,18.16,3
150,101854,2026-01-29,38.99,3
160,101979,2026-03-01,53.80,3
500,105956,2026-02-22,26.40,3
393,104675,2026-01-01,45.55,4
611,107303,2025-12-19,36.65,7
425,105090,2025-12-11,70.06,7
117,101430,2026-01-22,20.71,3
769,109187,2026-02-11,34.59,5
282,103419,2026-02-23,20.56,1
356,104238,2026-02-20,22.86,1
287,103467,2025-12-17,55.03,8
883,110417,2026-01-27,62.36,2
826,109772,2025-12-12,15.48,1
177,102187,2026-02-11,101.04,5
354,104211,2026-01-05,18.95,1
214,102680,2026-02-21,27.64,4
306,103737,2026-01-15,37.20,7
620,107407,2026-03-03,18.46,3
80,101007,2026-01-10,39.74,7
461,105469,2026-02-17,103.99,6
894,110558,2025-11-14,40.04,5
575,106875,2026-02-18,39.05,2
951,111136,2026-01-11,89.31,6
757,109055,2026-01-03,22.90,6
538,106470,2025-12-07,13.24,7
510,106103,2026-01-12,39.80,3
495,105891,2026-03-06,31.15,2
112,101388,2026-01-25,23.67,1
414,104925,2026-01-17,23.45,8
50,100653,2026-02-10,38.14,1
22,100315,2025-12-13,37.68,4
23,100324,2026-01-31,50.61,6
801,109499,2026-03-09,16.70,2
283,103431,2026-01-24,36.69,8
825,109769,2025-12-02,38.06,8
461,105461,2026-02-26,85.80,8
677,108113,2025-12-03,71.34,1
609,107255,2026-01-27,40.36,3
189,102367,2026-01-10,43.36,3
14,100213,2026-01-25,17.82,3
209,102633,2026-03-01,25.40,8
258,103157,2026-01-23,25.71,2
503,105994,2026-02-23,18.04,1
236,102912,2026-01-20,15.71,8
11,100154,2026-01-22,21.48,6
107,101335,2026-01-16,25.60,3
709,108494,2026-02-06,39.54,7
13,100194,2026-02-26,40.10,4
910,110737,2025-12-22,25.01,2
367,104364,2026-01-15,54.56,7
921,110832,2026-02-17,65.07,6
755,109042,2026-01-21,38.98,8
168,102087,2025-12-07,38.26,3
965,111253,2026-01-20,24.73,1
482,105739,2026-01-13,75.57,5
536,106437,2025-11-19,36.75,7
47,100625,2026-02-05,29.88,7
908,110701,2025-12-11,41.29,4
374,104431,2026-02-11,48.80,5
818,109694,2026-01-26,123.57,5
112,101396,2026-02-19,32.20,1
253,103116,2026-02-27,84.86,6
848,109988,2026-02-16,37.80,4
69,100893,2026-01-13,18.01,5
86,101081,2026-02-11,36.11,5
659,107909,2026-02-04,62.69,4
531,106388,2026-03-04,16.30,4
892,110541,2026-02-25,24.16,5
496,105899,2026-01-11,47.96,8
169,102103,2026-02-16,30.41,4
581,106943,2026-01-24,24.88,2
177,102204,2026-01-09,91.83,3
985,111527,2026-01-27,44.90,5
264,103229,2026-01-31,30.40,1
502,105965,2026-01-22,94.18,5
976,111402,2026-02-12,47.21,4
595,107094,2026-01-18,18.26,7
846,109959,2026-01-07,13.26,8
334,103986,2026-03-10,30.44,5
636,107626,2026-01-11,21.55,6
183,102268,2025-12-07,38.21,6
964,111246,2026-01-20,37.65,5
685,108226,2026-02-18,94.69,1
924,110851,2025-12-17,31.42,5
166,102072,2026-01-27,58.80,2
531,106391,2026-01-15,27.38,1
198,102484,2026-03-07,51.91,1
285,103452,2026-01-10,40.57,3
664,107985,2025-12-30,18.37,2
198,102483,2026-02-14,44.24,8
482,105735,2026-02-16,52.73,2
998,111715,2026-01-18,28.51,1
91,101167,2026-01-22,26.45,7
568,106820,2025-12-08,29.29,1
8,100085,2026-01-22,107.44,4
160,101981,2026-01-27,29.82,8
491,105813,2025-12-29,38.26,7
705,108457,2026-02-13,15.29,4
474,105656,2026-01-18,30.55,3
264,103214,2026-01-31,23.22,3
386,104602,2026-02-06,39.88,7
795,109431,2026-02-22,19.79,6
155,101905,2026-01-04,34.20,3
272,103308,2026-01-24,42.01,6
44,100574,2026-02-28,16.88,7
972,111361,2026-02-05,98.48,5
879,110366,2026-02-23,23.50,5
684,108221,2026-01-24,71.65,3
275,103330,2026-02-11,40.72,2
275,103329,2026-01-20,30.02,3
122,101486,2025-12-28,22.22,5
610,107283,2026-02-05,38.63,7
557,106691,2026-02-27,31.44,7
874,110296,2026-01-17,97.81,2
703,108400,2025-11-25,42.04,7
327,103926,2026-02-02,17.44,3
729,108761,2026-02-17,92.51,1
161,102006,2026-02-28,34.01,6
265,103232,2025-12-09,45.82,1
200,102495,2025-11-10,32.81,5
327,103917,2026-02-14,26.93,5
897,110603,2026-02-14,43.76,1
572,106858,2026-02-18,31.57,7
264,103226,2026-02-14,24.20,2
503,105999,2026-02-09,21.22,7
623,107460,2026-01-28,31.89,6
436,105229,2026-02-15,62.75,4
143,101766,2026-01-24,26.10,5
396,104717,2026-03-06,46.09,6
127,101568,2026-02-23,78.88,4
601,107176,2026-02-13,95.48,2
466,105547,2026-01-30,29.86,5
238,102935,2026-01-24,22.61,4
909,110717,2026-01-05,42.69,6
776,109286,2026-02-22,57.85,5
309,103761,2025-11-04,45.09,3
328,103935,2026-01-04,13.07,3
340,104054,2025-12-21,15.16,8
480,105710,2025-12-07,65.48,5
249,103049,2026-01-01,17.39,2
428,105147,2026-01-18,64.32,6
501,105959,2026-02-02,59.76,1
74,100944,2026-01-15,22.73,1
594,107091,2025-11-16,89.50,5
544,106529,2026-02-07,71.05,3
576,106885,2026-01-03,32.55,7
280,103391,2026-02-03,52.37,6
972,111344,2026-01-17,84.20,3
988,111552,2025-12-19,35.89,7
455,105401,2026-01-17,26.38,8
384,104579,2026-02-16,61.83,5
112,101380,2026-02-09,31.28,7
376,104474,2026-03-19,33.10,3
723,108712,2025-11-06,53.43,2
159,101960,2026-01-15,23.17,4
5,100060,2025-12-11,27.96,4
490,105803,2025-12-25,39.49,6
424,105083,2026-01-23,13.29,7
727,108733,2025-12-29,44.63,8
455,105392,2026-02-04,27.55,8
497,105914,2026-02-16,33.46,4
685,108227,2026-02-19,40.10,8
57,100741,2026-01-17,23.81,1
208,102602,2026-01-16,54.04,4
307,103739,2026-03-11,29.65,7
545,106564,2026-01-13,15.40,2
948,111109,2026-03-02,34.46,4
325,103894,2026-02-11,77.89,6
378,104503,2026-01-29,46.90,5
594,107089,2025-11-09,59.79,6
312,103769,2026-01-27,12.05,1
571,106832,2025-11-07,57.01,4
220,102737,2026-02-09,19.25,1
414,104929,2026-02-20,42.84,8
506,106050,2026-01-25,62.60,2
42,100523,2026-02-01,97.79,6
278,103375,2026-01-07,39.45,4
738,108833,2026-03-15,81.98,8
329,103936,2026-01-03,55.76,6
96,101234,2026-01-27,37.87,2
826,109775,2025-11-20,29.52,5
179,102234,2026-01-10,31.98,1
552,106643,2026-02-14,41.02,7
461,105460,2026-03-09,63.81,4
90,101129,2026-02-07,37.51,1
305,103709,2025-12-24,43.70,2
31,100437,2025-12-24,45.45,2
307,103753,2026-02-17,15.36,2
988,111538,2026-01-13,35.60,1
493,105846,2026-01-24,33.03,8
836,109872,2026-02-18,31.96,4
172,102134,2025-12-09,58.05,7
190,102385,2026-02-07,56.75,3
655,107846,2025-11-04,68.59,1
30,100434,2025-12-31,19.69,4
418,104997,2026-01-19,51.76,3
186,102338,2026-02-12,24.38,3
426,105106,2026-01-16,57.27,5
22,100313,2026-02-19,53.84,5
401,104785,2026-01-13,30.14,7
484,105770,2025-12-04,61.64,5
838,109898,2026-01-08,18.53,8
889,110496,2026-01-04,32.65,6
80,101002,2026-01-16,36.13,1
796,109443,2025-12-13,50.17,7
658,107889,2026-01-24,37.32,7
924,110849,2026-01-08,36.83,4
874,110299,2026-01-31,80.95,6
288,103473,2026-03-04,46.46,7
356,104246,2026-03-01,14.56,1
617,107368,2025-11-10,61.69,1
803,109526,2025-12-18,38.58,6
688,108272,2026-02-20,29.20,8
415,104936,2026-01-31,27.47,2
263,103202,2026-01-07,34.26,6
873,110279,2026-01-29,31.50,7
760,109088,2026-01-18,35.46,8
756,109043,2025-12-27,66.80,1
869,110251,2026-02-26,26.45,5
948,111120,2026-02-01,32.62,3
961,111220,2026-01-02,16.00,3
790,109401,2026-01-21,22.84,3
334,103989,2026-02-19,19.34,8
258,103170,2026-02-26,24.36,2
259,103184,2026-02-25,26.96,1
984,111508,2026-01-10,14.82,4
994,111662,2026-03-01,32.95,6
838,109905,2026-02-01,40.88,7
393,104682,2025-12-28,32.61,1
472,105629,2025-12-04,28.74,1
299,103661,2026-02-24,67.39,4
623,107454,2026-01-18,26.52,7
719,108659,2025-12-31,32.21,7
90,101133,2026-03-06,41.03,7
640,107695,2025-12-29,31.26,3
514,106170,2026-02-25,49.93,1
475,105670,2026-02-26,27.40,2
621,107424,2026-02-04,41.30,8
506,106046,2026-02-21,53.07,3
428,105117,2026-02-26,64.46,2
788,109379,2026-01-24,19.11,3
435,105224,2025-12-06,59.67,4
837,109885,2025-12-23,47.78,5
586,106977,2026-01-10,53.14,3
221,102741,2026-02-06,18.03,8
919,110818,2026-01-16,27.07,6
599,107144,2026-01-23,53.78,5
17,100247,2026-01-18,37.45,8
86,101083,2026-02-14,17.52,8
684,108216,2026-01-02,79.94,2
400,104773,2025-12-24,20.33,3
685,108250,2026-03-04,51.27,3
499,105943,2026-01-26,31.14,7
649,107756,2025-12-20,62.49,6
319,103864,2026-01-14,41.94,5
467,105571,2026-03-02,22.39,6
405,104828,2025-12-29,30.52,3
990,111581,2025-12-25,25.76,2
992,111610,2026-01-08,50.62,8
145,101787,2026-01-22,33.62,2
599,107143,2026-02-02,87.36,2
257,103138,2026-03-11,58.83,5
414,104928,2026-01-23,38.76,4
178,102223,2026-02-22,20.50,6
88,101087,2026-01-19,41.25,8
897,110608,2026-02-05,20.03,3
705,108449,2026-02-14,22.38,4
398,104752,2026-02-03,26.87,3
934,110984,2026-02-21,31.36,1
416,104967,2026-01-26,122.94,6
500,105949,2025-12-30,44.30,6
566,106803,2025-12-10,41.39,6
332,103959,2026-01-19,31.06,4
691,108312,2025-11-12,69.52,8
334,103979,2026-03-14,16.12,4
270,103269,2026-03-12,122.81,4
157,101935,2026-03-14,21.42,1
64,100812,2026-01-06,40.32,2
844,109954,2025-12-19,38.72,5
700,108380,2026-02-20,45.84,7
660,107947,2026-02-01,26.29,2
847,109979,2026-02-23,15.35,2
460,105451,2026-02-02,42.73,4
297,103622,2026-01-14,31.86,8
768,109163,2026-02-04,17.86,7
482,105729,2026-02-06,90.25,8
632,107552,2026-02-12,19.52,7
231,102855,2026-01-17,89.25,2
283,103434,2026-01-11,40.10,7
140,101719,2026-03-09,35.26,2
255,103126,2025-12-15,23.43,4
35,100471,2026-02-02,18.86,5
164,102045,2026-01-08,11.10,8
543,106511,2026-01-14,22.65,3
724,108715,2026-01-21,39.82,8
780,109320,2026-03-10,20.26,7
259,103174,2026-02-23,31.28,8
271,103286,2025-11-12,25.14,3
227,102807,2026-01-07,24.02,2
556,106676,2026-01-17,34.85,5
325,103895,2026-02-11,81.04,7
24,100336,2026-01-23,24.76,4
628,107523,2026-01-16,40.22,6
410,104888,2026-01-26,12.73,1
699,108367,2026-01-20,23.53,3
416,104970,2026-01-13,53.51,8
295,103601,2025-12-07,52.89,8
736,108818,2026-02-03,43.95,7
933,110954,2026-01-21,37.45,6
180,102251,2025-12-21,79.87,4
578,106898,2026-02-11,34.53,6
53,100695,2026-02-03,25.49,1
795,109441,2026-01-10,29.75,5
45,100575,2026-01-11,75.98,1
143,101765,2026-02-10,16.86,4
192,102411,2026-01-30,14.16,7
190,102386,2026-03-02,43.95,6
992,111609,2026-02-24,48.22,2
13,100181,2026-02-03,66.59,5
456,105408,2026-02-02,48.03,2
704,108409,2026-02-22,40.15,1
104,101296,2026-02-18,18.62,5
743,108903,2026-01-26,23.80,1
35,100464,2026-02-09,23.56,3
982,111486,2026-01-20,17.72,8
509,106099,2026-02-17,37.42,8
525,106303,2026-01-01,43.71,4
664,107977,2026-02-17,30.38,4
80,100991,2026-02-02,32.99,6
562,106762,2026-03-08,31.05,7
461,105458,2026-02-01,44.08,1
68,100863,2026-03-06,81.44,5
652,107798,2026-02-13,53.51,6
170,102131,2026-02-12,23.88,3
298,103645,2026-02-24,36.78,7
362,104313,2026-01-10,27.58,7
954,111144,2025-12-28,79.83,6
797,109460,2026-02-25,17.11,6
760,109104,2026-01-08,29.40,4
131,101581,2026-01-31,18.13,1
994,111665,2026-02-11,26.19,5
436,105239,2026-02-19,43.63,3
189,102369,2025-12-31,43.23,7
69,100885,2026-01-09,24.84,7
189,102363,2026-02-06,20.88,4
509,106079,2026-03-06,67.53,7
967,111303,2026-01-24,48.78,3
528,106333,2026-02-21,36.59,7
209,102624,2026-01-18,25.87,1
315,103820,2025-11-28,61.99,3
928,110895,2026-01-11,41.43,7
74,100945,2026-02-04,35.47,3
750,108995,2026-01-27,17.40,1
28,100412,2026-01-15,46.42,5
626,107490,2025-12-28,65.75,4
870,110263,2025-12-25,20.91,6
913,110759,2026-01-13,33.40,7
643,107711,2026-01-31,52.02,7
937,111001,2026-01-23,25.75,2
417,104981,2026-03-04,20.35,1
972,111363,2026-02-05,75.07,6
430,105159,2025-11-16,59.10,7
103,101290,2026-01-02,67.59,2
457,105416,2025-12-16,80.92,5
983,111505,2026-01-23,41.16,1
157,101929,2026-03-07,17.41,7
483,105760,2026-01-03,28.31,6
249,103054,2026-01-14,38.88,6
13,100176,2026-02-14,69.76,8
618,107381,2026-01-07,25.41,2
776,109257,2026-01-20,62.76,4
836,109867,2026-02-17,19.84,2
127,101561,2026-03-11,71.51,6
833,109845,2025-12-18,65.99,5
961,111224,2026-01-22,32.84,3
10,100137,2026-02-22,65.31,1
264,103222,2025-12-26,39.40,8
174,102154,2025-11-26,57.73,1
872,110271,2025-10-26,41.05,8
220,102724,2026-02-11,16.97,2
738,108844,2026-01-09,62.25,1
215,102689,2025-12-30,37.79,8
304,103700,2026-01-25,33.66,2
424,105078,2025-12-16,36.84,3
709,108504,2026-01-29,35.24,7
154,101886,2026-02-09,48.06,8
859,110126,2026-02-06,61.02,1
675,108088,2026-01-30,32.61,1
573,106860,2025-12-02,33.84,2
350,104181,2026-02-05,35.83,8
584,106969,2026-01-16,122.90,4
406,104833,2026-02-17,21.64,2
572,106848,2026-02-02,33.86,7
414,104922,2026-02-05,35.58,4
517,106195,2026-02-26,33.73,6
250,103069,2026-01-21,23.21,8
191,102392,2026-01-09,39.37,8
498,105933,2026-02-07,49.78,1
107,101348,2025-12-29,26.74,3
13,100171,2026-01-31,53.74,2
690,108304,2025-12-05,67.13,5
624,107473,2026-02-23,38.20,1
823,109757,2026-01-28,32.89,8
49,100650,2026-02-02,33.04,6
131,101587,2026-02-08,25.90,5
227,102809,2026-01-02,19.17,8
43,100548,2026-02-11,16.02,3
276,103343,2026-01-10,35.46,6
887,110476,2026-02-22,24.77,2
253,103110,2026-02-11,113.05,5
548,106582,2026-03-01,42.25,7
16,100235,2025-12-20,27.47,8
4,100055,2025-12-25,39.50,5
462,105477,2026-02-12,15.11,4
492,105839,2026-01-03,32.60,4
28,100417,2026-01-12,58.85,7
709,108503,2026-01-20,44.72,1
776,109282,2026-01-15,40.51,8
428,105125,2026-02-24,70.39,8
865,110190,2026-01-14,78.42,4
140,101722,2026-01-20,28.94,7
327,103923,2026-02-18,28.79,6
497,105904,2026-02-02,17.72,4
803,109524,2025-12-29,20.79,7
511,106116,2025-12-20,30.90,8
264,103231,2026-02-03,36.99,6
225,102793,2026-01-13,79.68,5
478,105693,2025-12-18,31.60,2
684,108203,2026-01-31,82.15,7
8,100089,2026-03-15,62.35,8
644,107729,2025-12-30,33.24,7
382,104549,2026-01-30,39.61,6
991,111591,2026-03-11,15.74,3
432,105199,2026-02-26,26.16,6
589,107007,2026-01-16,30.44,3
252,103097,2025-12-15,92.82,1
359,104272,2026-02-19,49.84,1
198,102469,2026-03-08,59.34,6
608,107242,2025-12-19,92.57,6
957,111179,2026-03-19,75.80,5
245,102990,2026-02-22,38.89,8
822,109734,2026-03-03,20.28,7
494,105864,2026-02-22,87.69,6
592,107062,2026-01-24,32.36,7
589,107009,2026-01-15,38.19,2
668,108010,2026-02-26,13.96,8
467,105565,2026-02-12,36.29,8
750,108993,2025-12-26,20.47,5
871,110265,2026-01-16,71.08,3
190,102384,2026-02-04,61.07,2
528,106325,2026-02-13,28.06,8
247,103008,2026-02-24,37.47,5
319,103859,2026-02-25,28.16,4
109,101364,2026-02-03,29.31,7
811,109610,2026-01-13,34.15,8
683,108193,2026-01-09,39.82,7
426,105100,2026-01-26,43.24,4
83,101048,2025-12-19,21.18,3
157,101925,2026-02-03,29.98,2
50,100656,2026-01-06,26.60,7
137,101693,2026-01-20,37.49,5
428,105118,2026-02-08,64.56,3
530,106367,2026-01-07,19.67,3
344,104116,2026-03-10,48.11,5
780,109317,2026-01-01,45.90,3
2,100026,2026-01-12,79.92,7
957,111190,2026-03-02,38.79,1
467,105574,2026-02-28,16.84,6
420,105036,2026-01-20,94.76,3
67,100833,2026-01-22,35.76,2
681,108152,2025-12-06,13.61,5
360,104293,2026-01-11,36.31,2
10,100125,2026-01-24,60.76,6
79,100985,2026-01-19,28.35,2
209,102614,2026-03-16,17.63,2
208,102612,2026-01-11,42.95,4
606,107234,2026-02-03,19.35,8
865,110189,2026-01-14,56.28,2
770,109196,2026-01-06,19.46,8
378,104497,2026-01-10,29.50,7
419,105005,2026-01-22,33.67,4
294,103581,2025-12-22,36.61,6
970,111317,2025-11-29,26.37,5
428,105122,2026-02-17,64.21,4
946,111106,2026-02-07,41.48,6
168,102093,2026-01-20,38.56,6
732,108788,2026-01-26,58.03,1
780,109306,2026-02-27,46.85,4
199,102491,2026-01-11,38.45,6
939,111014,2025-12-02,58.44,8
668,108015,2026-02-21,36.87,1
149,101826,2026-01-07,45.13,3
2,100021,2026-01-16,92.23,8
462,105486,2026-02-12,32.27,1
405,104826,2025-10-27,49.39,2
106,101326,2026-01-03,26.03,6
139,101707,2025-10-24,74.45,5
989,111556,2025-12-28,68.10,3
294,103590,2026-01-19,25.31,2
906,110684,2025-12-27,32.07,7
654,107837,2026-01-06,27.52,8
933,110950,2026-01-20,21.78,3
269,103261,2026-02-19,21.96,8
788,109392,2025-12-29,20.81,7
376,104478,2026-03-15,64.15,1
544,106541,2026-02-22,61.19,1
471,105609,2026-01-13,18.94,1
564,106781,2025-12-25,28.58,3
710,108509,2026-01-27,39.48,4
114,101418,2026-02-17,34.73,2
611,107300,2025-11-25,35.49,3
327,103928,2026-03-04,35.99,8
79,100988,2026-01-31,36.61,7
101,101274,2026-02-06,90.02,5
782,109336,2026-01-26,29.33,5
639,107680,2026-01-22,21.78,2
797,109464,2026-03-14,15.07,5
716,108575,2026-01-12,39.77,2
233,102879,2025-12-25,39.13,6
781,109323,2025-11-26,83.87,3
846,109958,2025-12-01,12.30,3
609,107261,2026-03-05,56.51,4
177,102188,2026-03-10,89.00,4
177,102201,2026-03-01,74.18,5
628,107516,2025-12-29,25.89,1
185,102311,2026-02-26,11.95,2
745,108944,2026-03-11,24.55,7
806,109548,2025-12-22,45.37,4
423,105075,2026-02-04,34.32,8
127,101558,2026-03-12,58.42,6
108,101362,2026-01-13,34.69,1
387,104634,2026-01-19,24.47,5
802,109504,2026-01-15,19.48,8
488,105792,2025-11-22,84.69,7
866,110201,2026-01-05,66.03,7
296,103603,2026-01-14,44.60,5
774,109235,2026-01-02,32.48,6
353,104203,2026-01-09,28.65,5
818,109697,2026-02-05,118.63,8
931,110925,2026-02-03,22.78,6
490,105809,2026-01-03,20.05,1
696,108343,2026-02-03,40.13,4
345,104138,2026-01-17,35.82,6
225,102779,2026-01-11,90.92,2
182,102266,2026-01-20,32.74,4
417,104993,2026-01-28,15.29,6
933,110953,2026-03-04,38.91,7
502,105983,2026-03-07,50.23,6
242,102968,2025-11-29,33.13,7
478,105691,2025-12-16,34.77,2
638,107651,2026-02-13,47.04,1
739,108874,2026-01-05,17.08,4
562,106759,2026-01-08,27.79,8
734,108798,2026-01-18,19.30,2
227,102808,2026-01-11,18.51,8
463,105508,2026-01-12,36.96,8
745,108931,2026-01-04,28.41,5
179,102232,2026-03-07,24.56,8
483,105752,2026-01-23,15.64,8
994,111668,2026-01-06,19.84,8
282,103412,2026-02-27,32.64,8
248,103044,2026-01-09,27.60,8
325,103897,2026-02-07,83.49,3
705,108444,2026-02-03,18.78,4
622,107433,2026-02-04,15.75,5
656,107852,2026-01-16,35.85,6
553,106652,2026-01-17,40.97,5
911,110744,2026-01-25,56.58,1
439,105280,2025-12-04,25.02,3
634,107587,2026-02-24,20.07,6
920,110827,2025-12-04,50.43,2
633,107579,2026-01-24,16.05,1
279,103383,2026-03-14,52.03,7
632,107550,2026-01-05,28.65,5
191,102391,2026-02-15,33.36,5
325,103888,2026-01-26,66.11,3
240,102947,2026-01-16,30.90,4
692,108318,2025-12-21,15.58,7
28,100404,2026-01-24,86.75,4
516,106182,2025-12-18,47.16,1
893,110555,2026-01-26,36.27,7
383,104566,2026-02-05,20.49,7
276,103340,2026-01-23,18.66,4
159,101968,2025-12-31,25.83,8
42,100543,2026-01-08,59.61,2
436,105248,2026-02-17,41.74,1
219,102719,2026-01-04,37.82,6
907,110698,2026-01-04,18.58,8
732,108787,2026-01-23,59.91,3
126,101543,2026-01-31,21.44,7
282,103408,2026-02-15,20.58,7
14,100208,2026-02-03,35.13,3
839,109910,2025-12-09,25.04,2
627,107496,2026-01-26,22.14,7
487,105785,2026-03-05,42.95,3
654,107842,2026-01-20,35.86,5
785,109363,2025-12-31,32.62,3
612,107309,2026-02-24,16.51,5
618,107385,2026-03-07,20.22,7
468,105578,2026-01-12,57.45,3
470,105586,2026-01-12,69.05,5
760,109097,2026-02-28,23.33,2
603,107206,2026-01-27,22.14,6
865,110187,2026-02-20,52.80,8
143,101754,2025-12-28,35.62,1
621,107423,2026-02-11,32.96,1
272,103299,2026-02-13,20.74,2
218,102702,2025-11-26,76.48,7
474,105650,2026-03-11,56.67,7
204,102520,2026-02-13,46.55,4
298,103658,2026-01-31,68.39,6
803,109531,2026-01-01,18.52,4
186,102335,2026-01-02,29.74,4
84,101050,2026-02-15,30.22,7
284,103440,2026-02-07,56.97,4
481,105715,2025-12-26,39.92,3
386,104603,2026-01-04,33.25,1
21,100305,2026-01-20,46.18,2
561,106743,2026-02-07,33.74,4
797,109456,2026-03-12,19.78,7
294,103585,2025-12-20,51.51,7
675,108094,2025-12-20,37.17,8
489,105798,2026-01-31,43.17,3
2,100008,2026-02-10,67.86,3
385,104599,2026-01-28,13.03,5
96,101233,2026-02-07,56.92,2
685,108245,2026-03-12,97.92,8
183,102269,2025-12-11,24.69,2
52,100694,2026-02-13,31.72,7
21,100307,2025-11-26,26.59,7
338,104025,2025-11-19,47.23,7
958,111203,2026-02-27,38.26,8
184,102290,2026-01-04,62.51,5
977,111414,2026-01-14,29.04,5
592,107051,2026-02-05,25.50,4
530,106363,2026-02-24,36.46,5
380,104527,2025-11-22,41.58,3
342,104083,2026-02-24,42.43,1
652,107800,2026-03-16,79.67,7
30,100426,2025-12-16,15.65,8
858,110089,2026-03-05,35.00,8
575,106873,2026-02-10,20.38,8
463,105506,2026-03-04,33.49,7
617,107363,2025-11-30,27.50,1
225,102791,2026-02-25,85.18,7
53,100701,2026-01-09,13.44,5
896,110595,2026-02-03,42.49,7
942,111056,2025-12-07,35.89,2
922,110834,2026-01-16,43.73,3
198,102462,2026-01-12,71.75,5
939,111018,2025-11-13,33.30,3
517,106194,2026-03-02,24.90,6
295,103594,2025-11-25,43.66,4
25,100351,2026-01-30,10.49,7
943,111066,2026-01-01,31.42,6
740,108891,2026-02-12,20.34,3
764,109136,2026-02-22,47.66,6
836,109884,2025-12-16,26.51,8
406,104834,2026-02-16,43.11,7
945,111083,2026-02-19,61.38,2
161,102008,2026-02-11,49.53,6
769,109189,2026-03-08,18.00,8
941,111049,2026-01-17,44.27,5
166,102048,2026-02-20,79.59,3
652,107803,2026-02-28,62.31,2
393,104688,2026-01-14,39.13,2
994,111659,2026-01-04,30.86,5
627,107510,2026-02-14,32.95,6
62,100790,2026-01-06,20.23,8
704,108437,2026-01-30,42.48,1
628,107527,2026-01-15,37.47,1
299,103671,2026-03-05,91.96,2
719,108653,2025-12-25,19.91,6
773,109227,2026-02-02,31.79,8
383,104557,2026-02-19,24.92,8
505,106030,2026-02-21,62.23,4
963,111237,2025-12-22,51.49,6
388,104648,2026-02-17,52.88,5
866,110208,2025-12-20,64.11,8
217,102695,2026-01-07,50.17,1
373,104425,2025-12-14,57.66,4
442,105310,2026-01-28,30.85,3
946,111100,2026-02-08,42.27,4
530,106366,2026-01-17,36.39,2
656,107863,2026-03-05,24.45,5
418,104994,2025-12-03,29.07,3
298,103640,2026-02-05,48.56,8
161,101994,2026-01-14,40.13,8
975,111385,2025-12-29,36.86,6
350,104184,2026-01-19,21.98,7
899,110622,2026-01-19,61.75,4
116,101423,2026-01-11,11.84,8
762,109114,2026-01-21,21.76,4
369,104400,2026-01-24,48.20,5
671,108049,2025-12-29,39.01,7
776,109259,2026-01-28,64.47,8
56,100722,2026-01-22,40.13,5
865,110196,2026-01-11,67.55,7
959,111213,2026-01-18,24.11,2
17,100249,2026-01-01,35.30,6
225,102774,2026-01-14,45.71,7
3,100032,2026-01-18,40.38,8
45,100582,2026-03-09,87.91,7
349,104169,2025-11-26,56.28,1
365,104348,2026-02-16,23.77,5
634,107593,2026-01-06,22.61,4
598,107129,2026-02-20,42.35,2
595,107106,2026-01-22,52.57,4
105,101310,2026-02-17,23.43,2
758,109067,2026-02-24,29.58,1
967,111289,2026-01-29,65.39,4
721,108681,2026-02-24,75.67,4
205,102538,2026-01-20,24.13,7
632,107553,2025-12-12,36.88,7
726,108726,2026-01-20,15.26,6
883,110424,2026-01-03,77.06,3
9,100110,2025-12-30,32.66,8
272,103307,2026-01-09,31.31,8
306,103728,2026-02-10,31.10,1
359,104269,2026-02-09,45.37,6
324,103880,2025-12-23,38.49,3
744,108929,2025-12-05,16.39,5
206,102547,2026-03-09,15.96,8
344,104126,2026-02-17,37.20,1
161,102002,2026-02-01,43.31,2
503,106003,2026-03-02,30.21,1
847,109971,2026-02-03,22.06,7
29,100421,2025-11-03,45.33,1
852,110034,2026-03-07,61.89,1
716,108566,2026-01-09,52.67,5
519,106252,2026-03-04,70.86,8
269,103257,2025-12-16,38.61,3
135,101640,2026-01-14,61.46,3
56,100724,2026-02-05,19.89,4
117,101433,2026-02-05,35.34,3
888,110483,2026-02-03,25.28,7
163,102041,2026-02-21,37.03,4
859,110117,2026-01-29,50.92,3
812,109611,2026-02-08,45.52,6
473,105640,2026-02-06,16.30,5
821,109720,2025-12-26,58.96,7
625,107479,2026-02-14,50.11,3
398,104749,2026-01-21,33.54,2
669,108028,2025-12-27,30.44,8
138,101701,2025-11-24,40.19,6
229,102830,2026-02-26,26.44,8
245,102981,2026-01-12,36.78,4
592,107049,2025-12-29,25.57,4
384,104574,2026-03-02,60.53,4
67,100846,2025-12-29,42.21,8
599,107149,2026-01-19,86.15,7
334,103993,2026-02-07,22.74,6
957,111194,2026-02-23,71.12,5
883,110428,2026-01-30,64.03,4
902,110647,2026-01-16,23.17,4
772,109202,2026-01-24,25.65,8
325,103892,2026-03-04,54.11,8
951,111132,2025-12-03,90.47,8
137,101667,2026-03-18,57.85,4
60,100785,2025-12-30,24.06,3
505,106039,2026-02-04,28.64,4
717,108593,2026-03-03,50.77,2
474,105657,2026-01-14,59.22,8
385,104595,2026-02-23,34.73,5
132,101619,2026-02-20,38.58,8
863,110170,2026-01-25,36.82,3
873,110283,2025-12-29,56.22,7
399,104757,2026-02-12,35.91,2
168,102090,2025-12-10,32.59,3
816,109669,2026-03-01,27.38,2
611,107302,2026-01-06,21.44,7
549,106595,2025-12-25,45.14,4
500,105953,2026-02-12,28.17,1
50,100663,2026-01-11,34.19,8
452,105362,2025-11-20,104.33,6
783,109342,2026-01-12,90.61,1
613,107325,2025-12-31,29.44,6
889,110500,2026-02-28,20.86,8
153,101883,2026-02-09,47.00,4
361,104298,2025-12-15,66.77,5
437,105261,2026-01-03,16.16,6
2,100027,2026-02-27,99.53,2
948,111124,2026-02-27,22.87,8
445,105325,2026-01-11,26.42,7
689,108293,2026-02-13,47.99,2
518,106199,2026-03-02,31.40,1
200,102503,2025-12-11,30.74,5
4,100057,2026-02-25,27.09,4
358,104261,2026-02-23,31.44,8
529,106349,2026-02-07,85.44,2
592,107065,2026-02-11,28.68,6
96,101243,2026-01-17,44.50,2
89,101096,2026-02-06,70.39,5
304,103699,2025-11-25,19.47,8
887,110463,2026-01-11,32.47,5
53,100700,2026-01-17,19.10,8
557,106682,2026-02-02,25.73,5
59,100768,2026-01-25,24.19,7
474,105649,2026-01-12,21.70,3
975,111383,2026-01-13,15.42,1
809,109594,2025-12-25,36.48,7
173,102146,2026-01-08,43.37,1
957,111173,2026-02-06,43.95,2
135,101652,2026-01-18,72.49,6
547,106573,2026-02-06,25.56,4
572,106846,2026-01-07,32.15,4
852,110027,2026-01-17,36.44,3
376,104466,2026-02-17,40.93,3
20,100279,2026-02-19,68.44,7
251,103093,2026-01-24,27.99,2
544,106526,2026-01-18,101.56,1
174,102149,2025-11-05,29.35,8
739,108865,2026-02-19,17.84,8
991,111586,2026-02-23,15.21,7
607,107239,2025-12-27,28.89,8
599,107159,2026-01-17,72.07,5
112,101397,2026-01-19,33.36,1
750,108987,2026-02-17,29.73,8
518,106206,2026-01-15,73.79,6
739,108855,2026-03-06,22.54,4
836,109878,2026-01-28,16.83,3
518,106197,2026-02-12,62.55,6
185,102305,2026-01-12,22.12,6
85,101064,2026-02-26,22.36,5
463,105497,2026-03-19,20.40,8
21,100310,2025-11-29,68.48,7
424,105086,2026-01-11,34.25,2
470,105602,2026-02-25,90.16,6
858,110096,2026-02-16,20.57,2
550,106619,2026-03-02,64.62,1
176,102168,2026-01-04,12.67,1
559,106711,2025-11-04,33.95,8
992,111622,2026-01-10,40.77,7
365,104338,2026-01-16,32.43,2
868,110235,2026-02-24,51.94,2
872,110270,2025-10-18,44.30,8
291,103552,2026-03-03,66.45,3
710,108514,2025-12-29,52.51,6
273,103315,2026-01-06,37.16,6
767,109151,2026-01-31,53.52,7
348,104155,2026-02-01,18.10,5
325,103883,2026-02-27,53.02,1
245,102998,2025-12-20,14.53,5
797,109451,2026-02-17,27.90,2
551,106637,2025-12-21,40.17,5
195,102443,2026-01-20,33.30,5
981,111479,2026-02-26,48.49,1
818,109687,2026-02-03,84.06,7
896,110583,2026-02-07,25.16,7
378,104496,2026-02-26,46.88,1
149,101832,2026-01-11,35.46,3
177,102200,2026-01-07,86.33,8
665,107996,2025-11-22,65.88,7
584,106967,2026-02-07,96.03,1
862,110157,2026-01-25,21.60,5
376,104469,2026-03-11,52.26,8
9,100114,2025-12-27,37.34,7
11,100155,2026-01-09,38.60,8
679,108126,2026-01-27,23.62,5
587,106996,2026-02-01,25.36,8
936,110999,2025-11-23,18.96,1
974,111376,2026-01-01,33.02,8
273,103314,2026-02-28,26.64,8
988,111542,2026-02-18,22.08,4
842,109941,2026-01-19,67.55,4
706,108463,2026-01-26,15.13,2
854,110065,2025-12-18,62.66,4
891,110525,2025-12-23,39.24,2
267,103248,2026-01-16,25.31,8
896,110597,2026-01-20,18.50,7
913,110763,2026-02-17,38.85,3
42,100527,2026-02-19,71.06,4
131,101590,2025-12-31,20.66,3
699,108366,2026-03-06,26.73,7
892,110534,2026-02-09,35.06,6
883,110435,2026-01-22,31.32,8
502,105980,2026-03-03,49.28,3
211,102652,2025-12-17,35.00,8
519,106237,2026-03-16,50.30,1
809,109587,2026-01-30,21.29,8
206,102557,2026-02-19,32.31,7
853,110054,2026-01-20,90.89,5
991,111593,2026-01-11,13.83,1
491,105814,2026-01-23,39.85,4
982,111487,2026-01-22,12.81,3
490,105804,2025-12-14,36.58,7
653,107831,2025-12-04,19.89,1
137,101680,2026-02-19,59.06,5
298,103648,2026-01-31,37.27,5
14,100207,2026-02-07,32.42,6
505,106015,2026-03-14,34.20,2
256,103128,2025-12-08,10.60,1
824,109760,2025-11-27,23.63,8
637,107631,2026-01-23,23.40,6
730,108776,2025-12-24,46.79,5
42,100536,2026-03-15,75.24,1
82,101019,2026-02-14,26.34,4
550,106604,2026-03-08,77.84,1
655,107850,2025-10-26,43.47,8
385,104601,2026-02-21,17.12,4
294,103584,2026-01-30,47.97,3
79,100978,2026-02-17,36.85,3
330,103945,2026-01-28,25.02,6
464,105522,2026-01-16,32.35,2
933,110955,2026-01-09,41.06,8
127,101544,2026-02-08,61.16,4
47,100615,2026-02-16,25.53,4
675,108091,2026-01-31,33.46,6
634,107594,2025-12-30,37.97,6
633,107564,2026-02-10,30.44,5
933,110964,2026-01-17,29.30,1
731,108783,2026-02-02,40.89,1
515,106178,2025-11-25,51.34,8
43,100552,2026-02-11,39.73,1
27,100371,2026-03-13,62.38,7
368,104376,2025-11-29,50.33,8
164,102043,2026-01-09,15.75,5
313,103789,2026-02-01,38.16,6
899,110626,2025-12-27,31.47,5
457,105420,2025-11-24,43.83,8
166,102051,2026-01-09,83.73,5
297,103617,2025-12-23,38.07,7
159,101969,2026-01-01,27.99,7
572,106855,2026-02-21,25.24,8
948,111126,2026-02-17,31.61,7
125,101525,2026-01-21,70.89,2
776,109279,2026-01-29,53.65,4
468,105577,2026-02-16,81.48,4
105,101312,2026-01-01,42.65,6
669,108035,2025-12-20,29.46,5
887,110458,2026-02-26,31.26,8
930,110910,2026-01-14,56.71,7
401,104777,2026-03-15,15.97,5
53,100711,2026-02-27,17.20,4
518,106226,2026-03-07,38.84,3
894,110562,2025-11-21,61.35,3
19,100274,2026-01-10,67.55,8
776,109273,2026-02-21,64.37,8
524,106292,2025-12-17,44.94,6
436,105251,2026-03-01,67.46,1
53,100704,2026-02-08,13.73,8
376,104484,2026-03-03,37.16,5
478,105695,2026-01-06,18.52,4
697,108349,2026-01-22,32.54,5
657,107869,2026-01-17,84.67,7
348,104154,2026-02-13,18.51,1
798,109471,2026-01-10,33.69,1
767,109155,2026-02-04,30.49,6
874,110313,2026-02-06,73.12,7
448,105341,2025-12-31,59.88,3
357,104247,2025-11-27,24.78,2
268,103254,2025-11-30,26.55,5
299,103673,2026-01-10,74.83,3
790,109415,2026-02-06,29.34,7
127,101567,2026-02-19,67.02,8
204,102525,2026-01-30,22.48,5
792,109421,2026-02-08,46.30,1
532,106397,2026-01-05,20.20,5
688,108270,2026-01-02,31.36,1
860,110139,2026-02-14,27.45,6
70,100895,2026-01-01,22.66,4
470,105598,2026-02-11,67.18,8
785,109359,2026-01-08,20.29,5
584,106958,2026-02-18,58.74,4
277,103352,2025-12-30,13.94,3
876,110323,2026-02-01,24.09,3
764,109130,2026-01-22,20.21,6
461,105463,2026-01-12,95.39,7
705,108450,2026-01-19,30.21,5
775,109248,2026-02-08,19.05,5
776,109272,2026-01-15,53.26,5
432,105200,2026-03-07,28.87,1
975,111381,2025-12-22,29.46,5
554,106662,2025-11-15,36.83,7
26,100352,2026-02-19,25.93,7
337,104007,2026-02-24,35.49,1
953,111142,2025-11-17,26.08,7
662,107965,2026-03-09,54.54,5
517,106186,2025-12-31,48.72,3
146,101790,2026-01-01,23.29,3
575,106876,2026-01-05,37.17,1
545,106546,2026-02-01,16.33,7
966,111265,2026-02-20,29.14,5
874,110305,2026-03-13,84.42,8
276,103351,2026-01-25,24.74,6
120,101476,2025-12-17,22.68,7
526,106312,2025-12-11,110.01,5
650,107777,2026-01-21,19.60,8
636,107610,2026-01-21,16.49,1
926,110869,2026-02-05,29.47,6
312,103784,2026-01-30,34.33,7
412,104911,2025-11-19,30.37,1
207,102577,2026-01-02,24.61,4
967,111290,2026-01-29,50.54,7
288,103479,2026-02-01,76.12,6
533,106416,2026-01-25,23.63,5
279,103385,2026-03-05,53.46,5
249,103053,2025-12-26,35.22,3
579,106907,2026-01-11,20.90,2
743,108908,2026-02-18,36.49,3
665,107994,2025-12-01,52.64,2
498,105925,2026-01-31,56.28,1
161,102013,2026-03-07,43.87,6
739,108866,2026-02-15,17.33,1
718,108632,2026-03-01,21.42,7
380,104525,2025-11-29,61.54,6
839,109908,2026-01-26,36.73,7
319,103857,2026-02-12,40.38,1
680,108139,2026-02-15,36.35,5
745,108935,2026-01-16,37.51,1
350,104177,2025-12-21,46.39,7
914,110768,2025-12-28,64.35,1
529,106352,2026-01-16,44.26,8
888,110478,2026-02-11,47.97,5
406,104843,2026-01-26,24.54,7
293,103576,2026-01-27,45.78,5
643,107715,2026-01-30,32.90,4
184,102273,2026-01-06,79.37,6
488,105789,2025-12-12,113.51,5
883,110429,2026-02-10,69.68,8
853,110063,2026-01-28,85.24,2
192,102403,2026-01-31,41.54,4
333,103974,2025-11-19,32.92,7
706,108462,2026-02-19,15.42,4
414,104931,2026-01-17,32.67,2
20,100287,2026-03-06,71.49,8
307,103754,2026-02-10,24.63,6
397,104741,2026-01-31,14.32,6
853,110055,2026-01-17,72.78,5
337,104011,2026-01-07,14.69,6
510,106114,2026-02-13,41.47,4
216,102691,2025-11-23,23.08,5
990,111571,2025-12-20,35.44,7
627,107493,2025-12-22,17.96,3
440,105298,2025-12-30,61.62,2
400,104766,2025-12-06,27.48,6
753,109027,2026-01-16,20.87,6
473,105642,2026-02-04,27.40,6
692,108322,2026-01-11,29.61,4
806,109554,2026-01-05,43.08,8
407,104854,2026-02-22,79.84,3
271,103292,2025-10-28,52.93,7
313,103801,2026-02-06,32.55,8
325,103890,2026-02-05,97.69,2
519,106228,2026-01-24,39.97,5
857,110083,2025-12-12,33.03,8
687,108269,2026-01-01,22.00,6
538,106460,2025-11-29,23.27,4
189,102372,2026-01-07,37.52,2
650,107774,2026-01-29,11.56,8
386,104605,2025-12-26,20.47,2
152,101860,2025-11-26,32.08,3
31,100435,2025-11-17,55.03,3
753,109019,2025-12-19,37.34,8
375,104435,2026-02-03,13.89,6
462,105495,2026-03-12,24.43,1
10,100123,2026-01-18,49.09,6
981,111471,2026-02-05,42.45,2
337,104006,2026-01-19,13.85,7
704,108420,2026-02-16,68.13,1
10,100124,2026-02-10,71.78,2
131,101596,2026-01-21,24.96,3
225,102776,2026-01-23,44.79,6
25,100350,2026-02-12,26.88,4
650,107768,2026-02-06,27.42,7
137,101681,2026-01-24,41.39,2
930,110920,2026-02-27,63.00,1
125,101522,2026-02-26,66.08,6
977,111422,2025-12-29,46.77,7
898,110613,2026-02-20,22.84,6
365,104335,2025-12-30,16.38,6
776,109261,2026-02-05,29.83,2
80,101001,2026-02-16,19.85,7
369,104397,2026-01-27,79.76,8
76,100966,2025-12-27,37.65,3
788,109393,2026-01-19,30.90,2
224,102764,2025-11-16,52.54,7
277,103354,2026-02-25,32.93,5
375,104437,2026-03-07,34.41,1
499,105940,2025-12-17,28.30,8
464,105510,2026-02-03,15.98,2
125,101521,2026-03-18,78.69,5
676,108104,2026-01-10,25.76,3
888,110480,2026-01-19,26.93,8
557,106687,2026-01-29,12.80,7
220,102733,2026-02-02,32.21,1
470,105600,2026-01-20,90.62,6
592,107063,2026-01-03,27.72,4
561,106737,2026-02-01,30.00,2
466,105540,2026-01-03,20.78,6
736,108816,2026-02-15,68.91,3
906,110688,2026-01-18,28.43,6
166,102056,2026-02-09,47.30,8
69,100878,2026-03-03,19.78,3
222,102744,2026-01-04,37.97,7
428,105150,2026-01-20,40.09,2
679,108132,2026-02-03,37.28,1
359,104268,2026-01-19,22.36,2
93,101182,2025-11-17,63.29,5
991,111592,2026-01-09,12.33,8
704,108423,2026-01-23,36.47,3
290,103539,2026-02-01,23.78,6
354,104216,2026-01-29,13.17,2
638,107645,2026-02-18,67.30,7
668,108013,2026-01-16,37.88,3
773,109220,2026-02-07,29.01,4
882,110407,2026-02-26,24.96,4
977,111421,2026-02-19,23.87,6
972,111364,2026-03-04,73.43,4
101,101272,2026-01-26,73.92,1
387,104627,2026-01-06,29.82,1
991,111585,2026-02-25,34.57,7
822,109729,2026-02-11,21.60,7
163,102031,2026-01-24,43.66,8
201,102505,2025-12-07,12.03,7
714,108539,2026-02-11,30.22,1
48,100637,2026-02-27,48.09,6
468,105575,2026-01-14,83.41,4
710,108508,2026-03-05,51.00,2
234,102892,2026-02-13,74.43,1
785,109356,2026-02-25,33.89,6
382,104548,2026-02-16,34.99,1
27,100392,2026-01-12,96.47,7
638,107655,2026-03-13,77.69,5
112,101390,2026-03-07,29.93,3
257,103133,2026-02-15,68.35,3
776,109265,2026-03-08,38.88,5
801,109493,2026-02-16,26.02,7
313,103798,2026-01-30,31.64,3
667,108007,2025-12-19,92.96,6
559,106710,2025-10-28,32.67,6
327,103929,2026-01-22,16.89,7
570,106827,2025-11-21,48.76,6
497,105906,2025-12-26,20.54,7
788,109389,2026-01-04,33.66,4
967,111292,2026-01-30,40.88,8
592,107059,2025-12-29,29.15,6
984,111515,2026-01-01,14.68,8
683,108184,2026-02-24,17.95,4
90,101120,2026-03-13,42.42,7
883,110427,2026-02-16,40.92,4
598,107127,2026-02-06,44.40,7
235,102900,2026-02-26,28.57,8
977,111427,2026-02-02,42.17,6
633,107568,2026-01-28,34.20,6
719,108641,2026-02-17,22.27,1
803,109529,2026-02-23,21.56,6
679,108129,2025-12-31,28.55,8
619,107391,2025-11-10,39.41,6
638,107664,2026-03-12,37.11,4
67,100847,2026-01-03,37.68,3
431,105166,2026-01-08,33.26,1
423,105067,2026-02-20,27.07,7
275,103327,2026-01-26,33.75,2
540,106484,2026-01-05,36.52,7
732,108791,2026-01-13,42.49,5
137,101673,2026-01-24,42.63,4
668,108016,2026-02-02,30.97,1
126,101540,2026-02-14,44.92,4
997,111702,2026-01-17,36.54,7
74,100931,2026-03-06,21.40,4
931,110928,2026-02-08,12.59,6
679,108120,2026-01-14,41.70,3
979,111433,2026-01-09,27.36,7
177,102197,2026-02-14,50.96,3
681,108154,2026-01-05,18.46,5
638,107674,2026-01-10,39.41,7
20,100297,2026-03-06,80.11,4
638,107658,2026-01-26,35.69,1
299,103680,2026-03-05,81.58,3
162,102027,2025-11-26,29.30,3
259,103182,2026-02-27,18.45,8
62,100789,2025-12-12,45.13,5
17,100259,2025-12-29,17.85,5
859,110106,2026-02-26,81.29,2
176,102179,2026-01-31,23.31,8
657,107872,2026-01-05,78.81,4
338,104029,2025-11-06,90.74,7
839,109912,2026-01-10,29.36,3
197,102451,2025-12-06,33.81,3
231,102838,2026-03-06,94.04,2
948,111114,2025-12-30,20.52,1
16,100231,2025-12-21,35.56,8
376,104473,2026-03-19,63.62,1
865,110186,2026-03-01,38.07,8
684,108211,2026-02-06,51.06,2
531,106386,2026-01-06,31.09,3
302,103688,2026-01-20,45.07,4
974,111377,2025-12-06,13.11,1
519,106246,2026-03-21,45.98,6
167,102086,2026-03-12,22.42,7
126,101542,2026-02-08,45.48,8
711,108523,2026-02-01,51.07,6
455,105394,2026-02-26,27.38,5
674,108068,2026-01-22,35.02,7
654,107843,2025-12-27,29.17,7
211,102647,2026-02-16,31.03,4
223,102750,2026-01-12,33.22,7
112,101391,2026-01-09,24.55,7
243,102974,2026-01-20,54.78,1
115,101421,2025-12-04,22.63,5
539,106472,2025-12-05,50.52,1
955,111153,2026-02-27,19.26,3
289,103506,2026-02-11,24.76,2
869,110243,2026-01-29,48.89,1
635,107603,2025-12-27,29.16,8
71,100921,2026-02-14,19.00,5
193,102422,2026-01-27,49.09,7
565,106791,2025-11-24,23.31,6
957,111184,2026-02-16,52.96,4
282,103428,2026-01-13,19.11,4
132,101623,2026-02-21,38.20,7
96,101236,2026-03-06,20.76,5
24,100338,2026-01-25,19.75,4
297,103621,2026-01-08,33.84,1
841,109932,2026-01-17,21.38,5
460,105448,2026-02-01,39.98,4
290,103528,2026-01-22,36.21,1
780,109319,2026-01-19,36.43,7
176,102164,2026-02-09,12.09,8
539,106477,2025-12-15,58.63,4
574,106866,2026-01-07,16.60,8
439,105284,2025-12-03,23.96,3
35,100465,2026-02-07,19.39,8
211,102650,2026-02-14,18.08,8
933,110960,2026-02-26,34.11,6
519,106232,2026-01-20,75.57,4
358,104266,2026-02-13,25.30,3
721,108686,2026-02-14,34.70,5
14,100204,2026-02-09,22.70,1
418,104999,2025-11-18,35.44,2
21,100312,2025-12-12,30.93,7
790,109414,2026-03-02,38.74,8
816,109664,2026-01-28,29.89,3
909,110721,2026-01-21,54.15,3
137,101665,2026-02-27,73.64,4
167,102083,2026-01-13,27.01,7
891,110522,2025-12-01,37.25,8
716,108586,2026-02-22,68.61,8
562,106758,2026-01-12,53.40,6
299,103679,2026-01-27,85.51,2
835,109862,2025-12-24,61.60,4
718,108635,2026-02-04,17.88,2
288,103480,2026-01-15,66.28,4
783,109344,2025-12-24,37.40,7
132,101604,2026-01-30,30.51,4
581,106940,2026-02-12,19.05,7
200,102499,2025-12-03,53.54,2
232,102868,2026-02-02,24.53,2
400,104774,2025-12-22,43.74,2
992,111616,2026-01-19,51.04,6
288,103495,2026-01-30,34.67,6
11,100152,2025-12-26,27.04,1
422,105057,2026-01-04,39.62,3
428,105146,2026-02-01,69.39,7
94,101190,2026-02-10,19.95,6
679,108117,2026-03-01,19.21,5
29,100418,2025-11-10,97.85,4
716,108571,2026-02-02,42.78,1
10,100126,2026-02-28,102.67,6
628,107513,2025-12-24,17.83,6
247,103017,2026-01-30,34.93,6
399,104756,2026-03-01,43.79,5
965,111258,2026-01-12,52.09,5
193,102430,2026-02-20,24.36,5
997,111695,2026-02-25,20.01,4
145,101785,2026-02-08,35.32,3
878,110350,2025-12-17,13.07,7
971,111330,2026-02-12,26.30,2
760,109089,2026-02-05,16.50,3
400,104769,2026-01-08,19.15,6
590,107036,2026-02-16,72.05,4
633,107580,2026-02-21,31.29,1
790,109411,2026-02-07,19.15,1
510,106113,2026-01-27,37.43,2
988,111553,2026-02-04,14.52,5
810,109601,2026-02-18,23.77,3
91,101169,2026-02-03,25.73,2
963,111241,2025-12-01,50.04,1
166,102069,2026-03-07,86.54,8
56,100725,2026-01-14,34.42,4
684,108200,2026-03-02,79.12,3
514,106162,2026-02-19,37.23,7
553,106658,2026-01-11,19.12,5
799,109477,2026-02-08,70.67,6
186,102330,2026-01-25,26.50,2
896,110586,2026-02-12,24.90,4
709,108495,2026-03-02,42.17,4
519,106229,2026-03-17,52.28,7
561,106740,2026-01-18,18.72,2
790,109403,2026-02-19,27.51,7
638,107662,2026-01-08,68.88,3
812,109619,2025-12-15,46.81,2
334,103983,2026-02-16,14.87,7
383,104553,2026-03-03,38.50,2
169,102107,2026-01-22,51.83,4
3,100029,2026-02-05,25.38,8
91,101165,2026-01-06,35.71,2
669,108034,2025-12-31,31.68,1
108,101349,2026-02-21,31.98,2
682,108178,2025-12-26,37.50,6
967,111309,2026-03-20,67.97,7
746,108950,2026-01-18,26.70,6
621,107418,2026-01-15,47.38,4
509,106091,2026-01-10,76.78,1
744,108927,2025-11-29,22.71,7
288,103482,2026-01-14,48.23,4
230,102833,2026-01-29,30.38,1
290,103534,2026-02-03,22.94,7
629,107534,2025-11-21,26.74,1
415,104949,2025-12-31,28.18,4
504,106008,2026-01-25,42.49,3
132,101608,2026-02-13,30.41,8
186,102325,2025-12-27,26.42,4
428,105139,2026-01-09,60.93,8
354,104221,2026-01-12,29.39,6
658,107894,2026-01-30,50.37,3
651,107784,2026-01-02,15.55,3
94,101191,2026-01-29,22.91,5
458,105423,2026-01-14,82.52,3
908,110699,2025-12-17,57.65,8
913,110762,2026-01-16,25.77,6
263,103207,2025-12-25,17.01,4
60,100772,2026-01-10,43.37,3
271,103287,2025-11-10,50.93,5
561,106731,2026-03-15,12.85,4
13,100172,2026-03-02,57.88,7
235,102903,2026-01-17,23.08,1
604,107213,2025-11-11,80.86,6
739,108871,2026-01-25,19.73,8
627,107503,2025-12-17,23.32,6
261,103194,2025-12-23,18.40,5
106,101324,2026-01-25,23.02,6
801,109484,2026-03-18,24.76,2
533,106410,2026-02-17,32.97,7
79,100983,2026-01-01,30.69,1
867,110223,2026-01-09,20.26,6
716,108556,2026-03-08,35.13,5
613,107326,2026-01-27,21.43,1
693,108328,2026-02-09,31.54,7
909,110714,2026-01-21,65.91,4
955,111159,2026-02-19,44.11,4
407,104865,2026-03-08,72.02,4
10,100130,2026-03-02,46.75,4
887,110470,2026-03-07,25.90,2
275,103326,2026-03-11,21.56,2
4,100058,2026-02-08,48.62,5
834,109857,2026-01-13,23.29,8
377,104486,2025-12-11,16.21,7
934,110975,2026-01-26,15.01,3
413,104916,2025-12-30,51.67,5
753,109024,2026-01-04,24.90,7
231,102852,2026-01-16,54.89,6
251,103075,2026-01-16,12.46,7
60,100778,2026-03-02,27.35,5
2,100018,2026-01-06,60.56,1
112,101386,2026-02-13,19.24,7
932,110949,2025-12-29,80.14,4
704,108419,2026-03-16,54.09,2
738,108847,2026-01-18,73.38,4
410,104898,2026-01-14,20.98,5
439,105289,2026-01-11,19.65,8
582,106947,2025-12-16,29.93,7
68,100865,2026-01-27,88.84,2
343,104113,2026-01-17,61.06,8
933,110957,2026-02-17,24.42,3
616,107349,2026-03-01,17.57,1
106,101322,2025-12-24,48.38,5
995,111671,2025-11-16,35.63,6
188,102356,2026-01-10,39.26,6
509,106086,2026-03-03,68.23,3
259,103183,2026-03-15,22.71,3
190,102380,2026-01-20,23.48,3
495,105887,2026-01-20,14.74,6
500,105950,2025-12-21,27.79,4
637,107630,2026-02-06,43.60,4
632,107557,2025-12-12,36.12,3
658,107890,2026-02-10,41.86,1
785,109358,2026-02-06,19.28,8
624,107469,2026-02-05,38.43,4
432,105187,2026-02-19,39.55,6
168,102095,2026-01-03,40.56,6
963,111236,2025-12-13,49.43,8
150,101845,2026-02-10,37.87,5
676,108106,2026-02-10,40.39,6
3,100045,2026-03-06,18.93,3
847,109969,2026-02-02,26.58,7
263,103206,2026-01-22,39.37,6
177,102196,2026-02-22,69.35,1
729,108767,2026-02-18,113.35,6
443,105312,2026-01-22,36.28,1
159,101976,2026-02-18,14.11,5
358,104256,2026-01-07,15.04,5
290,103527,2026-02-11,39.47,2
590,107035,2026-03-11,46.83,4
493,105844,2026-01-28,43.89,8
59,100758,2026-01-22,43.50,3
26,100359,2026-03-10,39.51,7
241,102954,2026-01-17,44.90,5
959,111206,2025-12-12,23.22,4
905,110674,2026-03-04,37.67,5
470,105585,2026-02-24,97.05,2
91,101161,2026-03-05,26.78,7
895,110580,2026-01-10,23.84,1
67,100836,2025-12-29,30.06,2
195,102445,2026-01-30,59.29,1
940,111042,2026-01-17,35.09,3
15,100227,2026-01-15,20.96,2
593,107073,2026-02-09,34.38,1
483,105756,2026-01-29,29.42,5
620,107401,2026-02-12,14.01,4
545,106565,2026-01-25,29.55,4
209,102623,2026-03-17,25.89,7
560,106723,2026-02-14,22.84,3
66,100829,2026-01-03,73.82,5
662,107962,2026-01-31,29.58,6
147,101813,2025-12-26,17.19,1
765,109140,2026-01-16,29.63,6
768,109171,2026-02-25,16.57,1
917,110795,2026-01-17,48.45,2
241,102965,2026-02-17,16.30,1
356,104240,2026-01-31,18.39,8
992,111613,2026-02-19,57.19,3
538,106463,2025-12-10,17.61,3
257,103145,2026-03-04,100.18,7
148,101822,2025-12-26,98.57,8
28,100409,2026-02-04,69.05,2
765,109141,2025-12-08,39.77,5
960,111219,2025-11-28,73.51,8
700,108381,2025-12-24,41.60,8
566,106805,2025-12-19,48.51,5
281,103399,2025-12-15,25.92,5
284,103438,2026-02-18,34.53,8
467,105573,2026-01-28,26.37,4
876,110320,2026-02-03,18.27,3
388,104646,2025-12-25,51.04,8
711,108520,2025-12-11,52.35,6
135,101651,2026-03-06,106.11,1
909,110704,2026-01-22,36.19,5
748,108956,2026-01-12,16.76,8
801,109485,2026-01-25,14.59,4
326,103914,2026-01-02,73.35,6
619,107389,2025-10-28,78.27,6
192,102404,2026-01-18,29.55,3
95,101228,2026-02-12,41.85,5
402,104805,2026-01-20,24.60,7
33,100452,2026-01-11,55.69,3
806,109547,2026-02-18,20.57,6
915,110777,2025-12-08,27.50,6
266,103243,2025-12-16,106.98,4
407,104848,2026-01-27,99.80,2
678,108116,2025-11-13,11.94,8
744,108922,2026-01-20,37.02,3
454,105387,2026-01-11,56.93,5
147,101814,2026-01-21,24.99,4
138,101696,2025-11-23,47.12,3
590,107027,2026-03-18,45.73,7
225,102769,2026-02-02,75.47,4
966,111282,2026-01-27,13.33,7
47,100612,2026-03-01,30.95,4
461,105453,2026-03-17,71.01,2
243,102976,2026-02-11,34.60,3
20,100291,2026-02-24,61.33,8
719,108646,2026-02-03,27.71,2
797,109468,2026-03-19,16.68,4
819,109702,2025-11-09,20.18,7
618,107373,2026-02-22,34.08,2
671,108051,2026-02-13,27.11,3
771,109197,2026-01-04,81.58,4
882,110410,2026-01-12,19.17,3
609,107266,2026-01-22,34.82,3
43,100559,2026-02-21,42.46,1
213,102667,2026-01-11,36.29,2
86,101082,2026-02-17,20.90,7
920,110828,2025-12-12,46.33,2
877,110342,2026-01-31,21.81,3
491,105819,2026-02-14,34.85,6
272,103296,2026-01-12,20.34,5
71,100918,2025-12-28,29.10,2
981,111456,2026-01-15,38.08,6
785,109353,2026-01-29,26.81,8
862,110155,2026-02-26,13.79,5
862,110148,2026-03-03,19.61,2
153,101874,2026-01-11,52.38,3
232,102875,2026-01-26,16.73,4
955,111155,2026-02-17,40.41,2
991,111590,2026-01-31,27.02,8
137,101677,2026-03-14,36.24,8
505,106028,2026-03-12,45.87,4
705,108445,2026-02-24,25.02,8
4,100059,2026-01-15,23.85,8
561,106751,2026-03-15,16.08,6
764,109131,2026-01-28,53.71,4
493,105841,2026-03-02,29.05,2
480,105703,2026-01-03,61.77,1
971,111341,2026-01-21,23.81,2
245,102986,2026-01-13,36.85,8
550,106614,2026-01-30,49.05,2
509,106087,2026-01-20,41.85,2
431,105184,2026-02-22,31.51,6
940,111026,2026-01-22,33.25,6
102,101284,2025-12-09,33.45,7
337,104022,2026-03-01,13.50,8
853,110056,2026-01-19,72.90,4
340,104058,2026-02-11,15.53,3
716,108561,2026-02-07,33.92,3
895,110572,2026-03-12,17.55,8
272,103302,2026-03-06,20.65,3
157,101936,2026-01-10,32.81,2
484,105772,2025-12-26,84.50,4
51,100675,2026-01-17,40.46,5
259,103175,2026-02-27,34.69,7
421,105048,2025-12-31,40.95,8
259,103180,2026-01-28,28.32,5
184,102272,2026-01-16,93.68,6
553,106653,2026-01-07,45.88,8
812,109617,2026-01-26,30.56,8
639,107675,2026-02-06,27.66,2
206,102554,2026-03-01,11.39,4
410,104889,2026-01-05,27.70,2
862,110141,2026-01-20,28.67,2
385,104588,2026-02-28,25.18,2
450,105347,2025-12-08,21.40,2
560,106722,2026-01-25,21.09,3
593,107083,2026-02-19,37.50,1
544,106543,2026-01-02,73.26,2
18,100263,2026-01-01,22.52,3
972,111355,2026-02-28,90.58,6
459,105428,2026-02-08,38.86,6
143,101764,2026-01-29,39.88,4
988,111548,2026-02-15,17.39,5
11,100148,2026-02-10,36.43,2
955,111154,2026-03-13,53.94,4
375,104451,2026-02-04,33.71,6
822,109735,2026-02-15,16.11,5
738,108839,2026-01-21,50.13,6
816,109660,2026-02-07,18.53,4
435,105221,2026-01-30,32.48,1
715,108552,2026-01-09,51.55,7
150,101848,2026-02-26,24.97,3
42,100528,2026-01-26,57.73,1
211,102654,2026-01-04,31.71,4
518,106208,2026-01-09,55.00,6
121,101482,2025-11-22,77.38,5
648,107750,2026-01-13,41.31,3
819,109705,2025-11-01,28.02,6
638,107667,2026-03-05,45.52,5
847,109978,2026-01-17,38.34,2
11,100153,2026-02-09,21.84,1
856,110077,2026-01-23,23.56,3
717,108606,2026-01-25,48.22,8
150,101846,2026-01-27,36.06,2
229,102820,2026-03-15,41.36,4
395,104709,2026-01-06,102.56,3
7,100080,2025-12-02,27.74,6
67,100844,2026-01-11,28.16,3
388,104641,2025-12-31,39.28,5
727,108735,2026-01-07,43.84,7
57,100733,2026-02-26,13.35,6
267,103247,2026-01-19,46.12,3
110,101372,2025-12-30,23.60,1
624,107474,2025-12-25,41.27,4
85,101068,2026-01-20,16.24,2
228,102819,2026-01-11,38.77,4
752,109012,2025-12-31,34.68,8
76,100954,2025-12-22,43.60,5
957,111177,2026-01-14,78.06,1
14,100200,2026-03-16,13.84,5
749,108975,2026-01-20,32.85,8
280,103396,2026-01-17,53.87,6
13,100199,2026-02-26,64.13,6
738,108835,2026-02-06,90.53,6
636,107619,2026-02-05,32.04,1
208,102601,2026-01-10,76.56,5
367,104367,2026-02-21,47.85,2
49,100651,2025-12-18,12.78,4
958,111197,2026-02-25,40.96,4
379,104518,2026-02-04,42.70,1
376,104461,2026-03-16,52.26,4
362,104309,2026-03-03,49.38,2
207,102579,2026-01-03,25.66,4
977,111420,2026-01-15,39.47,2
91,101152,2026-02-14,34.57,6
550,106606,2026-02-24,81.99,6
925,110854,2026-01-06,33.35,7
119,101456,2026-01-10,43.80,3
773,109222,2026-01-18,43.06,4
10,100139,2026-02-17,90.75,2
513,106154,2025-11-19,30.33,5
537,106444,2025-12-23,25.67,1
780,109318,2026-01-20,30.72,1
74,100929,2026-02-15,28.04,6
896,110588,2026-01-06,20.58,8
337,104009,2026-02-06,34.15,3
778,109293,2025-11-09,29.75,2
88,101089,2026-02-16,17.84,6
69,100876,2026-01-14,12.87,5
548,106575,2026-01-18,27.30,2
471,105621,2026-02-22,27.98,2
667,108006,2026-01-05,40.89,4
35,100470,2025-12-30,15.89,1
934,110985,2026-02-12,15.85,2
5,100061,2025-10-30,47.05,6
259,103176,2026-01-24,14.15,2
674,108082,2026-01-18,25.61,3
573,106865,2025-11-26,81.59,4
475,105667,2026-02-02,27.53,8
801,109492,2026-01-30,16.36,8
640,107688,2026-01-29,40.58,5
258,103166,2026-03-11,20.21,4
105,101307,2026-01-18,37.34,2
80,101008,2025-12-24,21.85,1
68,100859,2026-01-18,88.50,2
679,108118,2026-01-30,17.53,5
852,110011,2026-02-13,32.68,2
493,105845,2026-01-04,19.64,2
739,108860,2026-02-18,33.04,6
411,104902,2026-01-08,66.84,5
108,101361,2026-01-25,22.38,5
313,103791,2026-01-09,40.86,4
675,108095,2026-01-27,35.71,6
750,108983,2026-01-03,29.30,7
636,107613,2026-01-28,36.25,7
723,108713,2025-12-31,32.82,4
42,100539,2026-01-22,82.11,2
19,100270,2026-01-23,74.86,7
595,107096,2026-02-11,24.34,7
803,109528,2026-01-21,15.77,3
80,100996,2026-02-02,25.37,8
817,109676,2025-12-31,73.99,6
809,109592,2025-12-10,54.83,3
922,110837,2025-11-30,55.93,1
173,102142,2026-01-17,22.50,5
671,108047,2026-01-15,31.04,5
494,105866,2026-01-08,56.65,2
601,107175,2026-01-26,62.07,1
251,103079,2026-01-19,13.62,5
576,106888,2025-12-25,71.42,7
217,102699,2026-02-17,42.53,8
335,104000,2025-12-10,38.84,2
602,107191,2025-12-29,46.78,8
317,103842,2025-12-29,22.99,2
406,104844,2026-02-23,43.82,6
528,106318,2026-01-13,32.93,7
27,100383,2026-03-21,97.69,3
159,101972,2025-12-29,30.98,2
966,111266,2026-03-03,30.28,3
852,110022,2026-01-15,32.26,8
352,104199,2026-01-27,24.31,3
984,111512,2026-01-16,20.34,1
199,102494,2026-01-01,20.82,6
562,106761,2026-01-17,55.43,1
587,106995,2026-01-21,21.63,2
345,104132,2026-01-17,29.99,7
470,105603,2026-02-03,57.24,1
47,100622,2025-12-28,23.82,4
957,111174,2026-03-03,81.71,3
967,111291,2026-02-23,52.54,5
794,109429,2026-01-02,27.98,8
529,106356,2026-03-13,52.04,8
149,101833,2026-02-23,30.34,4
532,106401,2026-01-12,18.44,5
560,106712,2026-03-03,24.28,8
142,101741,2025-12-26,35.93,7
282,103414,2026-03-19,27.83,2
859,110114,2026-02-28,82.36,7
340,104050,2026-01-30,30.35,2
946,111098,2025-12-30,28.74,7
788,109378,2026-01-26,20.70,6
539,106474,2025-11-21,53.57,2
785,109362,2026-01-04,17.77,4
891,110517,2026-01-23,19.15,5
132,101626,2026-01-06,54.09,8
854,110068,2025-12-10,45.29,1
531,106387,2026-02-23,22.16,8
979,111436,2026-02-13,34.91,2
888,110479,2026-01-29,58.89,5
547,106572,2026-01-02,28.63,3
140,101716,2026-01-30,14.93,6
178,102229,2026-01-22,33.16,6
993,111638,2026-01-14,34.92,6
533,106407,2025-12-18,21.55,7
662,107967,2026-02-02,35.88,2
188,102345,2026-01-06,21.58,5
345,104142,2026-02-20,35.78,4
459,105426,2025-12-23,18.77,8
590,107042,2026-02-12,60.00,4
220,102734,2026-02-09,41.00,6
446,105327,2025-12-21,62.63,5
773,109229,2026-01-06,39.59,3
17,100241,2026-01-11,16.19,4
612,107308,2026-01-17,38.76,3
630,107542,2025-12-17,73.46,7
531,106390,2026-01-21,40.70,3
871,110266,2026-01-05,65.81,6
14,100211,2026-02-13,22.61,3
729,108751,2026-02-26,82.60,5
483,105768,2026-02-25,24.91,5
137,101674,2026-01-26,37.72,6
117,101429,2026-03-06,26.28,3
509,106100,2026-02-21,90.59,5
410,104882,2026-01-12,18.34,3
902,110648,2026-03-06,31.70,1
751,109006,2026-02-20,54.95,8
312,103772,2025-12-18,13.66,8
3,100030,2026-01-14,25.44,2
684,108218,2026-01-07,51.83,2
967,111294,2026-01-14,82.86,4
888,110488,2026-03-02,60.74,2
637,107638,2026-02-22,44.05,4
756,109046,2025-12-12,68.14,5
257,103143,2026-03-07,83.66,7
358,104252,2026-02-01,15.79,2
519,106254,2026-01-23,65.41,3
561,106750,2026-01-13,12.01,8
683,108197,2026-01-25,43.65,8
797,109463,2026-01-08,35.80,2
466,105549,2026-02-09,20.13,6
2,100014,2026-03-05,54.10,7
684,108222,2026-03-10,86.40,5
464,105531,2026-01-28,14.49,7
400,104772,2025-12-14,38.90,6
420,105034,2026-02-12,86.49,7
622,107427,2026-02-10,20.86,7
706,108466,2026-01-08,33.58,6
376,104482,2026-01-12,65.27,8
112,101378,2026-02-05,26.69,3
209,102615,2026-03-15,25.33,8
143,101756,2026-02-20,38.90,7
683,108191,2026-01-30,37.61,1
659,107902,2026-03-13,71.87,4
879,110362,2025-12-24,17.62,6
420,105026,2026-02-02,78.19,2
257,103141,2026-01-27,94.42,3
862,110149,2026-02-18,32.89,6
992,111608,2026-01-12,41.68,8
20,100284,2026-01-15,76.09,6
428,105133,2026-03-10,67.57,8
208,102589,2026-02-02,40.04,2
117,101444,2026-03-08,33.76,6
281,103402,2025-12-12,42.71,5
517,106190,2026-01-02,21.77,1
942,111059,2025-12-20,29.43,2
447,105336,2026-01-12,73.72,6
220,102729,2026-01-03,15.93,2
599,107155,2026-02-23,88.61,5
863,110167,2025-12-30,18.07,7
241,102952,2026-01-09,33.60,5
9,100103,2025-12-24,20.35,3
432,105194,2026-02-13,29.50,6
127,101562,2026-03-14,65.63,6
447,105333,2026-01-13,60.16,5
937,111005,2025-12-11,33.55,3
852,110031,2026-02-28,32.49,4
35,100469,2025-12-30,21.80,8
512,106146,2026-03-06,14.74,5
915,110775,2026-02-12,32.80,4
544,106544,2026-02-22,70.87,5
543,106513,2026-03-13,18.50,2
340,104059,2026-02-17,26.76,4
682,108164,2026-02-22,15.57,1
620,107410,2026-03-10,36.22,8
651,107782,2026-02-20,40.51,4
753,109021,2026-02-17,25.21,8
836,109882,2026-01-23,24.99,1
477,105686,2026-01-25,38.84,3
202,102508,2025-12-10,11.36,1
10,100121,2026-01-16,51.71,4
773,109219,2026-01-29,31.86,3
502,105986,2026-02-12,47.50,2
356,104230,2026-02-11,33.61,4
993,111636,2025-12-29,33.99,2
94,101194,2026-02-07,30.88,2
916,110784,2026-03-04,23.14,2
645,107736,2025-12-14,25.50,2
91,101155,2026-01-01,29.58,3
421,105050,2026-02-13,37.68,1
622,107435,2026-01-08,16.58,8
679,108122,2026-01-02,37.67,6
358,104250,2026-01-29,30.69,2
134,101636,2026-02-06,14.38,8
884,110446,2025-11-03,108.00,4
455,105391,2026-01-23,42.56,6
677,108112,2025-11-19,55.87,5
20,100303,2026-02-02,74.46,7
897,110607,2026-02-24,22.93,8
225,102785,2026-01-06,99.37,1
174,102155,2025-11-02,52.42,6
738,108851,2026-01-13,94.23,4
416,104958,2026-02-18,57.13,2
790,109404,2026-02-02,46.92,8
748,108957,2025-12-30,28.72,1
544,106533,2026-01-01,101.03,6
407,104855,2026-02-21,58.67,3
392,104672,2025-12-12,39.02,7
996,111682,2026-01-21,58.98,3
502,105972,2026-02-14,99.55,3
26,100364,2026-01-13,16.12,7
729,108769,2026-02-25,103.37,1
466,105553,2026-02-26,41.60,8
668,108020,2026-02-21,20.06,7
47,100616,2025-12-26,35.97,7
862,110150,2026-01-26,35.03,4
35,100466,2026-02-24,32.51,1
356,104242,2026-01-15,33.74,5
837,109888,2026-01-03,39.95,4
80,101000,2026-01-30,26.29,3
258,103168,2026-02-09,21.63,8
505,106012,2026-03-15,70.16,3
694,108336,2026-01-16,15.00,6
652,107799,2026-03-13,37.97,7
967,111295,2026-02-22,78.90,7
86,101078,2026-01-24,40.81,6
545,106554,2025-12-30,22.95,8
819,109703,2025-10-27,33.61,7
786,109370,2025-12-18,55.29,4
169,102101,2026-03-06,33.19,2
276,103342,2026-02-24,34.73,8
971,111324,2026-03-11,26.98,3
185,102299,2026-02-28,17.65,6
534,106431,2026-02-11,29.33,1
137,101684,2026-03-06,51.44,2
716,108558,2026-01-14,67.05,2
629,107531,2026-01-22,38.22,4
8,100099,2026-02-09,83.56,6
610,107290,2026-02-24,29.55,8
112,101385,2026-01-25,25.12,8
757,109049,2026-02-02,19.61,8
257,103142,2026-02-10,109.19,2
989,111557,2025-12-28,37.23,2
830,109828,2025-11-04,26.63,2
768,109165,2025-12-22,22.90,3
750,108989,2026-01-13,23.20,7
220,102722,2026-01-22,32.20,5
189,102361,2025-12-28,33.96,3
926,110867,2026-02-17,53.34,4
178,102211,2026-02-17,24.96,1
259,103187,2026-03-04,15.59,8
633,107570,2026-01-17,25.35,1
540,106489,2026-01-27,50.45,3
334,103988,2026-02-09,13.80,5
728,108743,2026-01-09,37.17,3
803,109527,2026-02-20,26.92,3
132,101600,2026-02-01,50.32,5
664,107979,2026-01-30,38.24,2
511,106126,2026-01-18,43.95,2
473,105636,2026-02-12,31.06,3
628,107517,2025-12-22,39.37,6
218,102705,2025-11-18,76.62,6
545,106563,2026-01-27,18.99,8
263,103198,2026-02-03,17.39,3
420,105012,2026-02-04,54.25,7
811,109608,2026-01-01,51.15,8
661,107954,2025-12-19,47.19,7
530,106362,2026-02-09,26.60,3
533,106413,2026-02-20,37.45,8
788,109380,2026-02-20,20.66,4
95,101230,2026-03-10,56.58,1
484,105771,2025-11-11,81.61,4
633,107566,2026-01-25,35.96,1
544,106538,2026-01-06,62.42,6
860,110138,2026-01-21,40.06,6
507,106051,2026-01-05,37.50,7
379,104512,2026-02-10,43.11,3
945,111088,2026-01-23,53.67,3
372,104421,2025-12-31,48.26,3
125,101510,2026-03-08,52.37,5
983,111507,2026-01-22,14.89,7
163,102034,2026-03-06,54.39,3
220,102727,2026-01-09,39.24,4
474,105655,2026-02-20,60.32,6
745,108946,2026-03-06,35.00,7
757,109052,2026-01-27,26.09,1
930,110912,2026-03-02,108.56,1
5,100065,2025-11-10,35.09,7
659,107911,2026-03-12,57.79,1
369,104401,2026-01-20,90.57,5
403,104816,2025-12-15,51.81,2
882,110399,2026-02-10,19.65,5
295,103602,2025-12-26,22.82,6
157,101937,2026-02-02,18.52,3
57,100736,2026-01-29,35.83,5
657,107874,2026-01-22,51.75,6
505,106031,2026-02-11,51.73,7
141,101733,2026-02-03,40.94,5
285,103453,2025-12-21,43.70,8
465,105535,2025-12-08,24.79,7
944,111076,2025-12-05,24.82,3
799,109472,2026-02-24,34.22,5
376,104464,2026-02-20,53.19,2
481,105718,2025-12-30,36.98,7
253,103111,2026-01-18,86.77,7
518,106203,2026-02-26,46.25,4
224,102765,2025-11-29,58.37,4
325,103906,2026-01-19,73.80,1
656,107853,2026-03-10,44.33,2
186,102340,2026-01-18,12.77,4
565,106795,2026-01-13,60.28,8
60,100782,2026-01-09,27.51,5
664,107972,2026-02-12,23.72,3
198,102464,2026-02-26,43.75,7
143,101762,2026-02-13,35.37,6
700,108378,2025-12-19,31.58,2
868,110234,2026-01-16,44.35,6
511,106122,2026-02-04,22.57,7
299,103681,2026-02-17,62.42,3
433,105210,2026-02-28,21.03,8
89,101112,2026-01-14,58.26,1
132,101622,2026-02-04,47.70,8
248,103032,2026-02-02,15.31,6
52,100692,2026-01-30,53.47,3
753,109031,2026-01-31,24.10,1
660,107940,2026-02-26,20.39,8
627,107506,2026-02-02,24.82,3
615,107345,2025-11-24,33.76,8
769,109192,2026-01-31,28.75,8
589,107013,2026-01-19,39.38,7
460,105443,2026-02-27,36.70,3
488,105790,2025-12-14,50.52,1
136,101662,2026-01-20,76.94,4
517,106191,2026-03-06,30.82,2
918,110803,2026-01-26,30.85,4
760,109102,2026-01-15,32.61,5
89,101114,2026-02-22,111.75,5
700,108379,2025-12-29,19.01,6
563,106771,2026-01-22,17.53,7
88,101090,2026-01-09,45.47,8
371,104412,2025-12-19,47.57,7
233,102885,2026-02-11,30.57,5
247,103009,2026-01-22,26.78,1
38,100496,2025-12-13,30.95,6
360,104290,2026-01-05,48.80,5
771,109199,2026-02-19,30.82,5
882,110409,2026-03-02,24.72,2
145,101783,2026-01-17,28.78,6
881,110390,2026-02-07,40.93,6
931,110933,2026-03-04,20.69,4
348,104151,2026-02-13,20.89,4
646,107743,2026-01-02,46.68,7
603,107200,2025-12-29,20.03,6
430,105162,2025-10-29,79.87,2
103,101289,2025-12-30,48.57,8
514,106166,2026-02-16,37.74,2
289,103505,2025-12-21,26.24,1
522,106277,2026-01-02,23.57,5
881,110385,2026-01-07,30.08,4
304,103702,2025-12-15,35.49,3
512,106138,2026-03-06,32.55,3
831,109829,2026-01-04,25.31,3
127,101551,2026-01-28,89.81,3
990,111579,2025-12-24,17.98,5
120,101473,2026-02-05,37.50,7
512,106132,2026-03-08,25.71,5
296,103611,2026-01-30,38.01,6
359,104273,2026-01-30,23.45,4
889,110497,2025-12-24,39.43,5
505,106019,2026-02-14,49.10,7
1000,111728,2025-12-22,32.59,8
874,110304,2026-02-28,98.50,2
253,103106,2026-02-23,103.25,1
358,104255,2026-03-02,20.19,5
104,101305,2026-01-08,21.71,7
622,107428,2026-01-10,30.28,7
467,105561,2026-01-31,25.93,2
325,103899,2026-03-14,41.06,6
24,100342,2026-02-03,48.57,1
191,102398,2026-02-01,32.39,7
420,105023,2026-01-03,62.82,4
113,101399,2026-02-12,36.76,7
357,104248,2026-01-01,39.76,1
533,106406,2025-12-25,24.25,7
922,110838,2026-01-12,61.52,4
26,100363,2026-03-09,34.93,8
360,104287,2026-01-21,39.35,5
819,109708,2025-11-09,30.95,8
603,107205,2025-11-25,29.35,4
528,106319,2026-01-15,37.04,3
213,102669,2026-01-13,19.05,7
474,105659,2026-01-26,44.47,1
170,102122,2026-03-08,15.17,7
491,105812,2025-12-28,28.34,3
714,108548,2026-01-07,33.55,4
609,107269,2026-01-12,63.94,6
628,107515,2026-01-02,19.19,6
250,103063,2026-01-22,25.13,7
599,107142,2026-03-08,108.04,8
592,107054,2026-01-07,19.79,6
988,111550,2026-01-22,16.95,2
859,110130,2026-02-26,56.67,6
379,104520,2026-01-25,26.25,3
891,110519,2025-12-06,22.86,4
991,111587,2026-01-06,17.52,3
213,102670,2025-12-04,26.60,3
291,103543,2026-01-09,78.28,3
396,104720,2026-03-07,41.56,6
866,110206,2026-01-14,61.16,5
772,109205,2026-02-21,38.57,2
822,109728,2026-02-19,29.09,2
867,110226,2026-02-02,27.68,3
232,102863,2026-02-12,14.56,5
391,104661,2026-02-01,31.78,3
661,107952,2026-01-28,42.77,8
653,107830,2025-12-25,38.31,3
595,107099,2026-02-22,32.56,4
94,101186,2026-03-01,25.01,4
481,105724,2026-02-01,31.14,5
166,102058,2026-02-16,42.82,7
716,108568,2026-01-23,64.69,7
184,102284,2026-02-01,80.80,2
881,110387,2026-01-22,16.27,2
146,101806,2026-01-31,35.60,5
495,105877,2026-02-09,28.45,4
469,105583,2025-11-01,103.32,6
612,107311,2026-02-09,33.34,7
209,102620,2026-03-04,28.63,2
557,106684,2026-01-26,16.42,3
758,109064,2026-01-25,31.79,5
722,108706,2025-11-07,37.35,3
620,107404,2026-02-16,27.19,7
76,100962,2025-12-23,43.98,4
160,101985,2026-01-20,53.39,8
916,110783,2026-02-14,53.48,8
418,104996,2025-12-21,38.80,4
638,107653,2026-03-17,39.88,7
518,106211,2026-02-21,41.89,7
345,104131,2026-02-28,13.98,5
9,100115,2025-12-22,30.22,3
682,108181,2026-02-10,15.82,4
319,103855,2026-01-17,34.18,4
692,108321,2025-12-30,17.54,4
102,101287,2026-01-03,80.70,3
163,102036,2026-03-07,45.10,7
740,108878,2025-12-31,29.55,2
247,103019,2026-01-30,18.99,8
242,102970,2025-11-20,38.27,8
679,108119,2026-02-16,24.68,2
376,104471,2026-02-09,49.75,5
889,110508,2026-02-10,22.74,8
948,111121,2026-01-07,38.23,6
67,100841,2026-02-10,28.15,4
930,110909,2026-02-12,97.38,3
463,105507,2026-03-17,34.30,6
65,100817,2025-11-08,37.59,7
531,106379,2026-01-23,13.90,6
182,102265,2026-02-05,41.66,8
877,110339,2026-01-06,27.10,2
275,103322,2026-02-25,37.76,7
930,110902,2026-01-13,86.21,1
836,109877,2026-02-13,14.82,6
442,105309,2025-12-30,23.86,8
996,111684,2026-01-30,81.74,4
638,107673,2026-03-08,77.41,7
621,107422,2026-02-13,21.36,5
3,100035,2026-02-18,29.34,6
750,108999,2026-02-16,31.85,2
596,107111,2026-01-01,31.85,2
795,109440,2026-01-09,36.25,4
57,100749,2026-01-17,33.90,6
122,101490,2026-01-08,15.45,8
537,106454,2026-01-31,15.50,8
371,104410,2025-11-23,53.32,8
657,107887,2026-01-20,70.52,7
598,107134,2026-02-12,45.96,2
477,105687,2025-11-27,42.47,8
708,108488,2026-01-30,22.21,7
590,107029,2026-01-13,48.44,3
852,110017,2026-01-08,59.48,5
508,106074,2025-12-27,43.64,6
241,102953,2026-01-26,34.96,2
509,106092,2026-01-15,77.89,7
455,105397,2026-01-23,41.92,5
422,105055,2026-01-08,67.96,6
157,101924,2026-03-05,14.87,6
114,101412,2026-03-20,38.50,4
697,108353,2026-02-22,18.36,3
287,103463,2026-01-03,54.79,7
895,110576,2026-02-12,23.35,4
467,105563,2026-03-04,38.91,3
584,106966,2026-02-24,101.00,4
202,102507,2025-12-12,30.90,3
396,104729,2026-01-01,44.26,5
691,108311,2026-01-03,56.24,8
366,104355,2026-01-28,16.47,5
862,110142,2026-01-29,30.68,3
977,111416,2026-02-10,43.68,8
518,106225,2026-01-14,62.74,7
776,109289,2026-01-31,52.55,2
983,111499,2026-01-27,26.47,3
514,106160,2026-01-13,47.87,8
930,110918,2026-03-12,108.96,2
94,101188,2026-01-25,44.35,3
772,109203,2026-02-17,18.90,2
572,106841,2026-03-02,27.99,8
426,105102,2026-02-28,20.61,2
174,102150,2025-11-06,33.63,2
142,101739,2026-01-06,34.52,3
155,101904,2026-01-15,38.42,6
272,103306,2026-01-12,23.71,2
551,106634,2026-01-04,29.62,8
775,109246,2025-12-09,34.17,4
8,100083,2026-03-09,87.39,7
51,100678,2026-01-20,28.61,1
810,109599,2026-02-05,15.61,4
953,111140,2025-11-25,35.01,7
412,104908,2026-01-04,49.45,7
47,100617,2026-01-19,27.21,8
243,102973,2026-01-20,35.52,1
967,111299,2026-02-16,87.69,4
141,101736,2026-01-08,37.67,5
345,104146,2026-03-10,32.96,4
231,102837,2026-02-23,77.73,3
579,106905,2026-02-20,39.38,6
406,104832,2026-01-23,21.28,4
178,102216,2026-02-15,16.38,2
418,104998,2025-12-22,33.57,3
990,111577,2026-01-18,33.88,4
657,107864,2026-01-16,44.33,3
175,102163,2025-12-21,39.55,2
650,107765,2026-01-19,24.04,2
317,103836,2026-02-27,23.61,4
656,107859,2026-01-03,31.83,5
198,102489,2026-02-01,38.76,8
640,107691,2026-01-12,26.38,7
895,110567,2026-02-23,15.78,2
779,109296,2025-11-27,48.35,8
98,101248,2025-12-09,60.41,7
714,108542,2025-12-11,30.30,3
852,110032,2026-01-19,70.55,2
292,103566,2025-11-09,66.34,8
869,110247,2026-02-20,49.06,1
384,104575,2026-02-10,58.23,6
827,109783,2026-03-06,115.02,4
231,102848,2026-02-21,81.15,7
299,103665,2026-01-28,94.38,4
781,109325,2026-01-15,45.93,8
279,103389,2026-01-27,37.48,8
992,111630,2026-03-02,59.63,1
536,106442,2025-11-07,94.97,2
510,106115,2026-01-18,19.81,7
42,100529,2026-02-15,69.69,2
704,108422,2026-01-22,38.93,2
623,107449,2026-01-09,48.70,4
889,110499,2025-12-21,13.54,8
629,107536,2025-12-04,34.85,6
155,101889,2026-01-04,13.67,8
19,100275,2025-12-24,34.64,2
925,110856,2026-02-06,28.72,7
186,102334,2026-01-14,19.93,7
118,101448,2026-01-23,30.60,3
802,109512,2026-02-14,12.84,1
482,105749,2026-01-25,81.05,3
211,102641,2026-02-06,36.00,8
674,108083,2026-02-06,33.86,3
405,104829,2025-11-03,25.33,1
470,105605,2026-02-17,45.17,3
492,105831,2026-02-07,16.77,4
332,103970,2026-03-06,26.65,1
623,107451,2026-01-22,35.43,2
788,109388,2026-02-28,17.17,8
706,108464,2026-01-19,15.23,4
599,107140,2026-02-03,104.10,4
957,111170,2026-02-18,69.27,1
466,105557,2026-02-03,21.86,7
720,108666,2026-01-21,52.09,7
838,109894,2026-02-04,24.21,1
382,104542,2026-01-20,49.71,2
229,102824,2026-02-13,38.28,3
509,106096,2026-01-22,60.31,4
358,104251,2026-03-10,17.51,5
788,109386,2026-01-30,29.19,3
664,107981,2026-01-22,26.95,1
17,100245,2026-01-07,25.05,8
383,104564,2026-02-11,17.50,7
28,100411,2026-01-10,75.63,4
317,103841,2026-01-16,35.86,4
277,103353,2026-01-13,28.02,7
2,100017,2026-01-05,85.93,8
107,101337,2026-01-25,27.39,6
184,102280,2026-01-22,61.40,2
417,104992,2026-02-27,25.26,2
607,107238,2026-01-05,41.08,1
658,107893,2025-12-24,41.21,7
471,105611,2026-02-20,38.73,3
315,103823,2025-12-07,32.51,3
518,106220,2026-01-11,62.40,1
805,109541,2026-01-01,30.47,4
67,100843,2026-03-04,41.96,2
61,100787,2026-01-22,33.54,8
259,103185,2026-02-05,33.37,4
497,105919,2026-01-16,32.68,5
288,103496,2026-01-14,55.99,7
602,107189,2026-01-08,82.06,6
896,110593,2026-01-07,27.57,5
50,100662,2025-12-15,45.06,2
590,107047,2026-01-25,51.60,3
997,111698,2026-02-14,35.81,8
190,102388,2026-02-10,24.49,5
605,107216,2026-02-26,39.65,6
686,108258,2025-12-20,35.25,1
360,104282,2025-12-31,48.57,4
563,106774,2025-12-31,16.40,2
287,103464,2025-11-26,70.54,4
436,105247,2026-01-14,67.43,1
28,100410,2026-01-27,55.10,4
466,105556,2025-12-28,22.97,6
288,103490,2026-03-05,65.68,2
579,106914,2026-02-06,47.87,6
343,104101,2026-03-05,67.32,5
427,105109,2025-12-15,44.57,8
622,107440,2025-12-24,27.90,7
971,111342,2026-02-20,20.84,7
668,108023,2026-02-01,14.25,1
369,104382,2026-03-05,90.66,5
578,106897,2026-02-11,27.85,6
538,106469,2026-01-23,26.13,7
291,103556,2026-02-24,104.75,5
701,108392,2026-02-15,23.47,3
471,105618,2026-02-07,18.33,6
426,105098,2026-02-25,34.10,4
975,111387,2026-01-06,26.52,1
874,110315,2026-02-13,97.06,3
483,105762,2026-01-13,22.03,1
773,109224,2026-03-05,23.69,4
59,100763,2026-01-13,35.73,8
387,104626,2026-03-03,32.25,3
385,104586,2026-02-28,15.06,6
897,110606,2026-01-16,45.20,3
700,108384,2026-02-20,23.22,3
168,102089,2026-01-08,26.06,1
643,107716,2026-02-26,19.81,4
601,107183,2026-02-11,39.22,5
519,106231,2026-02-02,63.27,3
909,110713,2026-01-18,56.77,7
994,111657,2026-01-20,23.06,8
216,102692,2025-12-07,29.02,2
979,111439,2026-03-13,42.81,6
920,110826,2026-01-05,42.13,1
549,106598,2025-12-11,34.45,8
470,105590,2026-03-09,51.88,5
231,102844,2026-01-17,93.99,8
525,106308,2026-01-31,33.55,4
38,100492,2025-12-14,15.70,2
672,108058,2025-11-26,25.07,7
411,104903,2025-11-27,46.71,2
917,110794,2026-01-27,54.20,1
200,102501,2025-11-19,54.46,4
660,107933,2025-12-20,34.64,1
291,103541,2026-03-16,116.66,1
198,102490,2026-02-07,69.49,2
819,109701,2025-10-29,28.22,3
717,108590,2026-01-16,39.84,2
296,103606,2026-01-25,24.15,2
181,102260,2025-12-12,58.65,8
635,107599,2026-01-10,55.37,6
984,111513,2026-02-12,22.07,3
650,107764,2026-02-21,30.31,3
398,104754,2025-12-25,36.59,2
550,106613,2026-02-12,50.25,7
759,109082,2026-01-02,24.36,4
622,107434,2026-02-06,35.39,7
490,105810,2026-01-30,41.37,7
668,108026,2026-02-18,14.09,7
738,108840,2026-02-08,82.55,5
352,104200,2026-02-19,44.76,3
68,100871,2026-02-16,77.23,8
245,102987,2026-01-22,15.22,3
902,110641,2026-01-14,28.76,3
419,105008,2026-01-20,56.40,6
759,109078,2026-01-06,52.91,4
450,105355,2026-01-27,28.00,7
77,100968,2026-02-05,28.89,1
148,101825,2025-11-28,67.80,7
544,106524,2026-01-23,62.41,3
53,100703,2026-03-06,22.39,6
371,104413,2025-12-17,18.80,4
318,103844,2026-01-18,15.69,3
157,101932,2026-02-16,14.50,7
436,105233,2026-02-01,53.63,3
276,103345,2026-01-20,26.27,6
392,104670,2026-02-05,37.59,3
250,103062,2026-03-08,18.60,7
68,100867,2026-02-11,70.66,5
910,110736,2025-12-17,15.91,7
145,101775,2026-01-06,27.76,7
896,110589,2026-03-05,34.02,6
552,106638,2026-02-17,26.24,3
460,105439,2025-12-29,49.78,1
111,101374,2026-01-04,18.47,6
615,107341,2025-11-29,39.58,3
462,105490,2026-03-10,14.44,6
184,102282,2026-02-19,86.33,5
664,107975,2026-03-02,41.89,2
35,100459,2026-02-15,17.59,2
855,110071,2026-01-10,19.88,6
540,106490,2026-02-18,37.15,2
284,103442,2026-01-15,25.48,3
806,109546,2025-12-22,38.94,5
299,103682,2026-02-18,47.47,8
159,101966,2026-01-16,26.75,7
436,105249,2026-01-19,69.19,6
773,109228,2026-02-03,18.70,4
554,106661,2025-12-29,41.53,1
552,106645,2026-02-08,24.25,6
543,106520,2026-02-06,32.76,3
568,106821,2026-01-20,11.36,6
907,110690,2025-12-30,37.91,2
819,109707,2025-11-24,53.17,4
417,104990,2026-03-15,18.23,5
658,107895,2026-01-03,31.93,7
275,103324,2026-02-12,47.29,8
826,109773,2025-12-04,19.18,8
514,106164,2026-01-19,56.77,3
865,110174,2026-02-06,45.87,7
123,101496,2025-11-26,74.08,2
369,104381,2026-03-17,77.66,7
105,101306,2026-01-01,51.67,2
369,104389,2026-01-25,73.88,3
921,110829,2026-02-14,89.81,5
183,102270,2025-12-08,36.55,2
42,100542,2026-01-11,95.26,3
750,108990,2025-12-24,22.93,5
503,105996,2026-01-20,34.01,8
521,106265,2026-01-30,32.41,1
634,107596,2026-02-05,35.37,7
256,103129,2025-12-29,12.71,6
721,108673,2026-02-22,48.22,3
572,106843,2026-01-15,22.70,6
42,100538,2026-01-26,70.40,7
55,100720,2026-02-15,44.52,8
455,105390,2026-01-14,31.97,5
500,105955,2026-01-11,26.65,7
96,101241,2026-02-04,53.03,1
850,110006,2025-11-11,111.88,4
743,108915,2026-01-02,36.72,3
927,110876,2025-12-20,39.67,5
144,101771,2025-12-03,10.63,1
622,107437,2026-02-07,31.85,2
795,109436,2026-01-25,24.26,1
853,110051,2026-02-17,100.82,7
636,107616,2026-01-02,16.07,3
752,109013,2025-11-11,35.93,3
75,100948,2025-12-14,23.16,8
857,110085,2025-11-24,32.03,2
236,102908,2026-01-23,26.21,2
406,104837,2025-12-25,32.96,8
626,107489,2025-12-04,25.50,2
718,108620,2026-03-08,12.76,8
335,103999,2025-11-23,30.27,7
169,102109,2026-02-01,54.26,1
622,107442,2025-12-22,30.68,2
42,100531,2026-01-09,93.32,1
998,111724,2026-02-25,26.78,5
493,105842,2026-01-13,42.55,7
911,110747,2026-02-16,44.28,2
857,110081,2025-12-21,42.71,5
531,106385,2026-02-15,20.71,4
599,107150,2026-02-17,71.95,7
8,100101,2026-01-25,80.12,1
156,101920,2026-02-16,45.77,2
479,105702,2025-10-27,12.90,3
126,101536,2026-03-03,49.68,1
344,104115,2026-02-28,30.76,1
797,109453,2026-02-21,23.06,5
299,103662,2026-01-04,84.93,2
118,101450,2026-02-08,15.36,2
290,103530,2026-03-07,16.86,4
948,111122,2026-01-11,25.04,2
370,104407,2025-10-25,33.98,7
263,103209,2026-02-12,39.41,8
507,106069,2026-01-02,16.31,3
365,104351,2026-02-08,34.08,2
272,103304,2026-03-06,30.82,7
652,107805,2026-02-13,72.46,3
892,110535,2026-02-15,38.74,7
306,103730,2026-02-22,44.51,1
145,101776,2026-01-30,25.03,4
530,106371,2026-02-05,36.97,5
169,102097,2026-03-01,38.31,1
99,101255,2026-02-09,32.87,5
345,104135,2026-01-16,18.07,7
348,104166,2025-12-25,39.40,3
371,104417,2026-01-17,33.00,4
386,104614,2026-01-12,16.56,3
584,106960,2026-02-26,94.98,7
650,107779,2026-02-07,27.33,8
317,103843,2026-01-03,41.73,2
829,109819,2026-01-16,33.80,6
206,102548,2026-01-22,29.90,5
712,108534,2025-12-29,16.57,5
374,104433,2025-12-16,65.85,4
337,104015,2026-02-19,31.77,4
717,108605,2026-02-17,35.90,4
462,105485,2026-02-01,22.15,6
353,104204,2026-01-06,11.53,2
11,100151,2026-01-24,39.82,7
938,111012,2026-02-21,21.57,5
823,109749,2026-01-01,35.57,2
592,107069,2026-02-17,14.92,8
416,104957,2026-03-03,99.56,1
95,101226,2026-01-05,57.48,3
873,110286,2026-01-17,52.94,6
592,107070,2026-01-05,32.98,4
44,100568,2026-02-11,42.45,5
757,109059,2026-02-12,25.57,1
284,103443,2026-01-09,21.10,8
421,105046,2026-01-28,27.16,6
178,102222,2026-02-10,19.47,3
312,103779,2026-01-07,35.69,3
866,110203,2025-12-05,37.47,8
704,108407,2026-02-22,66.90,1
895,110570,2026-01-07,30.23,4
259,103173,2026-03-12,38.49,8
902,110644,2026-02-11,25.46,7
389,104651,2025-12-27,12.68,3
713,108535,2025-12-23,10.38,2
909,110708,2025-12-31,58.68,4
279,103379,2026-01-14,39.97,8
186,102336,2026-01-24,13.99,2
395,104713,2026-01-12,91.22,8
408,104870,2026-02-20,77.39,7
68,100852,2026-02-24,64.76,5
136,101661,2026-01-27,33.97,1
900,110628,2026-02-22,17.47,1
290,103529,2026-02-05,32.36,6
837,109891,2025-12-26,51.40,3
298,103630,2026-02-14,53.84,1
801,109486,2026-02-22,32.82,2
469,105580,2025-12-12,93.06,7
695,108340,2025-12-09,86.71,8
436,105242,2026-01-31,69.86,2
644,107733,2026-02-18,22.66,3
575,106881,2026-02-22,32.32,4
819,109704,2025-12-23,21.40,6
312,103770,2026-02-18,31.28,2
79,100980,2025-12-30,33.44,2
838,109893,2026-02-08,20.28,7
177,102206,2026-02-12,53.49,6
889,110504,2026-01-04,36.84,3
954,111143,2026-01-06,85.13,1
219,102717,2026-02-28,37.27,2
881,110389,2026-03-08,30.24,6
935,110991,2026-02-22,29.12,1
598,107128,2026-02-25,18.12,8
683,108183,2026-01-11,41.26,4
889,110494,2026-02-19,38.61,5
620,107408,2026-01-03,24.18,5
626,107488,2025-11-04,59.86,6
415,104948,2026-01-25,38.22,8
991,111602,2026-01-20,34.91,1
826,109771,2026-01-19,31.46,7
269,103262,2026-01-09,27.89,2
290,103538,2026-02-20,13.95,4
28,100414,2026-01-25,88.24,6
578,106900,2025-12-12,48.11,4
590,107034,2026-03-08,97.65,1
71,100914,2026-02-17,34.63,5
327,103924,2026-02-25,37.81,8
893,110557,2026-01-14,59.68,8
596,107108,2025-12-17,38.71,5
233,102881,2026-01-05,39.86,8
71,100913,2026-01-05,18.23,4
252,103096,2025-11-27,75.37,2
444,105320,2026-01-08,27.07,8
748,108960,2025-12-19,26.97,8
637,107640,2026-02-12,37.04,2
40,100512,2025-12-17,32.18,1
680,108143,2026-03-04,22.60,5
758,109061,2026-01-16,22.84,3
834,109858,2026-02-01,16.68,5
282,103424,2026-02-17,17.34,8
567,106817,2026-03-12,39.69,4
611,107299,2025-12-05,44.34,4
872,110275,2025-10-20,65.38,4
45,100576,2026-02-07,50.11,7
364,104327,2025-12-30,74.56,6
933,110952,2026-01-09,37.17,6
994,111667,2026-01-24,16.64,7
1,100001,2025-12-03,70.08,6
410,104886,2026-02-24,20.96,6
375,104450,2026-02-25,25.96,3
108,101351,2026-02-14,27.78,1
729,108766,2026-02-09,92.01,5
599,107158,2026-01-05,81.30,6
601,107170,2026-02-10,88.02,5
529,106358,2026-02-13,45.25,6
137,101670,2026-02-01,66.04,3
211,102638,2026-01-09,14.73,3
9,100104,2026-02-05,16.98,2
539,106476,2026-01-10,42.47,7
572,106844,2026-02-28,30.43,2
572,106852,2026-02-21,38.71,7
146,101801,2025-12-31,31.60,8
948,111127,2026-01-22,17.15,5
638,107649,2026-02-01,75.86,2
896,110592,2026-02-18,38.47,6
682,108174,2026-02-12,31.23,6
881,110393,2026-02-11,20.04,5
221,102740,2026-01-12,14.16,2
569,106825,2025-11-29,82.08,8
251,103074,2026-02-16,16.64,8
722,108705,2025-10-28,14.48,7
63,100801,2026-01-25,20.72,8
573,106864,2025-11-26,64.16,1
282,103426,2026-01-09,18.51,4
593,107077,2026-01-18,17.53,4
13,100192,2026-03-03,53.19,1
940,111035,2025-12-24,21.89,6
333,103976,2025-12-21,45.83,5
483,105759,2026-01-09,26.72,5
206,102545,2026-03-18,33.13,2
76,100961,2026-01-01,25.60,2
896,110590,2026-01-31,43.20,7
483,105757,2026-01-10,21.55,4
519,106233,2026-02-07,41.01,7
758,109068,2026-01-28,20.69,4
599,107148,2026-01-29,60.30,1
611,107301,2026-01-01,40.10,2
194,102433,2025-11-03,24.93,2
983,111490,2026-02-02,32.11,6
420,105014,2026-01-11,90.19,2
972,111366,2026-03-12,76.86,8
161,101997,2026-02-14,68.13,4
160,101977,2026-02-13,25.74,5
97,101245,2025-11-28,39.12,6
500,105952,2025-12-29,19.77,5
806,109550,2026-01-13,20.25,3
514,106163,2026-03-07,35.64,2
669,108029,2025-11-18,30.26,8
993,111641,2025-12-26,18.35,6
420,105033,2026-01-12,43.00,1
212,102658,2025-10-31,37.47,8
691,108314,2025-11-16,32.22,4
291,103549,2026-02-08,85.72,5
638,107656,2026-02-01,77.36,3
224,102766,2025-12-14,24.43,8
36,100481,2026-02-01,23.66,6
671,108055,2026-01-18,22.18,7
52,100685,2026-01-25,34.87,2
198,102465,2026-01-09,61.44,7
716,108555,2026-03-12,36.73,4
325,103905,2026-02-20,88.80,4
437,105267,2026-03-14,22.87,3
403,104817,2025-12-13,48.73,2
90,101141,2026-01-11,66.28,3
739,108868,2026-02-03,17.45,8
130,101578,2025-11-01,82.98,1
985,111528,2025-12-17,17.97,2
675,108097,2025-12-27,18.63,3
510,106112,2025-12-30,52.16,5
838,109903,2026-01-25,41.11,4
265,103235,2026-01-24,38.78,4
573,106863,2025-12-03,75.53,5
525,106306,2026-01-26,39.29,6
581,106931,2026-02-25,24.02,4
872,110277,2025-12-22,34.57,8
579,106916,2026-02-11,27.48,7
283,103435,2026-02-04,45.75,8
248,103033,2026-01-23,19.88,7
312,103781,2026-01-18,15.33,8
199,102492,2026-01-01,19.13,2
731,108780,2025-12-12,39.97,7
253,103101,2026-02-24,69.90,3
305,103716,2025-12-23,17.46,2
227,102804,2025-11-21,17.58,7
249,103048,2026-01-17,28.35,7
945,111089,2026-02-21,21.34,4
264,103213,2026-01-11,32.33,4
125,101519,2026-03-05,81.11,8
873,110281,2026-01-03,51.09,4
50,100665,2025-12-30,20.53,2
524,106298,2026-01-06,42.60,3
2,100013,2026-01-29,46.53,5
178,102230,2026-01-05,26.77,3
728,108749,2026-03-15,37.38,1
892,110530,2026-03-09,30.53,7
494,105869,2026-01-06,91.13,2
728,108737,2026-01-28,55.70,5
220,102728,2026-01-05,16.69,1
862,110143,2026-03-10,30.10,3
58,100756,2025-12-01,84.98,8
7,100079,2025-11-07,23.27,5
781,109322,2025-11-19,37.55,5
251,103084,2026-02-10,13.54,3
472,105623,2025-12-21,37.75,5
309,103762,2025-12-14,66.87,8
659,107908,2026-02-19,42.56,2
272,103297,2026-01-17,36.73,8
550,106603,2026-01-16,57.87,2
276,103344,2025-12-25,27.78,1
940,111027,2026-02-19,22.10,6
48,100633,2026-01-05,34.93,6
624,107470,2026-01-31,25.63,7
289,103520,2026-01-18,21.79,4
280,103394,2026-01-15,25.59,2
250,103058,2026-02-24,18.26,5
509,106077,2026-03-08,45.90,2
852,110023,2026-01-26,71.80,1
696,108344,2026-02-10,85.02,1
717,108588,2026-03-18,45.89,2
68,100864,2026-02-15,85.22,1
985,111525,2026-01-03,21.62,7
236,102910,2026-02-09,15.53,8
847,109975,2026-03-03,13.36,6
11,100156,2026-01-15,23.31,3
86,101070,2026-01-22,25.15,8
734,108795,2026-02-18,47.04,6
291,103560,2026-03-01,93.45,1
366,104353,2026-01-17,41.65,3
879,110353,2026-02-21,33.59,5
57,100735,2026-01-09,14.84,5
832,109840,2026-01-18,32.66,2
17,100251,2025-12-29,17.31,4
539,106475,2025-11-18,57.22,8
952,111137,2026-01-06,36.68,3
769,109193,2026-02-26,17.29,7
990,111576,2026-02-13,25.10,1
839,109916,2025-12-30,26.39,4
232,102864,2026-02-27,24.48,1
659,107905,2026-02-25,30.41,8
747,108954,2026-01-06,114.48,2
937,111006,2026-01-24,35.73,4
70,100900,2025-12-26,55.36,7
823,109758,2025-12-26,29.73,6
209,102626,2026-03-10,32.98,2
841,109921,2026-03-07,35.71,6
298,103643,2026-02-10,76.23,5
441,105301,2025-12-29,31.28,8
3,100046,2026-01-14,15.82,1
219,102715,2026-01-21,23.46,2
983,111504,2026-03-09,41.47,6
280,103392,2025-12-27,49.57,3
433,105212,2025-12-27,44.75,5
461,105454,2026-03-15,76.12,8
662,107966,2026-03-07,59.03,7
587,106994,2025-12-30,39.55,5
760,109091,2026-02-11,30.90,8
235,102907,2026-03-01,52.11,8
693,108331,2026-02-02,36.84,1
891,110524,2025-12-03,14.84,8
460,105447,2026-02-09,21.69,8
832,109839,2026-01-18,44.77,3
926,110874,2026-02-03,57.37,6
523,106283,2026-02-02,20.91,3
91,101156,2026-02-01,20.57,6
565,106789,2025-11-27,40.04,8
494,105871,2026-01-17,111.81,8
633,107571,2026-03-03,25.21,5
833,109848,2025-12-09,55.58,4
184,102277,2026-02-22,53.54,8
380,104530,2025-11-20,36.94,4
848,109984,2026-01-31,28.60,6
462,105482,2026-02-19,31.87,3
174,102153,2026-01-01,34.99,3
432,105186,2026-01-02,18.42,3
117,101441,2026-01-19,18.16,7
257,103149,2026-03-04,66.50,8
816,109658,2026-01-28,29.98,6
748,108958,2025-12-29,33.18,1
649,107753,2025-11-28,41.47,1
701,108393,2026-02-23,42.12,8
838,109899,2026-01-18,41.40,5
981,111485,2026-03-10,64.34,3
178,102214,2026-02-12,11.73,1
456,105405,2026-01-04,20.75,5
251,103077,2026-02-06,33.03,1
387,104625,2026-01-28,32.14,5
836,109883,2026-01-31,35.24,4
407,104864,2026-02-15,119.41,4
909,110710,2026-01-11,70.02,1
545,106548,2026-02-17,12.17,7
533,106415,2026-02-17,34.56,5
551,106630,2026-01-16,36.62,3
177,102193,2026-02-20,76.48,8
417,104987,2026-01-24,28.62,5
451,105359,2025-12-13,39.07,7
166,102057,2026-01-12,61.69,1
743,108917,2026-01-22,32.95,6
916,110791,2026-01-10,28.23,1
727,108734,2026-01-24,21.55,7
206,102544,2026-02-13,14.61,1
815,109651,2025-12-22,57.89,7
503,106004,2026-02-23,22.17,4
131,101580,2026-01-15,24.84,1
415,104937,2026-01-27,28.27,6
298,103655,2026-02-18,78.93,8
213,102664,2026-01-24,17.50,5
981,111482,2026-02-16,53.35,1
720,108668,2026-03-08,25.07,5
840,109919,2025-12-01,24.76,5
590,107039,2026-02-25,71.02,2
89,101098,2026-01-10,101.05,3
339,104031,2026-01-30,26.40,8
371,104416,2026-01-04,42.33,6
137,101691,2026-01-27,49.49,7
730,108779,2025-10-27,26.37,6
518,106224,2026-03-04,70.65,6
946,111094,2026-02-24,46.40,1
461,105475,2026-02-18,45.83,2
659,107903,2026-01-15,46.59,7
231,102851,2026-03-11,106.44,8
606,107224,2026-01-30,19.97,1
511,106119,2026-01-28,31.06,5
942,111055,2025-12-19,35.18,7
56,100728,2026-01-20,33.03,1
131,101593,2026-01-12,20.01,3
208,102599,2026-01-16,45.95,7
325,103898,2026-02-03,73.92,8
419,105006,2026-01-17,56.73,6
466,105541,2026-01-25,38.18,5
355,104224,2026-01-02,30.03,5
624,107462,2026-02-14,24.69,1
265,103238,2026-01-14,42.07,2
120,101467,2026-01-28,34.81,2
680,108138,2026-02-09,34.83,5
529,106347,2026-03-04,51.25,2
991,111601,2026-02-28,31.59,7
853,110058,2026-01-12,63.49,4
689,108296,2026-01-13,39.08,6
465,105534,2025-12-28,31.87,3
847,109966,2026-02-01,23.64,1
342,104080,2026-02-22,24.71,5
634,107582,2026-01-30,22.18,4
712,108529,2025-12-28,22.67,4
490,105808,2025-12-25,27.77,6
111,101375,2026-01-09,25.24,7
470,105601,2026-03-14,69.01,7
708,108482,2025-12-13,16.92,7
966,111268,2026-01-23,16.32,4
395,104715,2026-01-11,83.14,3
432,105192,2026-01-08,19.76,3
317,103832,2026-01-27,27.91,7
780,109311,2026-02-17,23.16,8
502,105982,2026-02-22,72.11,7
989,111560,2025-10-26,60.77,2
139,101706,2025-11-17,110.78,3
411,104900,2025-12-09,39.25,3
257,103139,2026-03-13,64.05,4
616,107352,2026-01-10,23.45,4
571,106838,2025-11-03,55.02,3
341,104063,2025-12-15,35.12,5
609,107268,2026-02-11,62.12,2
143,101768,2026-02-14,22.68,7
909,110718,2026-03-08,61.86,6
219,102711,2025-12-27,21.95,4
2,100023,2026-01-29,86.93,2
985,111524,2026-01-08,39.44,2
420,105031,2026-01-26,52.68,7
721,108698,2026-02-08,67.09,7
131,101584,2026-01-06,28.77,8
285,103456,2025-12-24,26.12,5
535,106436,2025-11-24,87.37,5
445,105323,2025-12-07,37.52,8
601,107165,2026-01-20,47.47,7
31,100438,2025-12-23,76.08,3
800,109478,2025-11-25,49.67,2
740,108875,2026-02-06,39.92,6
352,104201,2026-01-17,16.80,4
152,101863,2025-11-24,21.83,3
213,102668,2025-12-11,22.96,5
82,101026,2026-02-11,29.94,8
434,105215,2025-12-21,35.96,7
899,110623,2026-01-11,32.96,5
232,102876,2026-01-20,21.18,5
3,100041,2026-02-20,35.07,4
524,106296,2025-11-17,59.75,7
35,100463,2025-12-24,28.42,3
314,103802,2026-02-09,42.09,8
717,108598,2026-01-24,39.66,8
597,107114,2025-12-20,36.02,5
988,111547,2026-01-02,13.74,3
981,111465,2026-01-17,37.60,3
462,105492,2026-03-08,26.91,7
847,109973,2026-02-15,23.82,8
716,108557,2026-03-08,45.84,8
557,106689,2026-02-07,26.04,1
609,107273,2026-03-01,64.07,2
236,102923,2026-01-10,43.02,3
386,104613,2026-02-09,46.30,7
527,106317,2025-12-15,12.71,1
688,108279,2026-01-22,20.85,8
459,105431,2026-01-03,31.34,1
204,102521,2026-01-07,19.26,6
288,103475,2026-02-16,57.59,8
782,109331,2025-12-28,18.36,5
681,108155,2025-12-01,12.55,1
114,101406,2026-01-17,41.35,3
779,109299,2025-11-18,45.51,8
536,106439,2025-12-03,91.90,5
642,107702,2026-01-26,38.91,2
546,106569,2026-01-30,31.99,7
676,108107,2026-01-21,33.35,4
548,106576,2026-02-08,31.14,7
71,100923,2025-12-26,26.70,2
91,101168,2026-01-21,32.36,1
28,100415,2026-01-17,60.08,3
431,105165,2026-02-12,20.55,2
241,102956,2026-02-13,21.89,1
795,109439,2025-12-28,49.96,5
314,103808,2026-01-29,26.92,2
590,107040,2026-02-21,49.50,5
741,108894,2026-01-17,54.02,7
512,106140,2026-01-24,13.77,7
287,103466,2025-12-02,40.46,4
896,110591,2026-01-20,43.33,4
421,105049,2026-01-29,37.29,4
909,110726,2026-01-09,84.19,5
604,107208,2025-10-27,60.47,2
257,103137,2026-01-11,76.04,8
615,107347,2025-12-28,43.91,7
926,110870,2026-02-25,47.70,5
676,108098,2026-01-07,26.85,5
557,106696,2026-03-07,23.08,2
197,102448,2026-01-29,16.84,3
436,105253,2026-01-14,78.39,6
142,101747,2025-12-24,28.65,5
971,111321,2026-02-21,31.75,4
541,106497,2025-12-11,115.16,1
45,100584,2026-01-25,99.68,3
152,101866,2026-01-19,27.64,7
529,106342,2026-02-10,56.53,1
642,107707,2026-02-22,43.52,7
395,104704,2026-03-06,67.87,8
298,103654,2026-02-22,39.29,5
441,105306,2026-01-03,43.91,3
45,100579,2026-03-03,103.37,2
137,101678,2026-03-05,50.88,8
821,109722,2025-12-18,68.88,4
149,101835,2026-01-04,47.23,4
505,106018,2026-02-10,59.96,7
767,109160,2026-02-24,20.94,2
437,105266,2026-02-16,35.00,2
241,102959,2026-03-14,26.43,2
64,100810,2026-01-13,47.63,3
340,104048,2026-01-11,13.60,3
508,106071,2026-01-05,38.44,6
567,106809,2026-03-13,35.73,7
704,108433,2026-01-20,62.32,2
545,106562,2026-03-04,12.60,2
961,111225,2026-01-02,37.79,8
298,103657,2026-01-28,41.26,7
186,102328,2026-02-06,32.48,6
635,107607,2025-12-31,31.56,2
330,103946,2025-12-27,32.68,7
108,101360,2026-01-22,21.39,5
207,102570,2026-03-03,14.60,7
397,104730,2026-02-17,29.06,2
498,105927,2026-03-02,38.09,4
717,108595,2026-02-12,50.61,1
859,110105,2026-02-20,41.86,1
68,100858,2026-01-19,80.45,5
979,111437,2026-02-11,41.66,1
628,107520,2026-02-15,37.45,2
548,106581,2026-01-15,32.81,7
852,110020,2026-02-24,77.15,6
66,100825,2026-01-03,77.52,8
11,100147,2026-01-05,41.13,8
416,104954,2026-03-06,51.97,8
659,107912,2026-02-09,61.99,7
95,101203,2026-01-18,70.98,2
550,106624,2026-02-15,63.24,7
270,103275,2026-03-11,122.77,5
108,101357,2026-02-06,21.92,2
363,104320,2025-12-18,20.71,8
101,101259,2026-02-21,94.92,8
390,104659,2025-12-25,23.30,4
703,108403,2025-12-27,64.55,6
495,105884,2026-01-08,26.93,6
304,103706,2025-12-16,22.39,3
242,102969,2026-01-13,55.78,7
683,108186,2026-02-03,31.02,5
867,110210,2026-02-16,35.24,4
150,101840,2026-02-24,37.14,3
683,108188,2026-01-15,30.62,7
976,111404,2026-02-11,48.49,1
402,104803,2026-01-10,24.50,6
550,106607,2026-03-07,50.07,7
467,105562,2026-02-20,35.99,4
595,107098,2026-02-14,40.02,8
69,100882,2026-02-22,30.57,6
177,102194,2026-03-15,48.25,8
708,108486,2026-02-06,26.13,2
241,102966,2026-03-15,39.80,4
198,102463,2026-02-27,47.99,8
358,104254,2026-02-22,36.76,8
552,106642,2026-01-29,25.74,2
738,108832,2026-01-25,85.21,1
734,108805,2026-01-22,52.05,6
803,109525,2026-01-01,29.84,4
259,103186,2026-03-04,28.83,6
132,101599,2026-01-29,36.30,6
882,110411,2026-02-13,36.90,3
572,106847,2026-03-14,26.34,3
292,103561,2025-12-30,57.52,3
820,109713,2025-11-14,49.73,5
405,104825,2025-11-17,33.82,5
671,108050,2026-01-23,27.50,3
127,101564,2026-01-21,71.43,6
972,111359,2026-02-16,89.77,1
482,105738,2026-02-05,94.42,7
107,101336,2026-01-15,15.62,2
660,107930,2026-01-07,25.28,1
459,105436,2026-01-29,25.24,5
340,104053,2026-01-04,13.01,6
988,111539,2025-12-17,16.34,1
356,104237,2026-01-15,22.65,7
633,107575,2026-02-19,35.38,6
760,109095,2026-01-11,30.04,4
931,110931,2026-01-19,22.47,1
160,101980,2026-01-10,22.86,5
436,105250,2026-02-10,49.09,5
581,106945,2026-01-15,13.42,1
509,106083,2026-03-12,62.85,3
540,106482,2026-01-28,56.06,5
425,105092,2026-01-15,49.46,1
934,110983,2026-02-04,39.38,4
329,103943,2026-01-11,24.55,4
23,100329,2026-01-16,55.45,7
337,104023,2026-02-23,21.95,6
685,108238,2026-01-11,63.40,4
655,107849,2025-12-22,30.08,4
30,100431,2026-01-12,31.28,1
674,108078,2026-02-22,25.37,4
712,108525,2025-12-18,14.97,8
341,104064,2025-12-27,62.33,7
801,109491,2026-01-19,24.90,6
2,100028,2025-12-31,94.60,4
98,101253,2025-12-24,34.43,5
305,103712,2025-12-16,38.11,5
222,102742,2026-01-15,45.30,5
289,103502,2026-01-13,33.17,3
85,101065,2026-01-04,41.84,2
828,109811,2025-12-25,21.53,6
602,107188,2025-12-24,49.89,2
716,108562,2026-01-07,68.35,1
948,111117,2026-03-02,35.07,8
721,108692,2026-01-05,56.89,3
859,110110,2026-02-13,64.04,2
841,109934,2026-02-04,16.27,7
769,109175,2026-03-13,24.12,2
120,101469,2026-02-20,17.90,5
273,103316,2026-02-01,39.67,5
298,103636,2026-02-09,72.36,2
125,101520,2026-01-20,50.58,1
145,101781,2026-01-20,38.04,2
462,105479,2026-02-18,33.92,5
704,108431,2026-03-02,53.22,4
85,101067,2026-01-18,26.88,5
637,107641,2026-02-24,38.47,8
272,103295,2026-02-24,26.24,3
436,105231,2025-12-31,48.52,3
12,100164,2025-12-20,25.82,1
720,108665,2026-03-06,37.22,4
439,105287,2026-01-25,24.83,7
649,107758,2025-12-22,59.74,4
248,103040,2026-02-19,20.98,2
425,105094,2026-01-15,65.98,8
14,100206,2026-01-19,16.76,3
298,103637,2026-03-10,63.20,6
16,100232,2026-01-13,30.17,3
739,108858,2026-01-29,11.67,4
248,103031,2026-01-16,13.60,7
35,100478,2026-02-17,29.43,4
981,111464,2026-01-12,69.83,1
852,110039,2026-03-09,35.22,8
306,103734,2026-03-03,20.50,4
761,109107,2025-12-04,82.77,8
314,103805,2026-02-23,16.96,1
523,106286,2026-01-12,24.07,1
145,101782,2026-02-11,37.45,2
401,104782,2026-02-05,28.84,4
345,104139,2026-01-31,14.46,7
381,104536,2025-10-19,43.87,4
341,104062,2025-11-22,30.79,1
808,109574,2025-12-21,15.23,1
174,102152,2025-11-12,28.38,8
169,102098,2026-02-06,45.89,8
209,102617,2026-02-09,12.11,6
49,100645,2025-12-25,33.77,1
350,104186,2026-02-23,29.09,4
769,109186,2026-02-25,12.45,4
60,100776,2026-02-18,22.22,1
97,101247,2026-01-04,27.43,4
435,105222,2026-01-15,36.51,7
204,102528,2026-01-27,45.18,5
264,103224,2026-02-20,22.88,3
122,101495,2026-02-27,16.81,1
45,100585,2026-02-19,71.88,6
543,106506,2026-01-16,16.18,6
750,108979,2026-01-08,17.82,6
792,109422,2026-02-19,34.39,7
46,100601,2026-03-03,18.28,4
107,101340,2026-01-07,30.21,5
925,110858,2025-12-17,20.43,4
101,101279,2026-02-21,90.34,3
918,110813,2026-01-16,12.77,2
569,106822,2025-11-23,43.40,5
502,105966,2026-03-12,110.55,3
475,105661,2026-02-21,18.88,3
140,101715,2026-03-16,31.63,6
322,103872,2025-12-23,20.74,8
509,106082,2026-01-28,43.39,1
13,100169,2026-01-29,78.20,1
423,105074,2026-02-12,15.37,5
213,102672,2026-02-02,28.93,4
589,107020,2026-02-23,42.91,7
977,111424,2026-02-05,27.66,8
627,107507,2026-01-01,21.19,8
453,105373,2026-01-11,53.24,6
534,106418,2026-02-07,30.19,6
832,109834,2026-01-18,56.71,2
946,111101,2026-01-12,47.82,2
301,103685,2025-12-17,35.42,3
637,107643,2026-02-10,18.69,4
211,102644,2025-12-29,21.67,6
159,101956,2026-01-06,18.14,1
191,102396,2026-02-28,33.32,4
443,105313,2026-01-19,34.45,3
418,105000,2025-12-01,19.58,2
217,102694,2026-01-11,30.18,2
406,104841,2025-12-27,29.81,1
818,109696,2026-03-10,99.84,6
505,106011,2026-03-08,56.49,5
798,109470,2026-01-13,27.58,8
45,100583,2026-03-12,94.39,1
145,101774,2026-02-16,32.34,4
449,105344,2026-01-15,72.57,7
587,106991,2026-02-15,26.69,4
837,109890,2026-02-28,44.73,5
895,110569,2026-01-22,43.45,3
528,106326,2026-01-12,29.53,2
354,104212,2026-01-17,13.48,3
14,100220,2026-03-13,18.60,8
475,105668,2026-02-12,33.70,3
317,103829,2026-02-05,29.81,1
597,107121,2025-12-18,58.19,4
494,105872,2026-03-14,113.78,5
35,100458,2026-02-20,27.91,6
181,102255,2025-11-23,34.90,8
176,102173,2026-02-15,31.15,5
629,107530,2025-11-26,44.77,4
738,108830,2026-01-10,82.41,5
922,110840,2025-12-30,35.79,3
859,110132,2026-02-17,35.74,3
526,106313,2025-12-04,71.53,3
95,101208,2026-01-24,58.42,3
955,111160,2026-02-07,49.01,4
76,100959,2026-01-13,37.96,8
657,107875,2026-02-12,41.14,2
232,102870,2026-01-13,19.70,7
909,110707,2026-01-27,44.73,1
612,107310,2026-02-26,36.51,6
232,102874,2026-02-10,31.14,4
920,110820,2025-11-13,57.87,2
176,102167,2026-01-25,26.35,2
153,101873,2025-12-28,40.14,5
751,109003,2026-01-29,54.94,2
734,108794,2026-02-25,20.96,6
712,108526,2026-01-25,29.69,3
565,106792,2025-11-09,41.26,8
931,110926,2026-01-08,28.51,4
981,111475,2026-02-03,44.19,2
241,102963,2026-03-14,31.14,4
758,109065,2026-02-06,37.03,3
739,108870,2026-03-02,24.66,6
394,104694,2026-01-02,64.07,8
680,108141,2026-01-31,45.08,8
783,109340,2025-11-09,40.20,5
244,102980,2026-01-23,12.29,4
797,109465,2026-03-04,22.61,4
227,102805,2026-01-01,14.22,7
2,100015,2026-01-03,53.20,2
45,100586,2026-01-30,102.55,6
407,104851,2026-03-12,93.24,8
957,111166,2026-01-29,74.27,4
186,102329,2026-01-08,28.78,4
120,101475,2025-12-25,29.25,2
522,106280,2026-01-08,44.87,6
595,107100,2026-01-29,29.59,2
629,107535,2025-11-22,23.26,1
659,107926,2026-01-11,38.90,8
28,100413,2026-03-14,96.93,6
529,106348,2026-01-15,75.75,5
660,107944,2026-02-01,34.39,7
318,103849,2026-01-23,19.69,8
415,104952,2026-02-16,39.36,8
994,111655,2026-01-15,21.48,1
231,102857,2026-02-16,50.66,1
345,104145,2026-02-12,24.43,8
827,109799,2026-02-18,52.20,2
288,103471,2026-02-06,56.46,8
971,111328,2026-01-17,21.22,2
344,104119,2026-02-17,19.28,1
85,101055,2026-01-18,42.32,5
745,108941,2026-01-26,22.27,8
759,109085,2025-12-31,24.05,3
868,110227,2026-02-08,22.65,8
732,108790,2025-12-16,57.40,5
253,103107,2026-01-27,101.60,7
42,100541,2026-02-10,45.02,2
163,102029,2026-02-21,51.17,5
392,104669,2026-02-07,14.02,3
397,104743,2026-02-08,20.12,4
108,101353,2026-02-23,35.92,5
348,104161,2026-01-28,32.75,7
420,105027,2026-01-31,58.09,5
689,108292,2026-02-02,42.89,8
668,108019,2026-02-08,27.70,3
191,102389,2026-03-03,41.92,6
384,104580,2026-02-05,52.07,1
297,103624,2026-01-07,36.48,7
393,104689,2026-01-05,39.29,6
410,104887,2026-02-10,22.26,8
988,111546,2026-01-03,31.62,5
13,100179,2026-03-10,54.13,8
47,100611,2026-01-29,21.66,3
782,109333,2025-12-31,30.56,8
455,105400,2026-01-24,37.84,6
708,108487,2025-12-28,14.77,3
616,107356,2026-03-10,39.91,7
428,105144,2026-01-16,64.37,7
302,103692,2026-02-15,59.14,2
277,103360,2025-12-19,23.91,4
8,100084,2026-01-20,85.02,1
543,106514,2026-01-16,13.92,3
386,104612,2026-02-24,43.66,7
67,100842,2026-01-25,17.88,7
991,111599,2026-02-12,26.70,1
529,106337,2026-03-13,53.61,2
457,105419,2025-11-02,79.38,8
140,101730,2026-01-23,17.54,2
704,108430,2026-01-24,62.91,3
549,106599,2025-12-14,46.66,1
760,109094,2026-01-21,24.77,5
538,106466,2025-12-22,33.70,5
706,108469,2026-03-05,21.48,3
537,106448,2026-01-16,15.91,8
96,101232,2026-02-23,19.96,7
329,103939,2025-11-08,40.73,7
945,111084,2026-01-12,56.76,4
626,107484,2025-10-28,57.28,2
852,110012,2026-03-08,63.39,6
495,105894,2026-01-07,20.18,6
776,109274,2026-01-24,64.77,3
520,106263,2026-01-24,86.40,7
433,105214,2026-02-11,54.06,8
433,105213,2026-01-19,49.96,4
173,102145,2026-01-21,23.46,6
85,101061,2026-01-11,31.24,6
306,103723,2026-02-12,26.62,1
644,107726,2026-02-04,17.45,3
988,111549,2025-12-31,38.49,7
697,108348,2025-12-19,24.93,2
589,107019,2026-03-12,20.14,1
192,102417,2026-02-11,23.48,7
31,100441,2025-11-07,34.15,8
489,105795,2026-02-09,24.71,6
988,111537,2025-12-21,27.42,1
185,102314,2026-01-09,20.75,4
503,105993,2026-03-04,30.40,8
838,109895,2026-02-11,30.10,4
911,110746,2026-02-05,71.52,1
343,104087,2026-01-14,55.86,3
627,107498,2026-01-04,29.82,7
628,107528,2026-02-07,22.41,3
650,107772,2026-01-28,18.60,2
858,110093,2026-01-24,32.10,6
747,108955,2025-11-07,40.09,7
307,103741,2026-02-24,30.60,4
467,105564,2026-01-24,17.84,2
867,110214,2026-01-28,34.67,3
204,102533,2026-03-05,31.12,8
483,105753,2026-01-11,27.35,1
407,104860,2026-02-27,59.71,3
981,111474,2026-01-17,33.93,6
822,109746,2026-03-08,28.78,5
812,109612,2026-01-25,27.96,4
529,106355,2026-01-24,63.81,6
152,101867,2025-12-03,16.21,5
152,101862,2025-12-18,26.41,2
188,102354,2026-01-26,49.48,3
806,109549,2026-02-12,38.02,3
437,105271,2026-03-02,42.81,6
819,109709,2025-12-25,26.73,4
184,102288,2026-02-19,85.56,1
776,109255,2026-02-04,58.01,2
307,103752,2026-02-11,14.16,7
806,109543,2026-01-03,43.00,7
656,107861,2026-01-27,49.29,7
415,104941,2026-01-23,30.17,8
89,101097,2026-02-26,66.15,1
659,107916,2026-01-21,45.53,6
428,105138,2026-02-12,56.05,2
717,108594,2026-01-26,79.68,1
455,105398,2025-12-31,17.28,6
623,107458,2026-02-19,47.05,7
939,111015,2025-11-16,29.21,7
883,110444,2026-03-08,62.43,6
874,110294,2026-02-16,70.99,7
179,102243,2026-02-07,36.78,4
779,109298,2025-11-19,35.35,2
892,110540,2026-03-11,19.76,8
909,110706,2026-03-07,58.32,7
64,100811,2025-12-28,60.87,2
592,107064,2026-01-15,16.10,7
550,106602,2026-03-09,85.16,1
28,100408,2026-02-21,66.08,7
153,101872,2026-01-14,38.83,8
519,106249,2026-01-18,64.56,6
108,101350,2026-02-25,27.03,1
627,107512,2025-12-27,17.99,4
902,110657,2026-03-14,28.98,5
686,108252,2026-01-20,39.84,4
505,106044,2026-03-18,28.72,2
743,108905,2026-02-07,41.54,7
808,109584,2026-01-29,31.22,8
898,110612,2026-01-02,45.72,3
657,107883,2026-01-22,59.65,3
107,101341,2026-02-06,23.30,3
211,102648,2026-02-22,16.36,2
606,107223,2026-01-27,35.66,7
229,102821,2026-03-11,39.70,5
464,105515,2026-01-28,30.50,6
940,111032,2026-01-30,33.12,1
498,105929,2026-01-25,27.25,3
829,109815,2026-01-10,18.42,2
36,100487,2026-02-14,48.76,7
126,101535,2026-02-01,29.26,3
507,106053,2026-01-01,19.43,4
637,107635,2026-01-20,16.12,3
387,104619,2026-02-09,12.26,8
208,102593,2026-01-27,45.35,3
870,110261,2025-12-05,12.55,1
340,104044,2026-01-22,27.53,7
385,104596,2026-02-16,25.88,6
618,107375,2026-01-16,27.01,6
980,111450,2025-12-31,63.93,8
412,104912,2026-01-02,73.71,1
239,102943,2026-01-17,79.94,8
227,102813,2025-12-06,25.05,6
343,104084,2026-01-29,45.85,6
497,105908,2026-01-07,29.14,2
685,108241,2026-01-24,55.40,7
378,104501,2026-02-16,56.89,5
652,107815,2026-03-02,69.78,6
620,107400,2026-01-15,25.77,8
671,108048,2025-12-31,39.35,7
575,106869,2026-03-11,43.16,7
494,105875,2026-01-20,83.07,3
685,108243,2026-01-24,42.22,4
233,102887,2026-02-11,24.63,1
918,110806,2025-12-20,35.84,4
395,104695,2026-01-07,102.80,5
482,105744,2026-02-05,71.62,2
250,103064,2026-02-15,35.65,2
935,110990,2026-01-28,22.99,7
813,109640,2026-01-02,24.09,3
871,110267,2025-12-11,75.30,8
277,103369,2026-01-09,28.43,7
931,110932,2026-01-08,19.33,2
51,100670,2026-03-02,35.87,7
49,100652,2026-01-13,29.83,6
175,102158,2026-01-24,94.81,3
975,111380,2026-02-09,21.39,3
958,111200,2026-01-05,17.88,7
841,109938,2026-01-05,21.19,1
981,111477,2026-03-06,47.67,5
754,109036,2026-01-08,67.01,5
186,102331,2026-02-09,32.33,8
130,101577,2025-12-19,56.93,4
701,108389,2026-01-13,31.07,6
723,108708,2025-12-24,82.07,6
782,109338,2026-02-14,23.18,7
38,100499,2025-12-08,20.96,5
236,102918,2025-12-24,16.55,3
627,107492,2025-12-23,32.50,8
695,108339,2025-12-13,98.04,6
975,111398,2026-02-04,17.02,8
290,103532,2026-01-05,17.26,8
968,111311,2025-12-31,15.48,7
90,101149,2026-01-09,37.59,3
994,111648,2026-02-17,11.83,2
564,106782,2026-01-14,32.06,8
796,109449,2025-11-28,33.84,2
424,105081,2025-11-26,20.61,5
337,104018,2026-01-30,17.66,7
354,104215,2026-01-01,27.55,5
775,109250,2025-12-28,32.03,7
627,107511,2026-02-03,15.62,1
193,102420,2026-02-09,36.62,5
233,102886,2026-02-21,34.24,7
372,104420,2025-11-07,58.21,1
691,108308,2025-11-20,61.18,3
27,100368,2026-03-11,71.46,4
43,100550,2025-12-22,31.79,5
761,109108,2026-01-15,40.85,7
192,102406,2026-01-10,24.42,4
2,100016,2026-01-10,76.02,6
345,104143,2026-02-14,22.62,7
288,103497,2026-03-11,50.07,5
125,101528,2026-02-23,86.74,6
676,108105,2025-12-29,23.58,1
157,101933,2026-01-24,32.23,8
86,101077,2026-01-24,32.51,7
550,106620,2026-02-14,68.08,3
77,100969,2026-02-04,11.68,5
614,107331,2026-01-30,19.10,2
58,100752,2025-11-23,79.40,2
141,101737,2025-12-22,43.63,6
545,106552,2025-12-25,17.81,6
511,106120,2026-01-01,53.03,7
909,110723,2026-01-28,57.65,3
561,106745,2026-02-24,32.13,8
145,101786,2026-03-03,28.15,5
208,102587,2026-03-06,90.48,3
267,103249,2026-01-20,19.75,6
682,108177,2026-01-12,37.46,7
72,100926,2025-12-27,30.14,4
922,110841,2025-12-03,42.69,3
796,109446,2025-12-05,44.66,3
467,105569,2026-01-09,43.05,7
173,102139,2026-01-24,42.80,2
241,102964,2026-02-02,29.11,5
430,105158,2025-10-25,40.13,3
6,100070,2025-12-29,46.72,4
806,109544,2025-12-24,35.95,2
410,104885,2026-02-27,14.56,8
721,108693,2026-03-11,50.50,2
172,102135,2025-12-19,78.27,6
545,106556,2026-01-09,12.20,2
369,104404,2026-01-19,58.40,3
650,107776,2026-02-24,26.15,7
862,110154,2026-03-04,23.76,1
934,110980,2026-03-11,14.97,8
48,100635,2026-02-19,50.67,6
859,110112,2026-03-07,81.52,5
925,110860,2025-12-28,30.84,1
467,105568,2026-02-14,24.43,6
697,108358,2026-02-13,16.25,1
898,110618,2026-02-08,31.66,2
492,105827,2026-01-08,42.93,5
534,106427,2026-03-05,41.17,1
590,107041,2026-02-06,89.94,7
142,101743,2025-12-01,16.19,3
706,108465,2026-02-23,22.96,1
9,100105,2025-12-22,37.38,1
110,101370,2026-01-12,14.31,5
46,100595,2026-02-15,52.44,7
392,104666,2026-02-03,24.50,2
96,101237,2026-01-25,38.07,3
596,107110,2026-01-07,34.77,5
46,100596,2026-01-12,19.61,5
988,111545,2026-01-25,39.46,2
393,104676,2025-12-17,24.77,2
562,106760,2026-01-19,26.57,1
589,107012,2026-01-23,23.56,6
195,102436,2026-01-26,62.26,1
822,109744,2026-01-11,16.58,8
68,100857,2026-02-27,85.65,8
41,100516,2026-01-02,65.07,5
544,106534,2026-02-03,91.80,4
714,108541,2025-12-26,33.93,4
503,105991,2026-02-28,18.53,7
987,111534,2026-01-09,36.83,2
931,110940,2026-01-14,28.97,7
769,109180,2026-03-09,33.60,2
560,106725,2026-01-14,31.04,3
211,102637,2026-02-03,14.20,6
419,105004,2025-12-24,28.53,7
104,101298,2026-02-11,28.83,1
881,110391,2026-02-14,34.47,1
271,103290,2025-12-03,55.42,3
427,105115,2025-11-24,38.04,3
68,100849,2026-01-08,92.88,7
369,104403,2026-03-05,37.99,4
680,108147,2026-02-26,23.06,3
725,108722,2025-12-11,15.05,7
548,106578,2026-01-25,26.54,3
963,111240,2026-01-18,45.96,1
305,103714,2026-01-17,48.14,7
79,100990,2026-01-01,20.59,1
116,101424,2026-01-23,27.19,5
824,109763,2026-01-11,43.59,2
562,106755,2026-03-09,47.51,5
909,110727,2026-01-10,43.63,4
579,106903,2026-02-13,42.20,4
684,108209,2026-01-24,84.72,4
581,106934,2026-02-18,35.62,4
719,108656,2025-12-22,21.66,2
881,110379,2026-02-08,16.69,7
998,111725,2026-02-24,30.70,8
181,102259,2025-11-05,41.01,7
983,111502,2026-01-22,17.59,2
275,103325,2026-03-10,19.22,6
178,102212,2026-01-06,28.80,4
323,103877,2025-11-18,94.90,7
294,103583,2026-01-11,23.53,3
556,106671,2026-01-07,32.05,6
316,103824,2025-11-22,37.50,2
745,108934,2026-01-21,24.06,8
795,109437,2026-01-24,34.19,6
306,103731,2026-02-06,36.24,6
862,110151,2026-03-02,19.61,3
358,104257,2026-02-26,14.87,5
429,105152,2025-12-30,80.60,4
132,101621,2026-01-21,33.31,7
27,100385,2026-03-03,73.84,7
739,108859,2026-01-13,24.58,6
54,100716,2025-12-14,15.78,4
375,104446,2026-02-18,27.05,1
750,108998,2026-02-10,33.50,2
576,106882,2025-11-04,50.59,7
178,102217,2026-02-02,27.82,1
212,102655,2025-12-31,46.70,8
634,107590,2026-02-05,20.28,7
865,110188,2026-02-21,56.19,3
238,102928,2026-01-12,29.42,4
828,109805,2026-01-26,17.35,3
622,107446,2026-01-01,12.12,1
548,106585,2026-02-02,22.00,5
868,110236,2026-03-04,50.11,8
461,105474,2026-01-31,56.81,8
874,110300,2026-02-02,85.35,6
751,109000,2025-12-22,36.33,2
414,104927,2026-01-13,47.26,2
472,105630,2026-01-10,35.91,7
994,111654,2026-02-21,17.12,1
166,102052,2026-02-20,90.86,1
471,105619,2026-01-02,24.25,8
588,107004,2025-12-23,36.77,4
432,105188,2026-01-03,39.13,1
662,107960,2026-02-10,58.36,7
156,101915,2025-12-29,27.07,6
184,102276,2026-01-25,74.86,1
528,106328,2026-02-15,31.66,2
810,109600,2026-01-13,28.78,4
404,104822,2025-12-03,31.74,8
616,107357,2026-03-19,45.06,5
608,107246,2025-12-12,41.62,3
944,111079,2025-12-10,56.09,2
154,101884,2025-12-21,68.92,4
868,110239,2026-02-14,20.37,5
346,104147,2026-01-24,21.67,6
546,106570,2026-01-05,79.97,7
883,110437,2026-02-07,75.96,7
605,107218,2026-03-03,29.24,1
16,100230,2026-01-27,14.87,3
423,105062,2026-03-02,16.77,3
42,100525,2026-02-14,73.20,5
178,102210,2026-01-05,27.05,8
598,107123,2026-02-13,46.76,4
557,106693,2026-03-10,21.65,6
945,111092,2026-01-26,46.68,5
483,105765,2026-03-01,22.96,3
48,100640,2026-02-24,52.71,7
895,110582,2026-02-01,31.97,6
617,107366,2025-12-03,64.35,1
772,109213,2026-02-01,22.93,6
848,109995,2026-01-25,16.63,4
148,101823,2025-11-26,83.19,7
264,103218,2026-01-23,26.39,1
339,104035,2026-01-03,33.11,8
744,108928,2026-01-28,28.67,5
379,104515,2026-03-03,30.06,1
657,107873,2026-01-19,91.57,1
373,104426,2025-12-04,69.67,1
181,102254,2025-11-30,41.07,4
883,110423,2026-01-27,58.80,3
807,109560,2026-02-24,31.10,4
654,107832,2026-01-21,21.00,1
159,101957,2026-01-05,19.07,4
220,102738,2025-12-18,14.53,3
388,104649,2026-02-23,37.39,5
101,101276,2026-03-10,84.79,3
270,103282,2026-01-29,50.37,3
830,109825,2025-11-27,35.35,5
318,103850,2025-12-21,38.58,2
132,101613,2026-02-02,44.63,5
664,107973,2026-01-28,44.21,2
993,111643,2025-12-24,19.47,8
779,109300,2026-01-20,39.17,5
105,101316,2025-12-23,50.31,4
395,104708,2026-01-18,75.51,4
945,111091,2026-01-31,41.26,6
727,108728,2025-11-28,44.11,4
572,106853,2026-03-11,32.55,6
167,102077,2026-02-18,48.74,1
841,109922,2026-01-31,27.10,6
997,111697,2026-02-23,33.45,7
332,103952,2026-01-18,16.97,1
882,110394,2026-01-23,27.99,7
230,102835,2025-12-19,36.20,8
610,107294,2026-02-18,45.63,7
287,103468,2025-11-07,96.80,1
11,100142,2026-02-28,31.55,6
682,108171,2025-12-19,23.31,3
28,100399,2026-03-01,47.95,3
298,103647,2026-01-12,49.38,3
417,104976,2026-01-13,15.49,7
652,107808,2026-02-03,73.87,2
955,111161,2026-01-27,33.14,8
71,100920,2026-02-07,25.35,3
410,104877,2026-01-17,14.28,8
750,108985,2026-01-11,28.80,1
580,106923,2025-11-08,61.28,7
998,111716,2026-01-04,21.04,3
709,108497,2026-01-05,34.18,1
687,108264,2026-01-15,36.75,6
91,101151,2026-01-10,12.52,7
291,103548,2026-03-02,114.27,1
134,101638,2026-01-10,20.83,6
245,102995,2025-12-25,13.65,7
967,111307,2026-01-31,47.25,6
529,106339,2026-02-06,63.83,6
178,102220,2026-01-28,32.60,7
627,107502,2026-01-03,32.43,7
766,109145,2026-02-08,25.39,3
434,105216,2025-12-04,13.95,5
874,110292,2026-03-07,80.46,6
350,104178,2025-12-18,37.20,7
842,109943,2025-12-07,54.65,4
340,104042,2025-12-24,24.78,8
790,109407,2026-01-20,47.23,5
927,110887,2026-01-13,28.46,1
624,107472,2026-03-01,18.42,1
354,104218,2025-12-25,33.87,4
356,104235,2026-02-19,28.08,2
475,105665,2026-02-04,15.94,6
721,108699,2026-02-11,51.10,4
365,104332,2025-12-24,25.18,8
992,111624,2026-02-24,67.18,1
734,108796,2026-01-05,42.35,3
51,100677,2026-02-13,36.29,7
972,111346,2026-02-18,93.24,5
966,111272,2026-02-02,24.73,4
822,109742,2026-01-18,29.66,4
609,107256,2026-02-01,64.46,4
625,107477,2025-12-17,68.62,4
135,101653,2026-03-03,105.98,6
782,109328,2025-12-26,28.29,7
207,102569,2026-01-13,29.08,8
177,102199,2026-01-15,73.57,2
617,107367,2025-11-08,68.89,4
867,110220,2026-02-18,39.46,2
841,109936,2026-01-25,15.93,4
27,100381,2026-02-16,93.96,1
686,108251,2026-02-03,26.25,3
979,111438,2026-03-17,18.64,5
517,106184,2026-02-26,19.40,1
367,104363,2026-03-03,57.98,1
228,102816,2026-01-05,15.68,3
507,106054,2026-02-04,23.36,2
214,102678,2025-12-30,55.51,3
426,105105,2025-12-26,54.04,7
59,100770,2026-02-25,50.92,5
662,107969,2026-02-17,43.25,2
209,102616,2026-03-15,13.05,2
776,109275,2026-01-09,43.26,1
686,108261,2025-11-27,19.93,5
544,106537,2026-01-24,105.06,8
518,106200,2026-02-26,72.52,5
950,111129,2026-02-14,19.84,5
13,100185,2026-01-15,33.53,6
729,108759,2026-01-06,97.86,3
581,106941,2026-01-09,28.79,7
89,101115,2026-02-11,53.98,8
688,108282,2026-01-05,28.38,7
231,102849,2026-02-06,56.93,2
709,108498,2026-02-07,40.60,7
550,106616,2026-01-16,35.86,5
917,110800,2026-02-12,39.29,7
564,106784,2025-12-23,45.51,3
691,108307,2025-11-15,25.57,7
785,109367,2026-03-04,28.98,5
824,109761,2026-01-15,54.50,8
183,102271,2025-12-11,37.96,3
540,106491,2026-01-05,37.36,1
900,110630,2026-02-03,39.26,4
498,105930,2026-01-13,52.78,5
638,107647,2026-01-31,40.18,8
847,109964,2026-02-09,19.71,2
683,108192,2026-02-18,44.19,4
635,107605,2026-02-12,48.66,8
767,109150,2026-02-24,44.17,3
225,102781,2026-03-12,53.44,1
125,101530,2026-02-27,62.53,4
36,100485,2026-01-21,49.30,5
630,107544,2025-12-04,42.24,5
53,100708,2026-02-26,36.81,4
966,111264,2026-02-27,30.87,3
912,110749,2026-02-04,17.21,2
192,102413,2026-02-19,18.77,5
805,109538,2026-01-07,37.77,8
259,103171,2026-03-15,18.39,2
661,107955,2026-01-04,27.00,8
717,108591,2026-02-12,34.98,6
493,105848,2026-01-06,20.99,8
35,100475,2026-01-27,30.36,6
685,108249,2026-01-05,44.15,6
803,109532,2025-12-19,21.48,7
274,103319,2025-12-25,29.08,2
587,106990,2025-12-16,21.36,4
572,106857,2026-03-02,35.51,8
689,108295,2026-02-03,23.65,1
652,107810,2026-02-03,47.72,5
863,110161,2026-01-13,42.39,5
635,107604,2026-01-22,36.89,3
852,110021,2026-02-18,74.91,6
53,100702,2026-01-18,16.10,7
530,106369,2026-02-25,36.91,3
201,102504,2025-12-05,28.90,2
759,109076,2025-12-16,42.94,6
50,100658,2026-02-03,29.73,1
638,107657,2026-02-05,58.48,8
992,111625,2026-02-10,51.31,4
705,108440,2026-01-12,25.18,5
590,107025,2026-03-16,46.19,2
518,106219,2026-01-11,56.17,4
598,107136,2025-12-26,29.98,5
337,104017,2026-01-06,15.34,2
424,105085,2025-12-24,28.81,6
28,100398,2026-01-17,61.60,5
997,111710,2026-02-11,36.15,8
356,104236,2026-01-30,35.65,1
826,109776,2025-12-02,25.77,5
679,108121,2026-01-02,37.04,4
203,102516,2025-12-14,42.09,3
32,100444,2026-01-04,95.33,4
443,105315,2026-02-03,42.63,2
190,102379,2026-01-23,44.64,2
5,100067,2025-11-05,59.20,6
528,106334,2026-02-09,24.96,4
758,109072,2026-02-02,48.84,7
327,103921,2026-01-16,15.23,8
708,108490,2025-12-11,26.20,2
761,109109,2025-12-29,59.13,5
329,103944,2025-11-14,24.11,4
284,103444,2026-01-08,27.63,2
984,111518,2026-01-05,17.95,3
386,104608,2026-01-16,33.18,4
10,100129,2026-01-11,76.04,1
267,103252,2026-02-03,34.60,4
170,102110,2026-01-27,26.25,2
972,111349,2026-01-16,55.04,7
879,110364,2025-12-24,33.44,7
307,103740,2026-03-07,31.47,8
561,106732,2026-02-14,28.66,3
879,110358,2026-02-15,14.17,7
614,107336,2026-01-11,47.02,8
143,101767,2026-02-21,27.51,6
314,103813,2025-12-19,47.01,7
519,106251,2026-03-19,42.56,5
402,104810,2026-02-10,22.31,3
807,109561,2026-01-21,43.65,4
985,111526,2026-01-01,24.94,3
42,100520,2026-01-24,76.96,8
808,109567,2025-12-23,25.30,5
738,108850,2026-02-17,103.60,1
577,106893,2025-12-03,76.76,3
510,106109,2026-02-14,52.15,5
385,104587,2026-01-08,29.78,1
430,105163,2025-11-04,58.81,8
782,109332,2026-02-12,29.31,7
810,109596,2026-01-24,22.39,8
997,111711,2026-02-05,29.06,6
750,108997,2026-01-12,28.75,6
588,107005,2026-02-19,30.45,2
281,103401,2025-11-16,48.55,5
409,104874,2026-01-04,72.04,6
592,107057,2025-12-24,12.74,7
253,103108,2026-02-19,97.83,8
395,104705,2026-01-06,83.87,1
531,106380,2026-03-09,40.64,6
922,110839,2026-01-28,33.40,6
298,103635,2026-02-04,62.08,4
90,101139,2026-02-05,72.61,1
428,105128,2026-02-16,35.76,2
179,102244,2026-02-01,24.79,4
957,111169,2026-02-14,82.72,8
408,104868,2025-12-18,36.22,5
277,103362,2026-01-18,33.43,2
966,111276,2026-02-22,23.93,7
276,103336,2026-02-27,34.52,3
161,102017,2026-02-18,67.01,3
415,104943,2026-02-02,30.21,4
735,108807,2026-01-21,52.99,6
107,101327,2026-01-04,29.48,3
602,107192,2026-01-04,37.98,3
57,100744,2026-01-25,26.51,3
561,106742,2026-02-28,12.03,7
269,103256,2025-12-23,25.36,2
562,106763,2026-02-17,54.37,6
505,106013,2026-02-12,69.20,6
67,100840,2026-02-13,18.26,7
513,106152,2025-12-04,55.36,3
62,100794,2026-01-07,54.35,2
276,103337,2026-01-27,24.15,7
236,102920,2025-12-31,35.74,3
507,106057,2026-01-26,14.81,6
198,102472,2026-01-11,33.06,7
997,111706,2026-01-22,31.02,7
275,103328,2026-01-31,47.58,5
636,107627,2026-01-15,21.96,3
699,108372,2026-01-13,45.39,3
304,103705,2025-12-02,43.32,2
615,107342,2025-12-25,25.99,3
365,104346,2026-01-21,20.00,7
965,111251,2026-03-03,29.17,6
190,102383,2026-02-22,42.45,2
556,106672,2026-01-25,40.72,3
647,107747,2025-11-23,39.34,3
204,102524,2026-02-03,46.41,1
291,103544,2026-02-27,57.51,6
288,103488,2026-03-09,76.24,6
589,107010,2026-01-07,28.12,1
459,105427,2026-02-13,16.68,1
89,101110,2026-02-22,54.77,2
511,106123,2026-01-22,42.48,6
378,104504,2026-02-09,43.64,8
52,100684,2025-12-20,32.81,8
356,104232,2026-02-27,29.93,6
674,108071,2025-12-27,22.01,6
4,100054,2026-01-12,35.77,5
26,100362,2026-02-17,31.43,6
167,102084,2026-01-17,43.74,8
909,110705,2026-01-19,80.92,5
913,110755,2026-02-21,21.89,7
125,101517,2026-01-24,86.22,4
495,105880,2026-02-05,27.74,8
28,100402,2026-01-03,45.58,6
703,108404,2025-12-14,64.15,8
117,101439,2026-01-19,19.08,4
368,104379,2025-12-29,87.63,2
159,101973,2026-02-05,21.71,1
282,103413,2026-02-26,23.43,7
867,110211,2025-12-25,39.84,6
498,105922,2026-02-06,43.64,4
15,100221,2026-01-29,44.91,7
475,105662,2026-02-28,33.94,3
650,107766,2026-01-28,30.27,7
697,108359,2026-02-05,29.53,1
867,110224,2026-03-03,40.08,6
124,101506,2026-01-10,36.00,7
106,101321,2026-01-24,42.77,5
638,107670,2026-02-15,60.10,3
345,104144,2026-02-06,20.80,5
911,110743,2026-01-30,49.70,8
455,105399,2026-02-11,37.07,3
251,103089,2026-01-03,23.20,8
156,101919,2026-01-02,52.24,2
71,100919,2026-01-26,19.72,6
507,106059,2026-01-27,16.25,1
436,105237,2026-01-24,55.78,6
94,101196,2026-02-19,40.00,6
497,105911,2026-01-19,21.17,2
184,102295,2026-02-17,50.05,3
507,106070,2026-02-07,25.33,5
14,100216,2026-01-13,23.02,5
247,103012,2026-02-01,33.69,8
843,109950,2026-01-27,54.02,7
429,105157,2025-11-24,84.87,4
473,105644,2026-02-02,44.02,1
214,102684,2026-01-09,50.53,1
610,107282,2026-01-04,28.00,6
3,100044,2026-01-26,39.49,6
923,110847,2026-01-01,42.90,6
909,110729,2026-01-16,55.06,1
967,111304,2026-01-12,54.28,6
852,110038,2026-01-15,69.84,8
209,102621,2026-02-06,21.60,2
522,106272,2026-02-22,49.58,1
28,100400,2026-01-18,66.93,7
421,105038,2026-03-02,25.85,1
751,109009,2026-01-04,31.86,6
240,102949,2026-01-26,36.20,5
886,110455,2025-11-30,46.47,5
1,100004,2026-01-30,58.14,1
692,108323,2026-01-29,32.19,4
284,103437,2026-01-19,45.89,8
739,108861,2026-03-01,27.91,4
410,104896,2026-02-28,25.37,7
745,108937,2026-02-24,30.76,3
671,108044,2026-01-20,43.21,7
453,105371,2026-01-17,29.83,3
157,101938,2026-01-21,12.76,1
65,100819,2026-01-07,50.82,3
965,111261,2026-02-14,42.30,6
60,100783,2026-01-05,37.56,4
6,100072,2025-12-03,42.50,4
251,103082,2026-01-23,32.71,5
152,101861,2025-11-22,28.02,2
505,106035,2026-01-22,36.61,1
362,104308,2026-01-21,28.22,4
865,110197,2026-01-03,38.22,1
624,107463,2026-02-26,37.16,3
209,102619,2026-02-08,29.81,6
27,100387,2026-03-13,70.05,6
993,111642,2026-02-14,16.02,5
843,109946,2026-01-13,27.03,2
167,102073,2026-01-22,19.81,7
17,100242,2026-02-24,26.81,2
916,110786,2026-02-21,50.12,8
362,104306,2025-12-26,48.39,5
74,100946,2025-12-31,16.85,3
333,103975,2026-01-03,45.57,1
430,105160,2025-12-14,50.77,8
937,111010,2025-12-20,15.69,7
742,108898,2026-01-31,22.01,8
387,104631,2026-01-18,23.90,2
392,104664,2026-01-11,40.77,4
8,100088,2026-03-10,79.86,3
839,109917,2025-11-26,32.92,5
642,107706,2026-01-25,48.38,2
337,104014,2026-02-25,17.28,8
729,108763,2026-02-26,54.25,6
523,106289,2026-01-08,31.75,6
47,100626,2026-01-19,39.87,3
680,108135,2026-01-17,19.53,1
2,100022,2026-01-14,50.47,2
929,110899,2025-12-19,98.03,7
990,111578,2026-01-28,20.31,1
302,103689,2026-01-09,74.28,2
776,109285,2026-01-10,52.41,2
592,107055,2026-02-19,17.44,7
381,104533,2025-11-07,98.28,3
8,100096,2026-02-06,51.01,3
33,100448,2025-11-30,38.38,4
313,103792,2026-01-06,22.90,2
331,103947,2025-11-21,79.38,7
395,104706,2026-01-19,54.17,3
705,108443,2026-01-30,21.11,1
812,109615,2026-02-20,22.78,1
439,105286,2026-01-14,28.32,1
531,106382,2026-01-13,37.11,1
751,109008,2026-02-21,57.70,3
6,100074,2026-01-07,22.61,5
847,109976,2026-01-21,27.63,1
71,100917,2026-02-19,15.05,7
157,101922,2026-02-19,32.07,3
847,109967,2026-02-23,18.99,7
270,103279,2026-02-07,73.06,3
131,101588,2026-03-03,17.06,5
681,108160,2025-12-20,15.61,6
276,103348,2026-01-14,23.62,1
634,107588,2026-03-07,24.21,3
806,109558,2026-01-12,21.85,2
20,100301,2026-03-06,60.01,7
369,104395,2026-02-24,60.00,5
529,106345,2026-01-20,79.51,3
23,100322,2026-01-04,28.24,4
58,100754,2026-01-16,78.33,3
495,105892,2026-02-21,26.89,2
379,104521,2026-02-04,21.61,1
449,105345,2025-12-27,40.23,1
236,102913,2026-02-22,41.41,6
193,102428,2026-02-16,47.28,2
819,109706,2025-10-28,35.14,8
189,102365,2026-02-06,25.78,7
251,103081,2025-12-28,21.34,3
666,107999,2026-02-17,45.22,3
704,108413,2026-03-14,46.53,6
513,106156,2025-12-07,56.85,2
957,111188,2026-03-07,43.87,6
955,111151,2026-02-15,34.99,8
176,102176,2026-02-06,22.78,8
879,110356,2026-01-15,29.92,5
528,106321,2025-12-23,23.72,2
258,103160,2026-01-08,28.77,2
541,106498,2025-12-22,78.08,3
477,105689,2025-12-30,39.96,6
553,106650,2026-02-04,19.33,2
198,102486,2026-02-07,71.01,7
563,106773,2026-02-01,33.96,5
598,107137,2026-01-23,19.90,8
101,101260,2026-01-15,50.26,4
518,106207,2026-03-01,37.53,6
979,111446,2026-02-06,21.80,4
741,108897,2026-01-29,33.72,8
850,110005,2025-12-28,67.28,3
433,105211,2026-01-28,58.59,2
141,101731,2026-01-13,20.53,7
483,105763,2026-01-28,21.94,1
464,105523,2026-01-20,29.91,7
509,106090,2026-03-03,38.67,5
305,103711,2025-12-18,35.43,7
82,101021,2026-02-09,16.07,2
627,107499,2025-12-25,27.05,2
331,103948,2025-10-19,45.44,4
853,110061,2026-03-19,98.41,4
60,100775,2026-01-14,16.22,4
224,102760,2025-12-12,42.91,6
550,106610,2026-01-11,35.79,6
90,101145,2026-02-16,71.15,8
48,100631,2026-01-10,19.21,1
671,108043,2026-01-26,29.39,4
494,105861,2026-02-07,59.78,5
195,102437,2025-12-31,61.03,4
48,100628,2026-03-10,42.98,6
822,109730,2026-02-04,35.14,1
130,101574,2025-12-26,33.15,3
566,106799,2026-01-04,25.37,7
291,103542,2026-03-01,118.52,1
724,108719,2026-01-01,38.65,1
80,100997,2026-02-06,24.17,8
170,102115,2026-02-20,15.72,7
839,109913,2025-12-27,31.77,3
471,105608,2026-02-24,18.22,5
219,102707,2026-01-12,23.09,7
234,102890,2026-01-17,65.66,5
824,109767,2025-11-20,33.49,5
740,108886,2026-01-23,24.16,6
896,110594,2026-03-08,28.35,3
533,106408,2026-02-18,23.05,4
636,107624,2026-02-22,26.32,4
395,104696,2026-02-14,78.33,5
369,104385,2026-01-29,42.98,4
474,105658,2026-01-31,53.95,3
57,100737,2026-02-01,18.11,4
226,102795,2026-01-24,25.59,4
763,109125,2025-10-24,44.38,8
807,109566,2026-02-17,29.29,1
69,100892,2026-01-14,33.71,2
385,104594,2025-12-26,28.54,8
635,107600,2026-01-26,49.53,1
581,106928,2026-01-24,25.77,8
264,103216,2025-12-19,18.29,5
906,110686,2025-12-25,24.82,7
965,111255,2026-02-22,34.43,7
661,107951,2026-01-20,20.10,3
500,105957,2026-01-05,24.36,5
235,102896,2026-02-27,20.26,3
621,107414,2026-02-27,48.34,8
208,102596,2026-01-24,80.45,1
499,105938,2025-12-19,34.21,6
147,101815,2025-11-28,42.25,1
848,109982,2026-02-05,35.01,4
13,100175,2026-01-15,57.31,2
277,103364,2026-01-30,35.76,8
356,104243,2026-02-08,27.76,3
157,101923,2026-02-08,27.46,8
411,104906,2026-01-22,65.30,7
314,103811,2026-01-19,26.77,3
235,102898,2026-02-15,21.56,1
750,108978,2026-02-07,12.64,2
951,111134,2025-11-20,93.48,3
174,102151,2025-11-25,53.83,7
666,107998,2026-02-12,58.21,3
739,108863,2026-01-15,18.52,3
595,107102,2026-02-12,23.92,1
57,100750,2026-01-23,20.01,5
659,107901,2026-01-18,62.50,5
659,107917,2026-02-21,69.73,3
589,107011,2026-01-26,33.26,6
721,108675,2026-01-23,77.42,1
781,109321,2025-11-07,99.52,6
599,107157,2026-01-12,85.26,5
625,107481,2026-02-16,85.41,4
900,110635,2026-01-08,20.91,6
505,106025,2026-03-07,70.43,2
390,104653,2025-12-22,22.83,2
690,108306,2025-11-08,50.52,7
238,102934,2026-02-19,29.33,8
343,104103,2026-02-25,75.19,8
990,111566,2026-01-25,21.29,7
820,109718,2025-12-01,23.27,6
8,100090,2026-01-23,81.19,3
8,100098,2026-03-04,86.03,2
734,108797,2026-01-10,33.76,3
147,101817,2025-12-20,44.33,6
876,110324,2025-12-27,33.50,7
627,107491,2026-01-24,11.55,7
105,101317,2026-01-18,56.89,1
937,111002,2026-02-04,42.05,3
593,107085,2026-01-10,42.91,1
676,108099,2026-01-11,30.90,3
36,100480,2026-01-06,45.51,2
47,100619,2026-01-15,21.40,1
439,105283,2026-01-06,13.01,7
109,101369,2026-01-28,47.78,8
628,107521,2026-01-12,24.40,4
161,101991,2026-02-28,64.40,5
344,104122,2026-02-15,39.94,5
428,105127,2026-02-17,70.72,1
974,111378,2025-12-26,26.30,4
910,110733,2025-11-27,32.60,8
889,110492,2026-01-02,27.32,6
533,106414,2026-01-29,16.81,3
638,107660,2026-02-11,53.74,8
303,103697,2025-11-26,47.76,3
204,102526,2026-02-22,23.62,1
646,107740,2026-01-12,55.99,4
962,111235,2026-02-01,63.09,2
586,106979,2025-12-26,33.99,8
296,103604,2026-02-17,37.56,7
365,104337,2026-01-13,21.80,1
887,110461,2026-02-10,15.89,1
729,108764,2026-03-11,55.92,4
590,107032,2026-02-25,79.89,1
56,100723,2026-01-31,23.55,7
13,100174,2026-03-05,33.51,3
909,110731,2026-01-20,38.98,1
102,101288,2026-01-04,78.22,3
738,108831,2026-02-14,102.24,8
520,106262,2025-12-07,43.96,6
967,111300,2026-03-16,51.66,2
812,109622,2026-02-07,23.68,3
197,102456,2025-12-05,43.72,2
878,110349,2026-01-31,10.83,1
156,101908,2025-12-29,21.46,7
688,108273,2026-02-22,39.91,1
826,109774,2026-01-23,36.64,4
82,101029,2026-01-25,26.99,4
350,104175,2026-02-21,20.25,7
187,102343,2025-12-21,21.86,8
402,104806,2026-02-04,34.07,1
53,100705,2026-02-04,34.93,1
983,111503,2026-01-29,17.20,8
345,104130,2026-02-19,39.38,5
697,108354,2025-12-16,26.42,1
561,106730,2026-03-13,24.44,5
235,102897,2026-02-26,36.42,4
566,106801,2025-11-24,59.22,7
701,108386,2025-12-30,40.25,5
601,107181,2026-03-02,51.69,3
306,103725,2026-01-02,27.21,1
895,110568,2026-01-05,26.93,1
454,105381,2026-01-22,55.66,3
85,101062,2026-01-02,25.00,1
54,100715,2025-10-30,36.38,1
476,105678,2025-12-26,21.16,5
80,100993,2026-01-05,31.99,5
737,108828,2025-11-27,46.06,6
721,108685,2026-01-21,53.66,4
21,100308,2026-01-02,63.45,7
675,108089,2026-01-05,12.70,4
550,106626,2026-01-20,64.33,1
189,102375,2026-01-08,15.05,2
359,104270,2026-02-15,43.52,7
180,102252,2026-01-30,60.45,7
802,109508,2026-02-23,31.40,7
411,104899,2025-12-09,47.14,6
123,101498,2026-01-15,86.96,7
902,110651,2026-01-29,26.18,6
754,109037,2025-12-21,48.93,4
362,104304,2026-01-24,52.87,1
59,100765,2026-01-17,55.77,6
449,105343,2025-11-18,47.48,6
519,106250,2026-02-18,38.69,2
848,109989,2026-03-02,18.00,3
548,106579,2026-03-13,17.21,6
810,109602,2026-01-12,17.14,1
52,100689,2026-02-02,51.75,3
823,109753,2026-02-06,27.77,4
827,109789,2026-02-22,51.80,3
456,105412,2025-12-26,24.20,1
682,108180,2026-02-21,24.73,8
909,110724,2026-01-07,47.16,5
24,100346,2026-02-05,29.36,6
880,110373,2025-12-24,32.73,8
816,109662,2026-02-27,19.68,7
930,110922,2026-02-23,62.27,7
131,101592,2026-03-04,39.31,3
413,104917,2025-12-04,48.01,7
155,101898,2026-01-04,16.24,6
146,101792,2026-01-22,16.63,7
682,108176,2026-01-01,22.55,4
682,108170,2026-01-23,26.87,8
208,102611,2026-03-18,50.34,3
709,108491,2026-02-15,37.27,7
874,110307,2026-02-10,41.30,5
355,104225,2025-12-21,16.79,1
464,105530,2026-01-14,21.39,2
673,108062,2026-02-04,16.93,4
146,101797,2026-02-21,21.45,7
566,106800,2025-12-10,42.82,6
930,110903,2026-01-26,68.51,7
363,104317,2026-01-11,45.77,1
529,106338,2026-03-12,63.78,4
74,100933,2026-02-17,31.04,6
359,104276,2026-01-17,41.37,7
546,106566,2026-02-06,43.06,2
423,105073,2026-02-24,17.98,2
239,102941,2025-12-20,64.10,2
931,110939,2025-12-29,26.97,7
376,104479,2026-03-03,73.02,6
10,100135,2026-03-04,53.01,8
482,105734,2026-03-01,38.82,2
645,107737,2025-11-19,28.59,2
432,105191,2026-01-14,22.80,1
197,102453,2026-02-11,21.85,5
514,106161,2026-03-03,49.21,1
460,105445,2026-02-14,40.64,6
685,108232,2026-01-16,62.63,6
354,104206,2025-12-16,32.33,2
452,105364,2025-12-23,64.04,1
65,100815,2025-11-03,45.47,2
939,111022,2025-12-12,55.13,6
600,107161,2025-12-27,23.54,7
905,110669,2026-03-14,53.83,7
676,108101,2026-02-05,24.41,5
377,104490,2026-01-29,25.84,5
254,103122,2026-01-13,70.50,7
553,106656,2026-01-12,47.43,6
659,107896,2026-02-04,60.15,8
198,102476,2026-01-19,38.17,2
75,100953,2026-01-23,23.14,6
553,106660,2026-01-03,16.86,7
891,110526,2025-12-22,35.10,4
150,101844,2026-01-11,22.91,3
90,101148,2026-02-07,63.59,5
333,103972,2025-12-16,34.13,6
431,105175,2026-01-29,28.72,3
108,101359,2026-01-30,34.75,6
68,100862,2026-02-05,81.00,3
983,111495,2026-01-05,34.59,2
416,104962,2026-01-17,52.29,2
42,100534,2026-01-30,72.78,3
40,100507,2026-02-11,23.78,3
84,101051,2026-02-04,19.76,5
767,109152,2026-01-27,28.20,1
643,107717,2025-12-26,44.36,4
381,104535,2025-10-21,77.32,2
946,111104,2026-01-01,48.46,6
740,108889,2026-03-11,27.77,8
470,105594,2026-02-14,42.25,1
907,110693,2025-12-19,28.44,6
375,104438,2026-02-03,19.24,3
112,101393,2026-01-28,25.48,5
428,105130,2026-02-20,38.43,1
226,102803,2026-01-06,42.50,7
68,100869,2026-01-19,97.40,6
550,106601,2026-03-01,77.20,6
783,109343,2025-12-19,53.82,3
834,109854,2026-01-19,29.72,8
462,105483,2026-01-27,29.03,5
853,110044,2026-02-05,68.94,2
717,108589,2026-02-16,39.31,2
282,103420,2026-01-28,26.82,6
898,110619,2026-01-20,19.79,1
567,106815,2026-03-18,42.19,4
975,111396,2026-01-29,27.49,3
829,109822,2025-12-29,31.85,2
359,104278,2026-01-22,41.37,3
208,102610,2026-03-08,41.36,6
208,102590,2026-03-12,63.53,3
810,109597,2026-02-21,33.35,3
101,101258,2026-01-15,86.17,6
206,102564,2026-01-24,14.78,5
564,106779,2025-12-31,33.46,3
892,110544,2026-01-11,36.76,3
397,104742,2026-01-10,35.36,5
776,109260,2026-03-08,70.56,4
881,110384,2026-01-24,40.82,4
883,110442,2026-01-25,39.76,4
56,100726,2026-01-08,34.55,1
806,109551,2026-01-29,26.26,6
321,103868,2025-12-18,20.33,1
758,109070,2026-02-17,46.17,3
621,107425,2026-01-22,49.52,2
288,103492,2026-01-13,59.85,4
611,107296,2026-01-22,19.44,3
841,109928,2026-01-18,19.03,5
978,111431,2025-12-25,31.40,1
9,100112,2025-12-26,41.29,4
315,103822,2025-12-10,79.18,2
683,108187,2026-01-26,29.13,4
34,100455,2025-11-28,28.34,2
565,106797,2026-01-07,59.53,1
888,110486,2026-01-05,51.49,6
619,107390,2025-12-24,47.59,4
125,101512,2026-03-02,76.63,1
254,103123,2025-12-27,78.54,7
379,104510,2026-02-20,31.93,5
632,107556,2026-01-22,29.03,6
86,101075,2026-02-18,17.03,6
59,100759,2026-01-24,43.63,1
74,100943,2026-01-28,16.68,2
652,107818,2026-03-16,62.51,4
294,103587,2026-01-21,31.78,7
124,101502,2026-01-05,50.13,2
944,111072,2025-11-06,59.81,5
609,107257,2026-03-03,68.44,3
762,109110,2025-12-23,43.77,7
507,106052,2026-02-04,13.52,1
415,104951,2026-01-06,17.97,5
699,108375,2026-01-23,17.16,2
440,105297,2025-11-14,33.48,1
152,101865,2025-12-18,29.14,2
38,100498,2026-01-13,40.04,4
816,109670,2026-01-27,20.00,1
82,101034,2026-03-05,25.11,3
282,103425,2026-02-26,12.86,5
507,106063,2026-03-04,23.66,7
886,110453,2026-01-16,28.84,8
104,101294,2026-01-22,27.22,8
37,100491,2025-11-11,51.37,5
433,105208,2026-02-04,22.66,8
494,105859,2026-02-23,54.42,2
298,103638,2026-01-17,63.20,7
832,109832,2026-01-13,45.65,6
400,104770,2025-11-25,25.12,5
133,101634,2025-11-18,39.23,2
720,108669,2026-01-27,35.86,1
601,107173,2026-02-24,53.50,8
502,105971,2026-02-05,50.78,8
580,106920,2025-11-28,42.86,5
878,110348,2026-02-09,13.41,1
71,100922,2026-02-10,17.07,1
625,107478,2026-01-11,71.94,5
342,104072,2026-03-06,32.59,2
343,104086,2026-02-09,73.65,8
385,104585,2026-01-18,27.86,2
177,102207,2026-02-24,57.61,1
824,109764,2025-12-29,48.88,4
137,101676,2026-01-15,69.14,5
630,107540,2026-01-14,29.35,8
10,100131,2026-02-21,82.87,7
101,101270,2026-03-11,96.53,4
363,104324,2025-11-22,48.16,1
23,100331,2026-01-08,24.97,7
393,104681,2026-01-04,39.36,2
789,109399,2026-01-08,38.54,6
185,102306,2026-01-20,19.01,6
65,100823,2026-01-02,44.75,7
704,108418,2026-03-18,38.04,4
95,101218,2026-03-11,79.54,4
297,103612,2026-01-26,41.20,2
852,110014,2026-02-12,64.88,2
432,105190,2026-02-07,41.92,6
906,110687,2026-02-14,16.25,4
386,104616,2025-12-17,36.77,7
245,102993,2026-01-22,28.64,5
428,105137,2026-01-04,40.97,6
519,106241,2026-03-22,47.51,1
516,106180,2025-12-28,74.95,2
219,102710,2026-02-09,30.10,6
518,106217,2026-01-14,40.79,8
609,107260,2026-01-24,34.63,1
20,100296,2026-03-04,84.85,2
405,104827,2025-12-06,61.92,8
894,110565,2025-10-27,28.19,8
109,101368,2026-01-24,29.65,8
523,106285,2026-02-10,46.49,2
737,108821,2026-01-19,39.05,4
937,111003,2025-12-31,33.73,6
863,110169,2025-12-20,20.49,5
657,107867,2026-01-29,43.34,4
665,107989,2025-12-10,55.52,5
689,108298,2026-02-25,21.61,1
939,111019,2025-12-05,24.61,6
609,107249,2026-02-09,73.54,3
599,107147,2026-03-03,93.86,2
718,108628,2026-01-13,22.42,4
227,102810,2025-11-19,23.82,5
865,110193,2026-02-15,49.23,2
369,104398,2026-01-14,40.66,8
718,108627,2026-01-10,11.45,2
698,108360,2025-11-07,20.83,6
329,103942,2025-12-12,32.33,1
664,107986,2026-03-02,34.89,7
632,107560,2025-12-16,20.33,3
767,109149,2026-01-20,49.22,5
538,106465,2025-12-12,13.10,6
188,102353,2026-02-11,45.23,7
637,107633,2026-02-26,37.05,3
905,110668,2026-02-20,20.75,1
699,108373,2026-02-16,37.15,4
418,105001,2026-01-13,30.00,4
383,104554,2026-02-09,30.66,2
190,102387,2026-02-15,22.46,4
809,109589,2025-12-05,19.70,1
584,106956,2026-02-22,81.86,6
208,102588,2026-02-01,77.76,7
266,103242,2025-12-08,76.83,4
486,105776,2025-12-19,33.65,1
846,109960,2025-12-19,20.17,4
59,100764,2026-01-15,19.41,4
494,105862,2026-01-25,67.40,5
916,110785,2026-01-15,36.38,2
874,110312,2026-02-10,45.69,1
95,101223,2026-02-05,55.84,1
276,103349,2026-02-22,35.36,6
622,107438,2026-01-21,17.71,1
104,101300,2026-01-07,35.51,1
179,102239,2026-02-18,19.17,4
651,107781,2026-02-17,27.02,2
616,107350,2026-01-13,26.41,5
238,102938,2026-01-17,46.92,4
12,100160,2026-01-31,19.34,5
334,103992,2026-02-14,31.99,1
69,100880,2026-02-25,30.33,5
443,105317,2026-02-11,59.32,2
751,109010,2025-12-25,48.45,3
420,105022,2026-01-22,74.61,5
332,103954,2026-01-03,21.15,4
656,107854,2025-12-31,47.23,7
650,107767,2026-02-07,31.92,2
965,111250,2026-01-30,34.00,6
525,106307,2026-01-01,40.61,1
412,104914,2025-11-24,47.65,4
684,108207,2026-01-22,88.04,6
721,108682,2026-03-13,33.45,3
208,102606,2026-02-21,58.83,2
395,104703,2026-01-10,87.16,2
493,105854,2026-02-05,52.56,6
658,107892,2025-12-26,34.35,6
922,110836,2025-12-17,25.56,8
764,109137,2026-02-20,50.35,1
252,103095,2026-01-04,67.14,5
398,104753,2026-01-01,41.98,4
873,110290,2026-02-26,33.14,5
204,102527,2026-01-07,36.17,2
348,104159,2025-12-29,17.71,2
594,107090,2025-11-30,89.22,3
776,109264,2026-02-14,46.22,5
913,110764,2026-02-07,39.70,4
505,106021,2026-02-19,48.44,1
79,100976,2026-01-18,21.07,1
797,109459,2026-03-09,25.72,3
312,103777,2025-12-29,24.68,6
251,103090,2026-01-22,32.23,2
822,109737,2026-02-24,21.61,4
190,102378,2026-02-07,36.83,7
107,101346,2026-01-03,28.01,5
934,110982,2026-03-02,26.88,7
481,105717,2026-02-03,22.58,4
493,105853,2026-01-21,40.33,7
598,107122,2026-01-21,25.07,5
362,104312,2026-02-11,48.23,5
127,101548,2026-01-26,66.54,8
633,107572,2026-02-15,37.31,4
827,109794,2026-02-23,112.51,1
206,102551,2026-01-09,14.16,1
740,108887,2026-01-28,15.31,7
143,101753,2025-12-20,18.78,1
89,101117,2026-03-16,79.11,6
973,111370,2026-01-14,26.48,5
49,100646,2026-01-21,27.56,4
362,104307,2026-02-18,56.47,7
884,110447,2025-12-17,118.59,8
414,104924,2026-02-12,53.56,4
232,102860,2026-02-07,21.15,5
157,101934,2026-01-10,29.42,6
157,101931,2026-02-26,28.48,7
485,105775,2025-11-06,20.43,4
518,106216,2026-03-05,51.95,1
121,101480,2025-12-31,89.41,5
5,100062,2025-12-24,39.87,1
944,111075,2025-12-08,26.01,7
132,101601,2026-02-20,64.69,8
386,104611,2026-02-22,41.75,5
383,104567,2026-01-25,25.98,1
232,102877,2025-12-30,27.52,7
975,111389,2026-01-05,17.41,8
236,102914,2026-02-10,28.47,8
313,103797,2026-02-02,51.54,1
412,104910,2025-11-10,29.87,6
657,107870,2026-02-02,70.85,2
282,103417,2026-02-23,20.39,8
185,102318,2026-01-12,20.46,2
967,111302,2026-01-30,62.23,7
421,105045,2026-02-04,19.47,5
960,111218,2026-01-05,27.95,3
264,103223,2025-12-24,17.73,2
83,101038,2026-01-26,18.23,4
716,108584,2026-02-27,65.35,3
24,100347,2026-02-02,25.39,8
58,100755,2026-01-05,85.28,6
654,107836,2025-12-24,19.58,4
860,110133,2026-02-02,42.33,7
282,103411,2026-01-13,20.82,8
966,111275,2026-01-22,17.25,4
697,108350,2026-01-08,32.43,3
657,107871,2026-01-19,85.64,4
82,101016,2026-01-07,12.27,2
721,108687,2026-02-08,56.06,8
652,107806,2026-02-14,72.84,2
989,111558,2025-11-25,62.25,6
481,105713,2026-01-10,44.75,3
95,101212,2026-02-10,72.17,6
530,106361,2026-01-02,35.61,8
132,101624,2026-02-01,53.85,1
45,100592,2026-01-23,73.12,5
473,105641,2026-02-07,20.14,7
233,102883,2026-01-05,16.05,3
471,105622,2026-02-17,21.85,1
926,110868,2026-01-25,36.90,5
643,107713,2026-01-08,30.49,7
984,111509,2026-01-04,35.71,7
461,105467,2026-03-03,101.18,1
589,107018,2026-02-21,15.07,1
258,103163,2026-03-04,33.35,5
531,106384,2026-03-09,34.37,2
934,110968,2026-02-05,28.17,2
864,110173,2026-01-28,39.85,6
775,109245,2025-12-09,40.08,7
396,104718,2026-01-02,17.88,3
576,106883,2025-12-18,51.26,3
142,101740,2025-11-27,17.82,8
671,108045,2026-01-05,22.35,1
383,104558,2026-02-05,37.17,3
918,110810,2026-01-01,35.75,3
928,110892,2026-01-20,25.34,4
895,110578,2026-02-14,23.18,1
638,107652,2026-03-16,73.78,3
679,108123,2026-01-08,22.71,8
891,110521,2025-12-02,33.61,5
299,103669,2026-03-11,83.63,1
491,105815,2026-01-13,40.60,6
593,107084,2026-02-28,22.76,7
935,110994,2026-02-20,13.29,4
544,106523,2026-02-19,110.69,8
659,107897,2026-01-12,41.10,8
74,100928,2026-01-23,29.38,5
882,110395,2026-03-03,22.65,2
497,105905,2026-02-26,30.11,6
264,103221,2026-01-20,29.61,1
393,104678,2026-01-03,17.64,4
229,102826,2026-02-11,47.46,2
739,108864,2026-01-07,16.77,6
364,104329,2026-01-05,30.18,7
420,105018,2026-01-21,65.10,3
983,111500,2026-02-24,20.10,8
636,107614,2026-01-08,36.03,5
981,111459,2026-03-12,44.70,3
40,100510,2026-02-09,13.67,8
834,109849,2025-12-07,18.52,6
581,106942,2026-02-16,29.22,6
560,106714,2026-01-01,37.43,2
318,103847,2026-01-21,40.91,1
27,100375,2026-02-03,73.16,1
994,111653,2026-01-03,18.71,6
586,106986,2026-03-03,27.55,6
207,102582,2026-01-24,25.20,3
376,104468,2026-02-24,35.58,4
760,109099,2026-01-17,37.90,7
79,100987,2026-02-07,47.00,2
681,108159,2025-11-25,30.51,4
762,109115,2025-11-23,15.87,2
692,108316,2026-01-27,29.25,2
450,105358,2025-12-04,12.85,1
530,106375,2026-02-05,38.03,4
957,111195,2026-03-19,62.22,3
187,102342,2025-12-18,25.59,4
719,108651,2026-01-27,22.88,3
173,102143,2026-02-04,36.17,3
868,110240,2026-02-15,26.38,2
642,107708,2026-02-19,39.47,3
209,102631,2026-03-15,33.11,7
616,107362,2026-02-15,37.39,2
12,100162,2026-01-23,39.66,6
290,103536,2026-01-05,38.56,3
923,110845,2025-12-26,51.65,8
776,109262,2026-01-17,57.84,6
990,111563,2026-01-15,33.73,5
461,105472,2026-01-29,45.24,3
4,100053,2026-01-22,27.52,2
247,103011,2026-03-05,15.61,6
375,104449,2026-02-11,15.92,7
466,105543,2026-02-18,35.88,5
332,103966,2026-01-27,22.81,7
285,103450,2026-01-05,32.13,3
560,106718,2025-12-31,20.61,4
532,106396,2026-03-04,32.17,4
649,107757,2025-11-29,63.83,4
931,110929,2026-01-05,23.28,8
464,105516,2026-01-11,29.72,5
940,111030,2026-01-23,37.46,7
370,104409,2025-11-30,36.96,5
751,109005,2026-02-11,41.67,4
368,104377,2026-01-21,98.52,7
356,104233,2026-01-18,31.06,7
670,108039,2025-12-16,65.21,6
291,103547,2026-01-25,114.21,8
531,106381,2026-01-19,19.28,2
507,106066,2026-03-01,14.89,3
176,102166,2026-01-13,17.81,4
441,105305,2026-01-27,54.50,4
627,107509,2026-01-31,21.54,7
436,105255,2026-03-05,37.28,2
797,109452,2026-03-19,28.36,1
45,100587,2026-02-09,83.96,4
387,104624,2026-01-16,24.80,4
352,104196,2026-02-11,32.95,6
810,109598,2026-02-24,30.70,6
505,106038,2026-02-28,65.70,6
996,111674,2026-03-20,85.27,8
113,101402,2026-01-24,48.74,4
800,109479,2025-12-10,106.67,7
502,105984,2026-02-27,73.36,1
178,102209,2025-12-19,25.93,2
71,100908,2026-02-26,34.89,1
638,107669,2026-02-25,40.78,2
827,109795,2026-03-05,95.53,7
491,105824,2026-01-24,36.47,5
43,100558,2026-02-12,22.76,1
376,104452,2026-01-13,58.55,4
147,101819,2026-01-05,22.81,8
657,107886,2026-02-13,77.73,5
983,111492,2026-02-03,18.24,2
611,107297,2025-12-24,23.09,1
382,104547,2026-02-17,27.82,7
416,104965,2026-03-08,83.85,6
59,100761,2026-02-13,38.06,2
660,107946,2026-01-20,23.78,4
567,106811,2026-03-07,27.25,5
288,103483,2026-02-08,43.22,1
599,107145,2026-02-19,62.47,3
886,110450,2025-12-19,47.42,1
894,110566,2025-12-15,43.02,5
156,101914,2026-01-31,22.17,4
865,110175,2026-01-13,81.47,8
614,107332,2026-01-09,31.24,6
992,111634,2026-01-25,64.22,8
491,105817,2026-01-18,25.78,6
941,111043,2026-01-21,64.87,5
17,100254,2025-12-28,20.43,6
679,108131,2026-02-15,42.67,1
796,109447,2025-12-07,71.52,5
615,107346,2026-01-24,33.58,7
984,111510,2026-01-25,35.82,6
285,103451,2025-12-21,19.69,7
471,105612,2026-02-03,18.40,6
166,102068,2026-03-10,89.30,4
983,111506,2026-01-23,40.67,3
519,106235,2026-02-05,59.55,4
214,102682,2026-01-08,27.54,4
880,110375,2026-01-06,51.64,5
253,103109,2026-01-13,99.27,3
159,101975,2026-02-17,25.04,7
107,101338,2026-03-01,17.53,2
74,100940,2026-01-14,33.40,4
545,106559,2026-02-02,14.18,4
959,111210,2025-12-12,22.23,1
593,107087,2026-02-14,18.17,2
627,107500,2025-12-21,22.62,7
598,107131,2026-02-20,33.84,5
607,107235,2026-01-31,52.29,6
420,105024,2026-01-22,78.64,8
835,109863,2025-12-13,58.20,8
979,111435,2026-01-21,41.71,5
736,108819,2026-02-21,25.39,4
167,102078,2026-01-20,31.57,7
879,110352,2026-01-15,31.16,3
161,102009,2026-03-03,50.60,6
623,107448,2026-02-03,48.02,6
736,108815,2025-12-23,53.52,1
803,109533,2026-01-07,30.13,6
773,109223,2026-02-19,45.40,1
149,101828,2026-03-04,26.07,1
994,111651,2026-01-12,24.91,7
193,102426,2026-01-19,47.32,2
377,104493,2026-01-06,30.35,6
916,110789,2026-01-24,26.49,7
437,105270,2026-03-06,16.82,5
57,100742,2026-02-15,22.19,4
721,108703,2026-02-23,41.81,2
621,107419,2026-03-20,42.67,1
867,110216,2026-02-20,19.34,4
642,107701,2026-02-10,40.98,4
788,109375,2026-01-16,29.83,2
349,104173,2025-12-26,41.25,8
572,106850,2026-03-01,28.17,3
874,110308,2026-01-13,85.59,2
543,106510,2026-01-25,33.96,3
654,107839,2025-12-20,15.62,4
334,103997,2026-01-30,23.87,7
652,107809,2026-03-21,63.37,6
20,100300,2026-01-10,40.59,8
975,111393,2026-01-10,34.66,3
844,109952,2025-12-15,24.19,3
685,108244,2026-03-14,63.21,5
769,109181,2026-03-16,32.34,4
397,104739,2026-01-22,24.15,1
205,102535,2025-11-27,54.13,3
318,103845,2026-01-19,22.29,3
552,106639,2026-01-10,32.95,2
350,104180,2026-01-06,44.70,7
744,108920,2025-12-10,17.34,3
467,105567,2026-01-02,35.50,7
525,106300,2026-01-15,33.59,5
848,109983,2026-03-04,31.38,6
790,109412,2025-12-29,33.02,1
8,100082,2026-02-01,102.16,2
23,100328,2026-01-06,40.61,1
419,105010,2026-01-04,30.49,2
793,109425,2025-12-28,37.72,8
721,108688,2026-01-13,75.72,4
411,104905,2025-11-21,31.13,4
366,104361,2026-02-15,34.74,5
125,101513,2026-03-01,83.03,2
846,109957,2025-12-09,13.71,1
444,105319,2025-12-11,21.14,2
627,107497,2026-01-10,26.08,2
799,109475,2026-02-25,44.24,2
207,102575,2026-01-28,15.20,4
674,108080,2026-02-21,31.79,7
384,104572,2026-03-11,36.93,8
376,104455,2026-03-20,38.07,5
820,109716,2025-11-28,60.16,5
609,107274,2026-01-28,59.89,8
862,110147,2026-02-11,25.09,5
117,101443,2026-01-31,28.06,1
89,101103,2026-01-06,70.93,7
693,108332,2026-03-01,48.21,5
248,103035,2026-03-07,15.72,1
306,103735,2026-02-03,43.19,7
740,108885,2026-02-08,32.53,5
111,101377,2025-12-18,25.98,7
421,105052,2026-02-04,38.20,7
344,104118,2026-02-27,45.85,7
240,102950,2025-12-27,44.52,6
688,108276,2026-01-25,16.87,5
503,105988,2026-03-10,34.17,4
387,104635,2026-02-26,18.88,2
575,106872,2026-01-15,53.02,6
976,111407,2026-02-03,41.34,8
383,104556,2026-03-07,28.87,4
402,104793,2026-02-10,30.93,4
348,104162,2026-02-12,23.01,4
697,108355,2025-12-25,12.61,6
563,106772,2025-12-24,21.73,3
133,101633,2025-11-17,26.97,5
836,109869,2025-12-25,26.48,3
420,105035,2026-02-15,62.76,4
984,111514,2026-01-05,29.14,2
212,102657,2025-12-25,44.48,1
75,100949,2025-12-30,24.12,6
879,110371,2026-01-19,31.27,3
548,106587,2026-02-01,21.34,2
628,107514,2026-01-18,33.01,8
161,101993,2026-02-25,76.02,1
974,111379,2025-11-14,25.50,4
206,102561,2026-03-04,19.56,2
307,103748,2026-02-27,33.18,7
50,100654,2026-01-05,29.32,7
136,101664,2026-01-29,35.45,5
251,103092,2026-01-26,13.34,3
529,106346,2026-02-01,84.94,5
660,107934,2026-01-12,30.30,6
657,107882,2026-01-11,42.93,4
378,104498,2026-01-04,46.59,1
594,107092,2025-11-21,83.38,4
91,101166,2026-01-09,32.53,1
354,104207,2026-02-05,37.71,7
680,108148,2026-01-08,27.08,6
91,101158,2026-03-04,33.38,3
934,110970,2026-02-08,25.52,6
904,110662,2026-01-16,39.91,8
466,105542,2026-01-30,22.43,5
993,111640,2026-02-06,33.06,6
329,103937,2025-12-02,25.83,6
421,105051,2026-01-14,18.55,6
812,109616,2026-01-28,49.69,5
456,105406,2026-02-16,49.92,5
776,109276,2026-03-09,33.38,2
505,106032,2026-02-12,47.82,1
157,101926,2026-02-20,21.34,7
763,109124,2025-12-09,75.73,8
931,110942,2026-01-18,12.31,8
510,106110,2026-02-24,56.02,8
235,102899,2026-01-08,33.71,1
487,105782,2026-02-24,55.23,5
524,106293,2026-01-17,38.11,1
965,111254,2026-02-15,46.57,5
962,111234,2026-02-08,60.36,6
149,101837,2026-01-16,50.73,4
691,108310,2025-11-16,64.09,8
120,101462,2026-02-17,27.59,6
104,101297,2026-01-23,13.72,3
459,105430,2026-02-10,38.93,6
642,107709,2026-02-18,29.15,5
49,100648,2026-01-02,31.13,4
721,108690,2026-02-01,65.22,2
258,103153,2026-03-09,39.29,7
108,101363,2026-02-09,17.63,1
80,100992,2026-01-07,23.95,3
579,106915,2026-02-19,23.28,8
609,107267,2026-02-23,68.56,7
431,105182,2026-01-09,13.18,5
177,102205,2026-03-09,87.26,1
584,106964,2026-02-19,110.85,1
540,106494,2025-12-22,41.53,1
387,104621,2026-02-12,31.12,6
186,102327,2026-02-13,21.25,1
802,109519,2026-02-21,29.65,4
754,109038,2025-12-04,60.94,6
387,104622,2026-01-24,35.25,2
21,100311,2025-12-08,29.01,3
940,111036,2026-01-18,18.89,1
497,105920,2026-02-25,32.93,7
925,110855,2026-01-02,17.21,4
482,105751,2026-03-04,82.59,7
605,107221,2026-01-16,31.47,1
730,108774,2025-12-04,43.69,5
992,111615,2026-01-14,51.98,3
285,103458,2025-12-05,24.24,7
719,108658,2026-01-26,24.47,2
934,110973,2026-01-18,23.03,4
633,107569,2026-03-05,28.84,5
344,104128,2026-01-12,22.31,4
495,105879,2025-12-30,15.35,2
813,109629,2026-03-06,20.79,4
562,106756,2026-03-07,26.34,8
913,110765,2026-02-12,43.86,8
27,100369,2026-02-27,77.19,5
47,100613,2026-01-27,27.75,8
403,104814,2026-02-02,30.97,3
50,100659,2026-01-17,16.25,5
15,100223,2025-12-10,28.86,7
63,100804,2026-02-01,22.52,8
8,100092,2026-01-30,73.33,6
354,104217,2026-02-04,35.76,5
981,111469,2026-02-20,80.62,8
423,105069,2026-02-08,38.18,3
495,105888,2026-01-03,25.96,1
595,107101,2026-02-21,21.60,7
376,104453,2026-01-24,48.16,8
350,104176,2026-02-09,17.88,8
93,101183,2025-11-19,73.08,8
785,109354,2026-01-16,17.28,6
22,100314,2025-12-22,50.29,7
655,107844,2025-10-25,63.50,5
529,106351,2026-02-10,89.90,8
68,100855,2026-01-28,95.27,3
738,108829,2026-01-29,87.53,7
481,105720,2026-01-11,46.67,2
826,109778,2025-12-29,18.86,6
416,104968,2026-01-26,119.94,3
102,101286,2025-12-07,60.02,1
354,104219,2025-12-27,37.24,3
979,111434,2026-01-13,17.39,2
92,101173,2026-02-05,52.92,7
966,111267,2026-02-14,15.23,1
45,100581,2026-02-02,84.38,2
333,103977,2025-11-08,81.72,4
431,105177,2026-02-26,14.20,3
682,108167,2026-01-13,27.89,1
537,106449,2026-01-09,15.31,4
156,101918,2026-02-23,50.95,8
62,100795,2026-01-14,52.68,4
231,102856,2026-01-28,95.35,6
774,109241,2026-01-25,14.73,3
11,100158,2025-12-29,21.30,2
385,104598,2026-02-16,20.76,2
660,107936,2026-02-26,25.67,2
575,106879,2026-02-02,35.50,1
448,105339,2026-01-21,86.23,3
507,106061,2026-02-27,21.58,6
112,101392,2026-01-09,16.56,6
998,111721,2026-02-06,52.88,7
71,100910,2026-01-28,35.75,5
358,104265,2026-02-04,30.69,4
429,105155,2025-12-07,84.83,8
43,100551,2026-02-05,27.25,5
248,103039,2026-02-11,20.92,1
405,104824,2025-11-22,33.21,1
363,104318,2025-12-31,18.87,5
613,107328,2025-12-19,40.37,3
104,101302,2026-01-29,29.30,3
737,108825,2026-01-19,32.22,6
612,107319,2025-12-31,41.04,5
450,105352,2026-01-15,27.05,4
598,107135,2026-01-26,18.50,3
438,105273,2025-11-28,79.07,6
982,111489,2025-12-26,21.52,7
362,104310,2026-01-21,47.79,8
738,108841,2026-01-18,93.56,2
565,106790,2025-11-06,65.44,5
780,109313,2026-01-13,15.77,8
132,101618,2026-01-16,35.57,2
734,108801,2026-01-01,49.67,1
13,100184,2026-02-22,70.58,4
437,105257,2026-02-09,27.65,6
976,111409,2026-03-14,44.74,5
317,103837,2025-12-31,25.88,1
27,100372,2026-01-24,73.90,4
750,108991,2026-01-25,24.73,1
983,111491,2026-02-09,34.33,3
971,111326,2026-02-09,26.39,1
44,100561,2026-02-25,47.71,1
208,102604,2026-03-10,66.01,3
618,107378,2026-03-05,47.41,6
28,100397,2026-03-03,40.31,5
170,102120,2026-02-28,30.72,8
159,101961,2026-02-19,18.81,4
606,107228,2025-12-19,19.89,5
525,106302,2026-01-17,20.20,3
294,103586,2026-02-02,27.80,7
462,105494,2026-01-08,24.92,3
28,100395,2026-02-08,49.25,3
881,110392,2026-02-28,39.24,1
177,102203,2026-03-06,55.04,2
454,105382,2026-01-12,44.87,6
913,110752,2026-02-17,34.67,5
80,100994,2026-01-26,37.64,7
860,110136,2025-12-10,52.80,6
497,105902,2026-02-16,35.38,2
192,102416,2026-02-28,18.63,7
334,103995,2026-01-27,30.49,6
989,111561,2025-11-05,44.54,8
373,104424,2025-12-18,94.48,8
767,109157,2025-12-26,39.56,5
593,107072,2026-01-19,30.84,7
820,109717,2025-11-23,51.01,3
167,102081,2026-03-06,21.52,2
410,104892,2026-01-25,23.43,2
616,107353,2026-01-25,44.97,7
374,104429,2026-01-04,71.18,2
245,102991,2025-12-30,38.24,1
894,110563,2025-12-24,44.04,1
131,101582,2026-02-08,35.13,6
188,102358,2026-01-28,39.88,4
652,107813,2026-02-22,55.50,7
57,100739,2026-01-30,31.07,1
170,102124,2026-02-22,18.68,6
707,108477,2025-12-06,114.53,2
509,106080,2026-03-11,71.94,6
395,104699,2026-02-02,104.65,4
16,100239,2025-12-03,20.88,4
67,100834,2026-02-25,37.04,4
179,102247,2026-01-08,24.17,8
802,109515,2026-02-12,32.76,1
737,108823,2025-12-31,29.68,2
131,101598,2026-01-17,37.66,3
564,106786,2026-02-19,29.64,5
33,100451,2025-12-20,53.67,2
955,111156,2026-03-08,25.31,7
788,109376,2026-01-02,34.51,7
661,107957,2026-02-14,48.98,6
290,103522,2026-01-06,16.11,8
10,100138,2026-01-26,61.86,7
637,107644,2026-01-11,33.35,2
101,101265,2026-01-13,84.66,8
674,108076,2026-01-03,24.51,7
665,107990,2025-11-29,66.13,5
312,103775,2025-12-25,26.49,6
74,100936,2026-02-12,30.15,2
351,104189,2025-11-10,17.33,1
925,110852,2025-12-09,21.44,3
153,101870,2026-01-31,47.96,1
917,110799,2026-03-04,38.54,6
848,109987,2026-01-09,30.05,4
990,111580,2026-01-24,33.51,8
927,110885,2026-01-18,27.48,8
994,111650,2026-02-02,15.41,7
296,103609,2026-01-07,30.72,2
464,105521,2026-01-10,20.48,8
460,105446,2026-02-03,46.98,3
967,111298,2026-03-09,63.45,4
139,101710,2025-10-26,84.98,3
125,101529,2026-02-23,45.88,7
592,107058,2026-01-05,18.19,5
90,101132,2026-02-02,70.64,4
788,109390,2026-02-05,13.82,6
134,101637,2026-01-27,20.72,1
883,110438,2026-01-22,76.78,6
315,103817,2026-01-18,36.32,7
862,110153,2026-03-02,33.22,1
548,106580,2026-02-10,33.17,1
80,100998,2026-01-27,41.35,6
674,108085,2026-01-20,30.29,3
568,106818,2026-02-06,36.46,5
561,106734,2026-02-16,33.22,8
519,106248,2026-01-17,59.16,8
18,100265,2026-01-09,43.23,8
612,107312,2026-01-23,19.00,8
43,100546,2026-02-12,29.79,1
291,103545,2026-02-19,56.91,2
318,103848,2026-01-31,37.10,6
437,105262,2026-01-27,33.64,4
135,101644,2026-03-08,85.79,6
405,104830,2025-11-17,33.18,8
586,106983,2026-02-11,37.92,8
859,110115,2026-02-03,80.80,3
90,101150,2026-01-22,43.74,5
636,107611,2026-01-17,26.78,2
928,110890,2026-01-06,32.67,3
489,105802,2025-12-22,24.22,7
662,107968,2026-01-27,40.03,3
973,111371,2025-12-01,44.72,5
469,105581,2025-11-07,99.32,7
219,102720,2026-02-08,24.66,4
758,109066,2025-12-22,53.22,8
818,109693,2026-03-16,77.29,7
920,110821,2025-11-15,24.40,7
673,108064,2026-01-01,30.51,6
385,104593,2026-01-17,34.24,5
729,108765,2026-03-15,93.55,4
179,102233,2026-01-26,29.74,4
75,100950,2025-12-30,23.26,4
438,105276,2025-11-13,71.29,1
707,108479,2025-11-28,68.64,2
314,103807,2026-01-11,23.43,3
857,110078,2026-01-04,43.16,2
238,102936,2026-02-16,26.87,8
941,111047,2025-12-07,29.89,5
33,100450,2026-01-24,51.63,4
865,110191,2026-02-16,64.00,7
163,102037,2026-01-05,48.56,2
135,101657,2026-03-04,117.70,7
755,109041,2026-01-12,31.04,4
363,104323,2025-12-16,22.55,4
276,103350,2026-02-22,22.11,6
172,102133,2025-12-01,67.27,7
709,108500,2026-01-07,19.18,8
692,108319,2026-01-13,17.19,1
438,105275,2026-01-05,35.55,7
492,105834,2026-01-11,18.22,2
314,103812,2026-02-06,22.11,2
437,105258,2026-03-10,27.59,1
17,100255,2026-01-24,19.69,7
17,100250,2025-12-21,21.36,5
666,108000,2026-01-10,66.21,3
836,109881,2026-01-27,36.01,7
40,100511,2026-02-12,17.26,4
422,105056,2026-01-29,85.52,1
428,105131,2026-03-13,31.27,7
503,106001,2026-02-13,33.15,5
420,105017,2026-01-03,69.68,1
225,102770,2026-03-13,57.10,1
896,110598,2026-02-05,33.35,7
367,104368,2026-03-14,40.43,3
792,109419,2026-01-17,45.61,2
343,104100,2026-01-20,60.41,3
80,101003,2026-02-08,24.70,1
611,107298,2026-01-29,47.97,4
282,103423,2026-02-17,18.00,3
298,103660,2026-02-19,47.75,6
127,101569,2026-02-08,56.63,5
162,102021,2025-12-07,54.80,8
940,111023,2026-02-03,23.85,2
971,111336,2026-02-20,11.50,3
601,107171,2026-03-05,86.86,1
859,110124,2026-02-10,50.51,7
926,110875,2026-01-10,43.91,3
265,103234,2025-12-26,29.20,8
4,100052,2025-12-25,42.58,7
739,108853,2026-01-06,33.12,2
339,104037,2026-01-06,33.41,2
767,109161,2026-02-11,25.14,5
744,108921,2025-11-25,33.26,1
828,109807,2025-12-16,18.79,1
373,104423,2025-11-09,82.80,2
939,111016,2025-12-05,47.22,4
743,108904,2025-12-31,27.54,8
616,107359,2026-03-17,35.41,6
95,101221,2026-02-13,80.78,3
313,103800,2026-01-05,38.40,4
142,101749,2026-01-10,17.30,4
509,106102,2026-02-17,56.47,7
89,101108,2026-02-09,89.67,5
612,107314,2026-02-21,36.26,8
282,103427,2026-03-12,33.48,3
941,111048,2026-01-27,62.33,3
9,100107,2026-01-07,19.24,3
705,108452,2026-01-26,18.74,8
69,100887,2026-01-20,19.79,5
860,110134,2026-02-07,37.84,1
185,102303,2026-03-10,13.56,1
249,103045,2026-01-23,40.08,5
992,111635,2026-01-20,54.18,2
583,106951,2025-12-14,105.38,4
149,101829,2026-01-09,27.15,8
302,103690,2026-01-10,47.59,2
163,102030,2026-01-12,27.34,6
225,102777,2026-01-11,76.74,7
656,107860,2026-01-28,48.44,1
277,103361,2026-01-05,36.85,5
710,108507,2026-02-14,50.61,3
873,110291,2026-01-22,42.34,4
772,109206,2026-01-20,41.28,7
902,110653,2026-02-06,31.00,2
718,108631,2026-01-13,23.36,2
957,111175,2026-01-25,75.29,7
657,107865,2026-01-29,88.09,2
342,104073,2026-02-21,24.90,7
140,101718,2026-02-16,18.69,5
808,109581,2026-01-10,34.17,7
892,110532,2026-01-23,18.06,2
942,111061,2026-02-06,26.64,7
795,109430,2026-01-29,54.43,6
78,100971,2026-02-05,43.00,8
650,107775,2026-01-09,23.21,6
437,105272,2026-02-20,42.94,6
716,108581,2026-01-19,29.69,2
874,110310,2026-01-25,46.34,8
660,107932,2026-01-08,29.28,7
927,110888,2026-02-21,37.10,2
960,111217,2025-11-25,55.34,1
225,102788,2026-03-06,55.82,7
306,103738,2026-01-15,27.41,4
242,102972,2025-12-15,41.62,7
166,102067,2026-03-03,68.41,6
184,102285,2026-02-27,75.16,6
943,111069,2026-01-20,44.92,6
226,102794,2026-01-06,17.75,5
138,101698,2026-01-06,32.11,2
396,104725,2026-02-06,24.38,7
717,108607,2026-03-23,65.74,4
384,104570,2026-03-07,42.51,4
796,109450,2025-12-17,66.01,6
551,106636,2026-02-13,32.98,2
358,104263,2026-02-06,30.35,7
236,102919,2026-01-13,34.00,6
56,100727,2026-02-10,29.22,3
510,106111,2026-01-12,52.01,8
251,103076,2026-01-23,18.70,6
454,105377,2026-01-06,24.90,4
651,107790,2026-02-21,26.82,4
36,100482,2026-01-08,22.20,3
143,101752,2026-02-11,14.70,5
67,100832,2026-01-26,31.18,8
281,103400,2025-12-29,28.84,6
841,109930,2026-02-13,16.64,1
95,101207,2026-01-05,53.29,2
137,101671,2026-01-22,64.85,2
138,101699,2026-01-16,46.44,8
436,105254,2026-03-04,33.86,7
327,103922,2026-02-20,24.91,7
112,101394,2026-01-11,29.00,6
195,102435,2026-01-03,50.11,6
806,109552,2026-01-05,41.60,1
168,102092,2025-12-22,25.31,4
92,101171,2026-01-29,51.58,4
580,106919,2025-12-14,36.61,5
132,101631,2026-03-07,34.68,5
712,108530,2026-01-21,34.65,8
298,103646,2026-02-16,39.31,6
954,111148,2025-12-25,71.94,5
622,107436,2026-01-29,34.69,3
480,105706,2026-01-17,28.12,6
808,109585,2026-02-04,20.36,5
852,110028,2026-01-22,32.47,3
285,103455,2026-01-02,42.99,8
667,108005,2025-11-03,85.83,2
245,102985,2025-12-19,26.41,1
406,104840,2025-12-30,28.58,4
539,106478,2025-12-27,38.55,8
299,103666,2026-01-13,63.80,1
842,109944,2026-01-07,81.25,1
676,108100,2025-12-30,17.35,6
671,108056,2025-12-31,31.69,7
749,108969,2026-01-01,19.90,4
495,105881,2025-12-30,14.49,6
502,105967,2026-03-06,96.64,8
791,109416,2025-12-21,20.53,7
3,100036,2026-02-19,25.30,7
304,103707,2025-12-29,43.81,8
456,105407,2025-12-15,36.12,4
898,110611,2026-02-03,51.01,5
776,109283,2026-02-27,58.01,1
852,110016,2026-02-07,61.42,1
66,100826,2025-12-05,35.35,8
471,105610,2026-03-01,31.81,3
929,110901,2025-11-24,88.57,3
395,104711,2026-02-09,74.79,2
86,101074,2026-01-05,33.27,7
624,107461,2026-02-09,46.52,8
693,108327,2026-01-13,41.70,3
507,106056,2026-02-23,25.58,2
149,101834,2026-02-02,24.31,3
359,104275,2026-02-13,31.77,8
657,107884,2026-03-06,96.72,7
325,103907,2026-02-10,70.66,2
822,109731,2026-02-07,31.22,1
603,107198,2026-01-26,34.87,2
44,100569,2026-02-06,19.55,8
248,103034,2026-01-22,23.11,5
345,104140,2026-01-16,30.74,6
862,110145,2026-03-07,32.86,2
913,110757,2026-02-21,33.01,1
423,105072,2026-01-31,37.58,7
135,101659,2026-01-24,50.66,2
240,102948,2026-01-22,55.07,6
349,104168,2025-12-20,58.09,5
975,111394,2025-12-25,18.25,4
314,103810,2025-12-30,32.50,3
672,108060,2025-11-28,39.21,5
431,105170,2026-01-18,12.25,2
272,103303,2026-01-02,27.62,8
188,102359,2025-12-25,29.79,3
251,103091,2026-01-03,31.57,8
676,108103,2025-12-26,36.03,6
680,108140,2026-01-08,30.74,3
232,102859,2026-02-08,26.93,5
384,104576,2026-03-08,54.89,3
253,103105,2026-03-21,82.57,8
125,101507,2026-01-21,44.84,1
359,104280,2026-02-13,32.71,8
155,101903,2026-01-05,16.61,5
630,107545,2026-01-16,68.42,6
232,102865,2026-02-21,19.77,6
584,106957,2026-03-10,93.14,7
161,102020,2026-03-03,48.75,3
590,107028,2026-01-25,93.57,4
473,105637,2026-02-04,20.07,8
709,108505,2026-01-31,46.66,3
289,103510,2026-01-31,30.29,1
3,100038,2026-01-20,16.77,4
475,105673,2026-02-05,36.00,4
179,102245,2026-01-05,16.30,4
940,111040,2026-01-12,23.79,1
662,107964,2026-01-05,45.93,6
531,106393,2026-03-01,39.54,7
967,111287,2026-02-02,69.87,3
248,103038,2026-01-04,28.95,6
107,101333,2026-01-19,12.87,3
858,110101,2026-02-07,38.29,1
283,103436,2026-01-25,40.84,8
209,102625,2026-02-11,15.74,8
867,110222,2026-01-24,23.41,4
759,109084,2026-01-07,35.01,6
184,102287,2026-01-21,78.79,1
836,109875,2026-02-20,36.99,1
460,105444,2025-12-30,42.80,6
806,109545,2026-01-04,27.17,3
967,111296,2026-02-09,73.58,5
157,101930,2026-01-30,25.67,4
198,102460,2026-02-25,46.82,6
161,102011,2026-03-15,40.74,4
119,101459,2025-11-29,71.13,5
272,103300,2026-01-07,40.82,6
685,108230,2026-01-22,79.68,8
876,110322,2025-12-30,28.99,4
895,110579,2026-03-06,19.02,2
727,108729,2025-12-11,44.30,6
925,110862,2026-01-15,21.00,1
30,100425,2026-01-01,31.60,7
852,110018,2026-02-05,33.27,6
703,108402,2025-12-14,39.50,5
665,107995,2026-01-07,40.86,2
236,102909,2025-12-30,26.97,7
519,106247,2026-01-29,52.35,8
940,111034,2026-02-08,20.08,3
371,104414,2026-01-06,22.82,5
984,111516,2026-01-01,14.39,4
826,109779,2025-11-29,17.83,6
121,101481,2025-12-16,45.11,1
127,101555,2026-01-22,62.80,3
586,106980,2026-02-18,33.83,2
101,101261,2026-02-16,43.68,1
862,110156,2026-02-06,23.40,7
918,110808,2026-01-22,24.94,3
841,109923,2026-01-15,29.06,6
841,109935,2026-01-16,18.75,2
277,103367,2026-01-07,20.75,6
542,106500,2025-12-19,10.93,1
64,100814,2025-12-22,54.32,4
688,108280,2026-01-14,31.14,2
544,106525,2025-12-30,107.46,8
532,106400,2026-02-07,44.49,4
203,102512,2025-12-22,27.36,3
613,107323,2026-01-24,27.16,7
367,104373,2026-02-20,55.21,5
721,108694,2026-01-05,65.34,7
89,101105,2026-01-27,101.94,4
957,111167,2026-02-17,37.13,5
203,102510,2025-12-27,37.51,7
784,109348,2025-12-14,30.97,1
659,107915,2026-02-01,40.18,6
482,105737,2026-01-29,45.20,2
829,109814,2026-01-17,33.28,6
42,100533,2026-01-27,91.65,7
490,105805,2025-12-20,22.36,4
453,105367,2025-12-06,31.64,5
954,111145,2025-11-18,82.99,4
775,109252,2026-01-31,16.16,7
225,102772,2026-03-11,93.75,1
494,105874,2026-02-09,104.39,4
20,100293,2026-01-04,78.68,4
369,104402,2026-03-02,63.72,8
614,107335,2025-12-08,49.47,1
788,109377,2025-12-25,12.30,7
764,109127,2026-01-22,37.03,5
543,106519,2026-03-15,14.53,1
452,105366,2025-12-30,94.79,4
709,108493,2026-03-10,19.04,2
887,110466,2026-02-20,34.45,1
108,101354,2026-01-30,27.36,4
20,100304,2026-02-09,79.45,4
650,107763,2026-02-16,21.32,5
289,103511,2026-02-10,32.80,8
774,109233,2025-12-20,25.33,1
5,100068,2025-12-22,41.63,2
348,104164,2026-01-30,41.17,3
63,100800,2026-02-10,12.74,3
436,105240,2026-03-10,63.04,6
909,110719,2026-02-15,51.77,7
98,101254,2026-01-26,54.82,2
332,103956,2026-02-04,21.25,5
942,111060,2025-12-20,22.86,5
991,111598,2026-02-16,18.51,5
497,105903,2026-02-06,29.76,7
937,111007,2026-02-07,21.17,2
587,106989,2026-01-14,45.83,7
126,101537,2026-01-31,26.52,8
44,100565,2026-01-31,20.65,1
653,107829,2026-01-07,17.47,3
836,109880,2026-01-30,29.65,4
593,107079,2026-01-06,33.99,8
342,104074,2026-01-27,47.92,5
639,107681,2026-02-01,54.99,1
847,109974,2026-03-10,16.95,6
509,106081,2026-02-03,68.40,5
935,110993,2025-12-20,26.01,3
369,104383,2026-03-08,68.96,4
325,103902,2026-01-21,87.21,6
329,103940,2025-12-26,46.58,2
682,108165,2026-02-02,27.71,7
420,105021,2026-02-13,86.91,3
667,108003,2025-11-18,116.37,1
388,104645,2026-02-23,43.98,2
383,104560,2026-02-21,30.74,3
439,105288,2025-12-25,18.88,7
142,101745,2025-12-20,34.00,2
377,104494,2025-12-24,34.84,6
15,100225,2025-12-15,35.11,2
306,103727,2026-02-08,37.89,2
718,108633,2026-03-04,33.93,5
764,109133,2026-01-13,23.64,6
149,101827,2026-01-13,19.76,3
872,110274,2025-12-11,57.33,2
513,106157,2026-01-13,28.24,8
621,107420,2026-03-19,31.42,2
437,105264,2026-02-06,42.86,4
796,109448,2025-12-11,42.92,7
589,107017,2026-01-30,42.41,3
730,108775,2025-12-28,72.14,7
659,107923,2026-01-22,32.84,7
57,100746,2026-02-23,32.66,3
996,111689,2026-01-17,65.52,1
743,108902,2026-02-01,31.88,4
679,108133,2026-01-06,26.62,4
13,100195,2026-02-03,78.10,5
140,101724,2026-03-17,29.90,1
332,103967,2026-02-16,33.83,8
584,106968,2026-03-04,117.47,4
957,111186,2026-02-17,75.56,4
299,103667,2026-01-14,87.65,8
139,101708,2025-11-06,79.00,2
651,107796,2026-02-09,34.39,1
288,103493,2026-03-04,67.21,7
130,101575,2025-12-01,83.33,2
961,111229,2025-12-06,43.44,6
396,104719,2026-02-08,31.02,5
441,105302,2026-01-15,50.90,3
43,100553,2026-01-15,40.85,5
930,110908,2026-03-06,73.77,1
11,100157,2026-01-01,33.11,6
429,105153,2025-12-05,33.44,8
802,109511,2026-01-11,12.06,3
374,104430,2026-02-05,65.27,4
595,107097,2026-01-07,43.52,8
132,101615,2026-02-11,61.52,8
317,103828,2026-02-08,25.45,5
251,103086,2025-12-21,23.59,4
444,105321,2025-12-19,15.02,2
354,104213,2026-01-31,24.17,4
584,106959,2026-01-19,78.28,8
980,111449,2026-01-17,56.25,7
677,108115,2025-11-08,76.01,2
941,111050,2025-12-15,49.07,3
192,102407,2026-02-25,21.39,2
435,105220,2026-01-07,60.07,2
532,106405,2026-01-28,18.49,4
580,106924,2025-11-24,65.72,2
384,104573,2026-03-05,34.18,4
325,103901,2026-02-21,94.61,6
195,102439,2025-12-23,35.55,1
853,110050,2026-02-06,50.38,8
465,105537,2026-02-03,50.75,5
879,110357,2026-02-13,18.54,7
478,105697,2026-01-19,21.39,5
827,109792,2026-03-02,81.75,1
709,108496,2026-02-23,30.80,2
299,103676,2026-01-30,61.31,7
70,100899,2026-01-09,55.65,4
545,106560,2025-12-28,29.67,2
360,104288,2025-12-27,29.69,4
699,108376,2026-02-13,26.11,3
910,110732,2025-12-13,18.24,7
104,101299,2026-01-31,33.85,5
95,101201,2026-02-25,49.67,4
166,102070,2026-03-04,77.52,2
403,104815,2026-01-17,40.37,4
584,106971,2026-03-01,85.58,8
82,101024,2026-01-05,31.27,5
992,111603,2026-01-15,73.93,5
167,102080,2026-01-20,36.33,4
191,102390,2026-01-08,27.98,1
719,108654,2026-01-30,30.35,3
378,104502,2025-12-26,26.01,1
189,102368,2026-02-18,18.16,6
599,107152,2026-01-28,56.86,6
540,106485,2026-02-05,21.67,6
993,111637,2026-01-23,37.36,6
988,111543,2026-01-12,38.35,7
648,107751,2026-02-12,53.34,4
348,104153,2026-02-27,39.40,2
161,102001,2026-01-27,32.38,6
90,101143,2026-01-23,63.63,1
951,111135,2026-01-07,80.21,7
930,110923,2026-03-08,94.44,6
375,104444,2026-01-23,31.31,5
278,103372,2026-02-23,30.94,4
385,104591,2026-02-02,27.07,3
578,106901,2026-01-23,31.44,8
161,102015,2026-01-19,32.60,4
96,101231,2026-02-02,44.73,6
896,110585,2026-02-20,26.83,8
194,102434,2025-11-13,10.42,4
758,109060,2025-12-20,42.17,3
601,107172,2026-01-30,67.84,7
74,100938,2025-12-28,18.33,2
544,106535,2026-01-18,101.85,5
170,102128,2026-01-18,30.98,7
399,104764,2025-12-28,30.80,6
432,105197,2026-02-15,34.97,8
882,110406,2026-01-21,32.45,2
782,109335,2026-01-10,21.19,8
83,101043,2025-12-20,34.95,5
39,100503,2026-01-27,23.24,1
14,100201,2026-02-21,30.17,7
358,104253,2026-03-10,29.33,4
579,106913,2025-12-26,48.37,2
494,105860,2026-01-05,90.08,5
519,106238,2026-02-17,55.48,7
812,109620,2025-12-18,39.37,2
642,107703,2026-01-24,26.57,7
433,105209,2026-02-20,54.57,6
337,104005,2026-02-21,35.17,4
36,100486,2026-01-25,35.76,2
212,102660,2026-01-04,85.02,7
623,107456,2026-02-17,18.68,4
117,101440,2026-01-31,28.18,7
716,108559,2026-02-17,45.27,6
121,101483,2025-11-22,93.10,6
298,103632,2026-03-01,42.39,6
724,108721,2026-02-12,19.34,5
288,103494,2026-02-06,53.08,3
620,107405,2026-01-14,30.35,4
977,111428,2026-02-02,23.70,2
138,101697,2025-12-08,44.18,6
151,101858,2025-11-13,34.33,3
46,100603,2026-01-30,42.37,2
279,103380,2026-02-12,54.03,8
139,101709,2025-10-24,92.81,8
529,106340,2026-03-08,58.60,3
35,100474,2025-12-22,24.07,2
633,107562,2026-01-01,25.55,5
948,111116,2026-02-27,32.03,5
910,110742,2026-01-08,20.94,7
674,108077,2026-01-29,34.18,1
122,101488,2026-02-26,13.43,1
161,102003,2026-03-09,56.65,5
10,100122,2026-01-14,105.77,1
348,104165,2025-12-27,19.50,8
257,103147,2026-02-03,77.99,1
8,100081,2026-01-20,76.27,1
651,107793,2026-02-16,40.93,2
483,105766,2026-02-15,37.10,1
741,108893,2025-12-27,32.12,3
69,100877,2026-01-29,15.00,5
432,105202,2026-02-24,18.12,6
424,105084,2025-12-28,20.14,6
437,105263,2026-03-06,16.12,7
827,109784,2026-01-31,110.27,5
549,106592,2026-01-12,32.26,2
560,106716,2026-02-19,29.55,3
991,111589,2026-02-28,24.58,6
788,109395,2026-01-13,22.28,7
125,101515,2026-02-22,51.51,2
363,104321,2025-11-26,20.74,5
641,107700,2025-12-26,12.95,8
873,110289,2026-01-31,44.68,3
972,111348,2026-02-01,42.75,3
276,103341,2026-03-02,37.78,4
95,101219,2026-02-19,67.60,3
291,103553,2026-03-01,66.92,2
603,107203,2025-12-02,19.70,3
569,106824,2025-12-06,68.28,8
419,105003,2025-12-27,48.59,2
502,105969,2026-03-05,96.21,5
426,105108,2026-01-27,29.30,1
906,110685,2026-01-01,36.11,6
402,104797,2026-02-12,25.49,7
207,102576,2026-01-21,21.87,8
155,101901,2026-01-04,22.21,4
362,104311,2026-03-02,24.98,5
213,102663,2025-12-11,21.00,3
356,104229,2026-02-07,15.16,3
88,101093,2025-12-23,37.70,7
126,101534,2026-01-08,50.83,6
979,111447,2026-02-11,25.29,8
432,105198,2026-02-05,17.36,7
141,101735,2025-12-23,26.62,2
652,107821,2026-02-15,32.36,7
132,101617,2026-02-18,64.96,7
343,104085,2026-02-10,72.73,6
759,109075,2025-12-16,31.76,7
547,106571,2026-01-27,18.91,1
990,111574,2026-01-13,32.87,6
822,109745,2026-02-09,14.56,3
716,108587,2026-01-19,54.13,4
868,110231,2026-02-24,36.28,8
716,108563,2026-01-28,32.48,7
636,107612,2026-01-16,18.51,4
718,108634,2026-03-07,15.23,2
431,105176,2026-01-04,18.97,3
161,102000,2026-03-19,47.19,3
943,111070,2025-12-10,49.20,2
214,102675,2026-02-07,38.44,6
478,105700,2026-01-13,26.48,8
674,108081,2026-02-04,31.84,2
859,110128,2026-01-03,81.42,2
867,110225,2026-03-01,20.88,8
679,108127,2026-02-11,33.49,5
965,111256,2026-02-26,41.61,7
198,102477,2026-01-09,56.37,4
257,103140,2026-03-12,67.08,2
464,105524,2026-01-29,21.06,1
682,108166,2026-02-14,12.98,8
113,101401,2025-12-29,46.76,4
918,110804,2026-01-29,28.76,7
505,106017,2026-02-25,63.09,7
55,100719,2025-12-16,53.82,2
802,109503,2026-01-28,15.81,3
414,104932,2026-01-29,52.32,1
107,101330,2026-01-12,32.45,1
395,104712,2026-03-08,99.01,8
887,110465,2026-02-14,34.64,5
605,107214,2025-12-25,41.99,3
612,107304,2026-02-03,17.41,8
503,106002,2026-02-25,17.99,3
258,103167,2026-01-08,27.52,6
222,102747,2026-01-20,24.96,4
802,109522,2026-02-22,30.01,1
405,104831,2025-10-23,62.70,2
224,102762,2025-12-03,48.97,4
26,100356,2026-02-23,20.00,8
581,106938,2026-01-01,17.80,7
450,105350,2025-12-13,29.57,2
564,106787,2026-02-18,31.71,1
543,106503,2026-01-21,26.26,5
69,100891,2026-02-26,28.16,6
132,101603,2026-03-05,35.56,2
983,111494,2026-02-10,23.19,3
514,106167,2026-01-11,26.84,6
719,108639,2026-01-09,33.75,6
248,103043,2026-01-01,29.36,1
198,102459,2026-02-28,37.78,1
964,111247,2026-01-07,21.30,4
327,103930,2025-12-30,13.83,7
146,101793,2026-01-11,16.24,7
363,104322,2026-01-20,28.54,2
245,102984,2025-12-21,36.66,6
498,105923,2026-02-05,39.82,5
326,103910,2026-01-12,54.26,4
593,107082,2026-02-24,25.87,8
644,107731,2026-01-14,32.70,5
117,101426,2026-01-15,13.73,5
928,110896,2026-01-20,26.95,1
827,109800,2026-02-04,70.64,1
502,105977,2026-01-16,74.88,7
304,103701,2025-12-20,43.05,2
571,106836,2025-12-06,32.36,1
207,102578,2026-01-21,13.90,7
494,105868,2026-01-18,100.85,8
314,103814,2026-02-05,35.39,8
606,107225,2026-01-21,21.44,1
563,106768,2026-02-08,20.66,7
461,105452,2026-01-26,68.34,6
8,100094,2026-03-12,67.93,7
13,100191,2026-03-03,74.74,3
827,109798,2026-01-29,76.45,1
95,101206,2026-01-15,61.91,1
759,109079,2026-02-04,18.08,8
35,100473,2026-01-03,25.37,8
498,105931,2026-02-14,45.25,8
788,109383,2026-02-06,28.89,8
838,109892,2026-01-23,29.22,8
146,101805,2026-02-11,22.17,4
462,105480,2026-03-04,28.83,6
58,100757,2026-01-04,46.65,3
343,104097,2026-03-03,71.08,5
636,107621,2026-02-03,28.76,1
431,105185,2026-01-29,20.78,1
406,104835,2026-02-27,34.93,3
804,109537,2025-12-06,36.70,6
836,109865,2026-01-09,31.47,5
925,110861,2026-02-02,24.85,4
893,110550,2026-02-25,35.97,5
114,101405,2026-03-11,41.01,3
651,107789,2026-02-16,34.95,4
83,101046,2026-02-15,25.64,7
10,100128,2026-01-11,92.91,3
908,110700,2025-12-07,54.32,3
253,103118,2026-03-05,108.03,8
206,102559,2026-02-19,13.68,5
751,109007,2026-02-01,47.95,1
68,100860,2026-03-10,62.85,1
402,104798,2026-01-21,24.74,4
127,101549,2026-03-09,62.17,4
518,106212,2026-03-11,38.45,5
156,101917,2026-02-10,48.34,2
312,103787,2026-01-10,19.95,7
305,103715,2026-01-03,31.17,2
544,106531,2026-02-10,93.07,7
528,106330,2026-02-08,38.00,5
173,102138,2026-01-22,40.28,2
380,104528,2025-10-29,55.50,1
529,106353,2026-01-31,93.51,4
101,101266,2026-02-13,68.39,1
280,103393,2026-01-17,55.52,4
777,109291,2026-01-24,33.62,4
70,100894,2026-01-16,42.26,8
522,106279,2026-02-27,37.14,1
231,102854,2026-02-17,63.65,1
220,102726,2026-02-01,16.47,8
598,107124,2026-01-23,21.80,7
9,100117,2026-01-23,16.24,8
248,103041,2026-03-01,34.73,4
450,105356,2026-01-15,16.27,2
282,103421,2026-01-15,13.50,2
270,103276,2026-02-27,110.11,8
859,110127,2026-03-05,58.06,4
122,101485,2026-02-24,17.33,4
40,100508,2026-02-15,24.45,5
553,106648,2026-01-25,26.54,1
428,105119,2026-02-11,44.72,1
109,101367,2025-12-03,28.93,8
63,100799,2025-12-23,30.96,2
155,101893,2025-12-25,39.45,1
20,100302,2026-01-14,65.92,8
365,104336,2026-02-23,35.42,6
577,106890,2026-02-02,84.92,7
914,110767,2025-11-09,53.63,2
577,106892,2025-12-06,65.17,4
512,106141,2026-03-16,33.09,4
146,101803,2026-02-03,34.43,5
323,103875,2025-11-30,72.48,1
283,103433,2025-12-11,40.85,8
258,103162,2026-01-04,32.19,4
387,104633,2026-03-05,13.05,2
3,100039,2026-02-15,32.13,4
684,108198,2026-03-05,43.29,7
813,109627,2026-02-14,18.06,6
499,105941,2026-01-11,36.71,2
305,103720,2026-01-30,48.23,5
101,101275,2026-01-16,52.07,5
876,110325,2025-11-29,26.66,8
127,101557,2026-01-21,76.14,1
189,102373,2025-12-27,40.14,7
609,107272,2026-02-02,63.35,4
155,101894,2026-01-02,23.68,8
251,103085,2026-02-25,24.96,1
69,100889,2026-03-02,14.64,6
802,109521,2026-01-23,17.74,6
859,110111,2026-02-27,40.49,8
40,100514,2025-12-29,32.56,8
636,107615,2026-01-29,13.31,6
683,108189,2025-12-30,39.64,2
15,100224,2026-01-24,35.68,4
48,100634,2026-02-16,46.66,6
497,105913,2026-01-14,36.41,1
674,108075,2026-01-20,33.02,7
738,108842,2026-01-25,43.60,5
335,103998,2025-12-12,33.02,3
905,110672,2026-01-18,55.07,6
977,111417,2025-12-27,40.68,7
932,110946,2025-11-27,107.08,5
20,100280,2026-01-18,63.32,2
503,105989,2026-01-13,15.51,1
887,110462,2025-12-27,24.42,1
905,110670,2026-02-20,43.62,3
482,105741,2026-03-20,95.62,3
654,107833,2026-01-03,16.58,6
332,103968,2026-02-01,30.83,4
716,108573,2026-02-21,40.49,7
828,109809,2026-02-16,32.00,1
561,106736,2026-03-14,29.54,8
545,106551,2026-01-16,26.44,3
291,103551,2026-03-07,85.83,4
589,107021,2026-02-04,43.44,6
372,104418,2026-01-04,108.62,6
231,102846,2026-03-06,107.30,4
790,109405,2026-01-26,23.53,7
975,111391,2026-02-09,19.04,2
651,107792,2026-01-19,23.78,1
74,100941,2026-03-02,27.67,8
68,100854,2026-02-16,52.58,5
746,108947,2025-12-06,39.08,6
623,107447,2026-01-23,37.88,4
369,104396,2026-03-04,52.78,3
832,109833,2026-01-21,53.49,4
497,105915,2026-01-04,24.65,8
426,105101,2026-01-18,51.84,5
548,106584,2026-02-04,39.69,1
734,108799,2026-01-13,27.73,1
689,108289,2026-02-07,53.38,6
112,101398,2026-03-07,28.65,6
889,110501,2026-02-03,23.39,2
318,103846,2025-12-16,16.95,4
401,104779,2026-03-11,42.90,3
505,106027,2026-03-08,47.31,1
668,108017,2026-02-26,37.20,7
406,104846,2026-02-13,48.47,2
753,109023,2026-01-14,34.23,3
342,104077,2026-03-11,23.09,6
820,109711,2025-11-19,48.65,5
407,104862,2026-01-14,60.20,6
149,101838,2026-01-06,42.03,6
47,100610,2026-02-11,23.72,3
352,104194,2026-01-14,26.22,6
453,105374,2025-12-18,28.75,3
232,102862,2025-12-31,14.24,5
622,107431,2026-01-30,18.75,5
792,109420,2025-12-28,50.04,1
907,110691,2026-01-30,35.47,3
230,102834,2026-01-05,39.09,1
280,103395,2025-12-21,59.97,8
929,110898,2025-11-10,98.91,7
200,102502,2025-10-20,54.26,1
231,102853,2026-02-10,68.98,7
456,105410,2026-01-26,40.61,1
156,101921,2026-02-24,35.98,3
727,108732,2026-01-15,17.20,8
307,103743,2026-02-20,36.90,8
633,107567,2026-01-23,13.78,5
223,102757,2025-12-11,22.36,4
312,103786,2025-12-31,34.58,8
82,101035,2026-01-13,19.38,4
227,102815,2026-01-13,13.73,7
858,110094,2026-01-15,33.64,7
721,108678,2026-01-18,34.71,2
729,108754,2026-02-17,88.36,6
716,108576,2026-02-02,45.60,4
867,110219,2026-02-06,32.21,6
957,111189,2026-01-31,58.22,4
450,105348,2025-11-28,18.11,2
704,108416,2026-01-30,44.94,3
393,104677,2025-12-21,22.57,6
674,108069,2026-02-08,22.11,6
948,111113,2026-02-02,17.33,6
235,102905,2026-02-20,36.13,4
879,110363,2026-01-21,16.13,6
10,100120,2026-02-20,64.05,3
659,107904,2026-01-15,41.83,5
49,100649,2025-12-31,37.06,3
543,106518,2026-02-11,20.85,8
235,102902,2026-01-16,48.55,2
533,106409,2026-01-21,27.61,3
470,105592,2026-01-17,88.64,3
68,100853,2026-01-02,91.64,4
30,100429,2025-11-26,29.83,2
205,102541,2026-01-27,41.37,7
935,110986,2026-01-10,13.71,4
12,100165,2026-02-04,39.04,7
862,110144,2026-02-07,27.32,3
263,103196,2026-01-26,43.14,8
20,100294,2026-02-10,72.16,2
800,109480,2025-10-31,75.04,7
265,103239,2025-12-01,29.41,2
385,104597,2026-01-16,28.42,4
108,101356,2025-12-31,39.04,5
622,107429,2025-12-27,21.59,1
717,108610,2026-03-12,44.09,7
69,100884,2025-12-27,13.53,3
263,103211,2026-02-15,31.11,7
644,107718,2026-01-27,33.06,2
304,103704,2025-12-16,43.13,7
609,107251,2026-01-25,51.39,3
52,100688,2026-02-09,51.76,8
400,104767,2025-11-26,27.47,8
152,101864,2025-12-17,36.59,7
215,102687,2025-11-29,34.85,7
764,109129,2026-01-26,42.75,6
533,106412,2026-02-10,25.29,8
125,101523,2026-01-25,42.60,1
757,109050,2026-01-08,22.96,2
573,106861,2025-11-20,59.48,3
289,103514,2026-01-10,13.08,8
728,108740,2026-01-24,56.01,1
64,100813,2026-01-25,49.50,1
512,106131,2026-02-08,25.01,3
572,106856,2026-02-05,37.58,4
540,106483,2026-02-25,23.58,6
721,108700,2026-02-01,74.05,2
580,106925,2025-11-07,35.90,3
247,103014,2026-01-06,13.43,6
957,111176,2026-03-04,49.15,8
892,110528,2026-01-16,39.26,5
652,107826,2026-02-05,37.22,7
852,110024,2026-02-10,49.62,1
775,109247,2025-12-10,25.97,5
931,110944,2026-02-26,13.26,5
85,101054,2026-01-10,22.20,6
716,108577,2026-03-03,66.36,2
857,110079,2025-11-26,45.79,7
178,102228,2026-02-10,27.56,3
933,110956,2026-02-04,31.18,6
20,100290,2026-01-25,68.64,4
680,108134,2026-02-01,22.20,8
804,109535,2026-01-06,25.73,7
853,110053,2026-01-12,52.00,2
657,107866,2026-02-02,97.54,3
440,105294,2026-01-13,50.81,7
101,101268,2026-01-07,74.49,1
43,100544,2026-01-02,38.44,4
397,104737,2026-02-13,23.43,6
721,108674,2026-03-06,46.68,3
79,100989,2026-02-04,22.97,1
85,101066,2026-01-07,38.89,5
915,110779,2026-01-26,32.29,1
567,106813,2026-02-11,21.04,4
53,100707,2026-01-30,19.51,8
464,105528,2026-02-17,12.22,7
951,111133,2025-12-03,89.28,3
132,101627,2026-02-10,30.60,1
973,111372,2025-11-09,44.81,8
586,106984,2026-01-17,51.95,5
191,102399,2026-03-09,43.74,5
753,109016,2026-01-01,21.19,1
887,110459,2026-01-22,14.64,6
930,110911,2026-01-10,111.04,3
464,105520,2026-01-23,18.32,7
189,102370,2026-01-24,15.71,4
175,102160,2025-12-11,46.95,7
839,109915,2026-01-10,18.70,1
887,110471,2026-01-28,19.89,5
757,109048,2025-12-22,14.19,7
676,108102,2026-02-23,16.56,3
425,105095,2025-12-22,60.71,1
188,102352,2026-02-05,40.01,1
232,102861,2026-02-19,34.20,1
560,106724,2026-01-12,39.85,8
185,102313,2026-01-27,21.63,8
47,100621,2026-01-29,15.52,8
543,106508,2026-02-08,14.72,7
397,104747,2026-02-20,15.19,6
79,100977,2026-02-11,34.09,7
923,110846,2026-01-03,88.71,3
518,106227,2026-01-30,43.42,7
942,111052,2026-01-26,31.51,7
247,103005,2026-02-14,36.51,8
576,106886,2025-12-31,34.02,1
683,108194,2026-01-09,33.15,3
980,111451,2025-12-26,43.23,8
586,106985,2026-02-23,30.72,1
517,106187,2026-01-30,51.87,2
26,100353,2026-02-13,31.23,6
962,111232,2026-01-07,58.90,3
801,109500,2026-01-09,23.29,2
433,105203,2026-02-07,55.99,2
115,101419,2026-01-09,37.11,1
358,104262,2026-01-29,38.20,5
339,104032,2026-01-22,29.25,2
988,111535,2026-01-24,13.38,1
495,105890,2026-01-27,17.38,7
127,101545,2026-03-02,87.80,1
743,108916,2025-12-31,37.63,6
660,107931,2026-01-24,30.51,7
773,109231,2026-01-10,26.03,3
331,103949,2025-12-24,56.71,8
379,104523,2026-01-20,40.38,5
489,105794,2026-02-05,38.62,3
146,101808,2026-02-09,12.59,5
93,101180,2025-11-18,45.62,7
259,103178,2026-01-09,22.84,6
503,105987,2026-02-24,21.94,1
894,110559,2025-11-02,65.45,1
854,110070,2025-12-06,55.62,8
719,108660,2026-01-05,32.66,7
684,108205,2026-01-03,66.12,3
298,103639,2026-02-24,45.07,8
826,109782,2025-11-27,17.12,1
158,101954,2026-01-29,36.59,5
76,100956,2026-01-09,44.37,6
735,108811,2025-12-23,31.01,5
178,102215,2026-02-22,19.03,4
959,111207,2026-01-26,39.69,4
343,104089,2026-02-05,58.04,2
207,102581,2026-02-13,35.57,1
13,100186,2026-01-19,71.14,3
956,111162,2025-12-19,86.34,1
384,104581,2026-02-28,30.92,1
550,106600,2026-01-21,37.09,7
543,106522,2026-02-16,22.70,1
140,101727,2026-03-07,29.77,4
971,111322,2026-01-27,17.41,5
701,108391,2026-01-02,40.27,8
128,101571,2026-01-03,20.36,8
435,105225,2025-12-19,40.19,4
137,101669,2026-03-07,76.98,8
270,103272,2026-03-14,62.30,3
253,103104,2026-01-14,114.29,4
298,103631,2026-02-08,54.43,5
729,108750,2026-01-17,103.07,5
759,109087,2026-02-16,26.95,4
281,103398,2025-11-29,42.73,1
51,100676,2026-02-25,47.58,7
416,104955,2026-03-17,88.67,3
334,103987,2026-02-07,32.08,4
470,105596,2026-02-16,54.44,1
17,100243,2026-02-04,12.97,6
826,109780,2025-12-22,29.75,1
618,107376,2026-02-01,33.52,4
659,107925,2026-01-05,33.90,6
143,101759,2026-01-29,17.00,2
279,103382,2026-02-22,31.04,2
162,102023,2025-12-24,43.24,3
542,106502,2025-11-17,14.78,3
96,101240,2026-01-03,29.84,1
257,103136,2026-03-12,108.01,2
42,100521,2026-02-18,45.20,2
250,103060,2026-03-05,18.42,1
283,103429,2025-12-19,36.16,1
684,108215,2026-01-29,43.45,4
896,110587,2026-02-04,16.85,8
603,107195,2026-01-24,27.47,8
581,106926,2026-01-08,17.11,8
944,111077,2025-10-31,50.09,5
550,106625,2026-02-10,69.38,1
312,103767,2026-02-04,29.14,6
456,105413,2026-02-19,34.47,2
6,100075,2026-01-12,25.26,3
837,109889,2026-01-26,59.17,3
941,111045,2025-11-26,37.07,7
687,108268,2026-01-06,52.91,4
934,110974,2026-02-06,17.40,5
550,106608,2026-02-21,87.76,1
207,102573,2026-01-25,19.51,7
677,108109,2025-11-29,59.94,2
883,110440,2026-01-24,73.56,8
476,105679,2025-10-31,29.88,2
668,108012,2026-02-28,19.84,4
571,106834,2025-10-31,27.26,7
272,103298,2026-03-03,23.78,7
94,101195,2026-01-22,16.79,7
992,111618,2026-02-25,75.54,6
850,110004,2025-12-17,75.27,2
843,109947,2026-01-02,27.16,6
369,104399,2026-02-06,53.88,4
397,104744,2026-02-02,31.34,2
792,109424,2025-12-26,30.34,3
198,102475,2026-02-09,73.28,4
807,109562,2026-02-07,23.51,2
404,104821,2025-12-26,18.00,2
627,107501,2026-02-08,26.32,4
888,110489,2026-03-05,37.30,7
612,107313,2026-02-01,38.10,6
734,108806,2026-02-01,41.46,6
973,111368,2026-01-02,59.59,8
943,111065,2026-01-15,60.61,2
882,110397,2026-01-29,33.52,4
802,109514,2025-12-21,14.15,5
959,111208,2025-12-20,40.19,3
694,108335,2026-02-03,38.86,1
690,108301,2025-11-28,61.22,8
946,111102,2026-02-10,37.74,3
854,110067,2026-01-13,48.30,4
597,107118,2025-11-10,57.03,7
400,104775,2026-01-19,39.37,7
602,107193,2026-01-22,73.80,7
590,107038,2026-02-19,78.50,6
613,107327,2025-12-19,42.20,8
616,107354,2026-03-18,48.23,3
166,102055,2026-02-03,65.95,7
559,106709,2025-11-25,39.48,2
204,102534,2026-02-21,41.11,3
334,103996,2026-01-04,27.39,6
340,104055,2026-02-24,19.47,7
931,110936,2026-02-08,25.47,4
971,111327,2026-01-27,25.88,1
641,107699,2026-01-06,20.90,4
554,106664,2025-11-18,27.20,2
198,102482,2026-01-21,52.57,4
341,104068,2025-12-04,71.04,8
140,101726,2026-02-06,26.81,8
721,108676,2026-03-07,62.51,2
668,108008,2026-02-28,27.66,8
288,103472,2026-02-05,36.45,3
859,110131,2026-02-22,39.71,2
913,110758,2026-02-13,17.58,8
247,103021,2026-02-16,34.28,1
42,100535,2026-01-16,97.27,2
420,105028,2026-02-01,84.82,1
277,103368,2025-12-30,30.43,2
251,103083,2026-02-15,32.38,5
533,106411,2026-02-14,24.33,6
955,111157,2026-01-25,52.02,7
93,101177,2025-11-01,41.88,3
643,107714,2025-12-23,52.59,1
206,102562,2026-03-14,25.10,3
601,107187,2026-03-15,80.36,5
14,100217,2026-01-15,12.46,7
228,102817,2026-01-07,25.89,8
717,108612,2026-03-21,46.08,7
897,110605,2026-02-16,36.89,1
377,104488,2026-02-09,34.86,4
699,108365,2026-02-06,35.94,1
81,101012,2026-01-03,50.32,6
887,110464,2026-02-27,22.97,1
685,108247,2026-02-01,88.86,2
739,108867,2026-02-10,14.54,3
548,106586,2026-01-10,22.28,3
505,106026,2026-03-14,49.60,3
9,100109,2026-01-03,25.42,4
467,105559,2026-02-22,15.80,1
657,107885,2026-02-13,55.22,5
185,102317,2026-02-02,26.77,4
498,105932,2026-03-05,39.57,4
874,110297,2026-01-31,51.83,5
176,102172,2026-02-23,20.20,4
376,104476,2026-01-20,71.46,2
483,105761,2026-02-04,24.96,2
795,109432,2026-01-04,50.56,5
11,100146,2025-12-26,23.29,3
94,101187,2026-02-02,42.37,1
473,105648,2025-12-23,34.35,6
496,105900,2026-01-02,54.03,6
994,111664,2026-02-15,28.25,2
352,104192,2025-12-23,18.91,1
728,108739,2026-03-14,40.12,6
281,103405,2025-12-14,44.30,7
118,101447,2025-12-28,28.83,4
200,102498,2025-12-22,48.29,4
592,107050,2026-01-23,26.41,6
188,102350,2026-02-26,49.37,6
265,103236,2025-11-26,45.46,1
764,109126,2026-01-21,33.30,7
928,110894,2026-01-24,25.03,5
527,106315,2025-11-11,39.99,4
470,105595,2026-02-26,62.30,2
487,105788,2026-01-25,36.35,2
934,110976,2026-01-24,32.84,1
205,102539,2025-12-28,35.81,7
387,104628,2026-03-08,27.80,7
257,103134,2026-01-28,71.30,4
484,105773,2025-12-21,66.39,5
975,111382,2026-02-28,20.15,4
163,102032,2026-02-02,28.69,6
598,107133,2026-01-04,36.53,1
225,102792,2026-01-17,80.09,4
4,100056,2026-02-20,27.71,1
374,104428,2025-12-21,69.66,2
360,104285,2026-01-20,16.76,8
599,107153,2026-02-18,97.11,8
426,105096,2026-01-11,56.24,1
969,111313,2025-12-21,45.71,6
928,110893,2026-02-01,17.52,2
386,104610,2026-01-09,35.94,3
662,107961,2026-02-04,43.10,2
3,100040,2026-02-21,23.61,6
570,106831,2025-10-24,63.93,1
651,107787,2026-01-20,18.61,3
231,102845,2026-03-10,61.08,1
428,105120,2026-03-04,65.51,7
942,111062,2026-01-12,22.20,7
446,105330,2026-01-12,21.48,3
534,106426,2026-02-16,36.28,5
822,109736,2026-03-11,19.39,1
339,104040,2025-12-05,23.24,7
609,107279,2026-02-09,73.26,6
258,103152,2026-01-02,26.49,7
749,108972,2026-01-15,42.13,8
253,103103,2026-02-13,59.88,2
836,109879,2026-01-03,19.63,1
24,100343,2026-02-14,47.91,2
178,102213,2026-01-07,32.02,4
589,107022,2026-03-16,34.57,3
660,107948,2026-01-27,23.84,6
967,111293,2026-02-28,81.40,3
822,109748,2026-03-12,16.17,8
349,104167,2026-01-07,31.96,1
56,100730,2026-01-07,27.71,7
764,109138,2026-01-11,53.62,3
634,107585,2026-02-10,39.08,6
294,103592,2026-02-09,35.03,3
153,101877,2026-02-23,31.96,1
788,109394,2026-03-01,14.95,1
918,110812,2026-01-17,33.67,4
114,101415,2026-02-01,21.90,8
354,104210,2026-02-13,29.39,5
506,106048,2026-02-07,86.03,8
393,104683,2026-01-04,45.36,8
824,109766,2026-01-04,27.88,8
564,106785,2026-02-10,25.18,8
829,109824,2026-01-20,13.84,2
188,102351,2026-02-14,44.26,4
879,110369,2026-01-14,24.84,6
683,108196,2026-01-12,21.30,7
918,110807,2025-12-22,20.69,1
474,105653,2026-01-08,31.56,3
389,104652,2025-12-16,20.74,3
359,104281,2026-02-03,23.15,3
591,107048,2025-11-24,17.43,8
248,103037,2026-02-25,26.41,6
507,106062,2026-02-05,19.44,7
140,101717,2026-02-02,22.80,1
361,104301,2025-12-14,51.26,7
365,104341,2026-02-10,26.78,1
46,100605,2026-03-16,53.47,4
461,105456,2026-01-17,90.91,2
571,106839,2025-11-28,51.03,1
117,101435,2026-01-30,17.57,8
614,107337,2025-12-19,45.27,3
990,111567,2026-02-10,34.39,6
365,104343,2026-01-19,12.83,2
108,101352,2026-02-12,34.02,5
522,106270,2026-01-31,46.65,2
229,102827,2026-02-24,38.59,8
382,104551,2026-01-28,40.98,2
46,100604,2026-02-13,50.62,2
583,106952,2025-11-14,104.87,5
126,101541,2026-02-24,37.99,8
679,108128,2026-02-09,43.65,7
464,105519,2026-03-14,14.55,8
120,101468,2025-12-30,37.98,2
297,103613,2026-02-26,16.70,8
906,110683,2025-12-12,25.99,8
313,103794,2026-01-04,19.67,4
637,107639,2026-02-10,31.54,7
159,101962,2026-01-17,21.69,3
620,107395,2026-02-07,29.96,3
859,110108,2026-02-25,47.19,3
688,108284,2026-02-04,23.83,8
898,110610,2026-01-20,53.81,7
774,109242,2025-12-14,31.21,1
877,110337,2026-01-17,41.11,2
79,100982,2025-12-29,44.25,7
760,109100,2026-01-27,26.46,8
945,111087,2026-02-17,54.68,1
501,105962,2026-02-23,22.27,8
385,104590,2026-03-04,30.37,8
666,108001,2026-02-13,59.35,8
423,105064,2026-02-22,24.24,5
808,109575,2026-02-18,32.60,7
887,110468,2026-01-03,27.37,8
682,108163,2026-01-10,30.35,7
490,105811,2026-01-14,38.61,2
808,109569,2025-12-24,27.29,3
211,102651,2026-02-12,21.22,8
229,102822,2026-02-19,53.18,7
958,111202,2026-02-20,46.47,5
621,107413,2026-01-21,42.18,4
684,108202,2026-03-04,49.85,3
821,109724,2025-12-25,52.70,1
549,106594,2025-12-08,59.26,2
606,107232,2026-01-08,31.10,5
167,102085,2026-02-24,26.54,1
144,101770,2025-11-26,24.26,6
579,106910,2026-01-23,18.16,6
294,103589,2026-01-20,17.87,5
481,105721,2025-12-30,27.87,2
205,102537,2026-01-06,49.41,4
149,101831,2026-03-05,33.63,8
313,103796,2026-01-07,51.33,7
603,107196,2025-11-23,18.51,3
507,106058,2026-02-02,20.74,3
203,102515,2025-12-10,54.10,5
525,106309,2026-01-02,23.51,1
557,106699,2026-01-30,15.72,5
359,104279,2026-03-17,48.90,3
447,105334,2025-12-16,78.98,5
345,104136,2026-01-24,14.53,5
519,106243,2026-01-21,40.63,7
135,101658,2026-03-06,53.17,8
70,100896,2026-01-22,42.25,2
986,111531,2026-01-14,89.23,5
129,101572,2025-11-17,30.35,5
751,109004,2026-01-26,35.71,7
241,102960,2026-01-24,34.32,2
145,101780,2025-12-31,30.35,7
836,109876,2026-01-07,21.80,4
518,106222,2026-02-02,77.13,1
403,104818,2025-12-29,27.61,3
745,108939,2026-01-09,38.14,3
966,111277,2026-01-13,16.45,5
311,103766,2026-02-08,22.30,1
20,100292,2026-01-25,57.99,8
298,103652,2026-03-18,56.19,4
137,101682,2026-01-18,77.70,6
769,109191,2026-01-18,20.16,3
728,108738,2026-02-23,27.13,1
553,106657,2026-01-31,49.21,3
543,106521,2026-02-05,16.56,6
155,101896,2026-01-10,28.33,2
684,108210,2026-02-18,55.79,6
816,109667,2026-01-25,29.67,6
15,100228,2025-12-11,29.11,6
997,111694,2026-02-27,17.98,7
95,101205,2026-02-26,39.94,2
285,103454,2025-12-09,38.39,5
614,107338,2025-12-31,20.54,5
991,111594,2026-01-21,15.00,5
801,109496,2026-03-16,28.74,1
775,109251,2026-02-08,13.88,1
67,100835,2026-03-09,24.75,5
601,107169,2026-03-17,76.73,2
146,101794,2026-01-30,12.40,1
514,106169,2026-03-07,53.83,1
793,109427,2025-12-20,28.90,5
12,100168,2026-02-09,20.87,4
415,104942,2026-01-11,33.77,8
140,101712,2026-02-02,31.66,5
431,105181,2026-01-24,24.10,2
219,102716,2026-02-28,31.25,3
879,110355,2026-01-05,26.23,4
679,108124,2026-01-13,25.01,6
571,106835,2026-01-09,33.43,5
743,108909,2026-01-10,37.74,3
752,109014,2026-01-12,35.62,5
376,104477,2026-01-25,63.98,6
20,100298,2026-01-04,43.74,6
750,108992,2025-12-25,12.69,6
818,109695,2026-02-05,96.53,8
288,103469,2026-01-10,42.96,7
493,105849,2026-01-13,44.37,3
358,104258,2026-02-23,30.09,2
44,100572,2026-01-19,28.94,8
50,100666,2026-01-12,22.05,4
45,100578,2026-01-27,86.90,1
844,109953,2025-11-17,28.49,7
935,110997,2026-01-01,18.50,7
340,104060,2026-01-02,29.00,6
548,106577,2026-02-25,41.63,1
554,106668,2025-12-14,27.94,4
877,110333,2026-02-21,44.66,4
852,110037,2026-01-07,32.38,8
883,110422,2026-03-07,53.60,5
896,110599,2026-02-23,32.12,7
376,104459,2026-01-13,71.30,2
359,104271,2026-01-24,22.24,5
247,103015,2026-01-04,28.44,4
931,110943,2026-01-27,32.03,3
892,110533,2026-02-02,36.63,8
407,104863,2026-01-04,107.00,4
85,101059,2026-02-08,20.18,3
482,105726,2026-01-17,84.10,4
319,103862,2026-02-11,28.63,6
981,111461,2026-03-09,46.46,4
985,111523,2025-12-21,42.11,7
48,100629,2026-02-23,37.97,4
660,107939,2026-02-05,24.91,5
131,101594,2026-02-11,27.96,1
697,108356,2026-02-13,30.04,3
975,111390,2025-12-24,14.24,6
500,105945,2026-01-06,51.51,5
417,104988,2026-01-29,21.04,4
218,102700,2026-01-04,82.26,4
184,102296,2026-02-16,53.42,7
664,107983,2026-02-12,17.47,5
402,104799,2025-12-15,24.08,1
550,106611,2026-01-07,75.46,2
292,103565,2025-11-22,30.57,7
772,109215,2026-01-08,37.51,6
286,103460,2026-01-09,29.37,3
537,106452,2026-01-29,35.47,8
910,110739,2026-01-26,36.82,4
302,103691,2025-12-17,37.89,1
50,100668,2026-01-18,24.92,2
689,108294,2026-01-27,31.68,6
902,110642,2026-03-06,20.14,2
480,105707,2025-12-23,62.40,6
901,110636,2025-12-28,19.61,2
601,107162,2026-02-01,83.36,5
460,105441,2026-01-17,28.37,3
332,103965,2026-01-26,16.82,7
867,110221,2026-03-01,30.46,8
421,105043,2026-01-13,27.39,7
842,109945,2025-12-26,37.73,4
962,111233,2026-01-04,31.97,7
524,106299,2026-01-14,26.64,2
904,110663,2025-12-16,73.07,4
47,100609,2026-03-02,24.52,7
866,110207,2025-12-09,57.93,7
784,109351,2025-12-22,31.16,2
553,106655,2026-01-08,22.66,6
27,100379,2026-02-22,52.69,8
652,107825,2026-02-22,44.71,8
870,110260,2026-01-19,32.62,5
171,102132,2025-12-11,25.56,4
181,102258,2025-11-11,39.01,8
812,109621,2025-12-25,38.91,1
758,109073,2025-12-24,33.45,5
889,110498,2026-01-28,39.12,8
43,100556,2026-02-19,31.24,3
414,104930,2026-03-07,19.00,5
756,109044,2025-12-29,88.07,2
463,105501,2026-01-28,34.38,8
427,105110,2026-01-03,35.64,2
51,100679,2026-02-03,39.16,5
52,100690,2026-01-28,46.73,3
57,100738,2026-03-04,34.35,7
492,105838,2026-02-25,26.64,3
909,110722,2026-02-12,76.23,3
926,110872,2026-02-22,22.46,2
605,107217,2026-02-13,33.99,7
379,104514,2026-02-14,18.88,5
19,100273,2025-12-16,39.23,8
391,104662,2025-12-28,11.43,7
898,110616,2026-02-20,39.30,5
312,103785,2026-01-03,22.87,8
120,101464,2026-02-02,29.39,8
599,107156,2026-01-09,94.59,2
521,106266,2026-02-10,39.91,5
875,110317,2025-10-31,11.78,5
504,106009,2025-12-05,68.49,6
882,110408,2026-03-07,26.13,5
472,105625,2026-01-09,29.56,4
114,101409,2026-02-25,34.09,7
153,101878,2026-02-02,41.28,8
589,107015,2026-02-28,40.11,4
158,101948,2026-01-20,27.83,5
935,110996,2025-12-27,35.99,8
716,108569,2026-03-02,43.81,8
15,100226,2025-12-12,33.48,5
518,106210,2026-03-08,66.99,8
553,106654,2026-01-11,49.93,3
156,101916,2026-01-15,45.33,5
984,111511,2025-12-28,27.42,7
801,109501,2026-01-10,14.55,2
416,104964,2026-02-13,90.13,3
638,107650,2026-01-29,76.50,1
78,100972,2025-12-16,40.23,7
507,106060,2026-02-11,28.40,1
113,101404,2025-12-24,32.71,3
394,104691,2026-01-10,54.30,3
19,100269,2026-01-05,45.89,3
153,101871,2026-02-13,32.72,5
396,104721,2026-01-20,31.46,6
201,102506,2025-11-25,37.94,1
25,100349,2026-01-22,21.12,7
718,108625,2026-02-07,20.57,2
59,100762,2026-02-17,42.86,7
195,102441,2026-01-10,61.24,6
874,110311,2026-01-30,80.12,1
646,107744,2026-01-11,34.45,5
495,105895,2026-01-23,15.53,7
401,104784,2026-03-08,23.06,5
686,108256,2026-01-18,18.39,7
996,111685,2026-03-14,66.35,6
471,105614,2026-02-07,38.69,8
286,103461,2025-12-27,33.01,1
198,102479,2026-01-22,31.10,4
614,107333,2026-02-16,22.87,4
720,108661,2026-01-22,44.13,2
446,105331,2025-11-23,30.59,5
983,111497,2026-01-23,29.28,2
739,108857,2026-02-10,15.85,6
874,110293,2026-02-13,41.87,7
29,100423,2025-11-16,86.51,2
85,101060,2026-01-04,40.80,3
750,108981,2026-01-13,13.48,4
685,108228,2026-01-25,95.21,8
856,110074,2025-12-08,25.13,2
904,110666,2025-11-27,49.18,8
727,108736,2025-11-27,40.89,2
454,105378,2026-01-19,54.13,2
238,102931,2026-03-05,20.07,5
49,100641,2026-01-22,30.18,6
402,104812,2026-02-01,14.08,4
13,100196,2026-03-09,44.38,5
489,105797,2026-01-14,42.97,3
173,102144,2025-12-21,42.37,1
917,110797,2026-02-25,43.68,1
657,107888,2026-02-09,53.96,2
607,107241,2026-01-24,37.24,1
933,110963,2026-01-26,40.51,4
991,111582,2026-03-14,22.22,7
434,105218,2025-11-26,35.09,2
4,100050,2026-02-19,25.21,1
135,101647,2026-02-05,113.40,3
399,104762,2026-02-15,37.73,1
451,105360,2025-12-10,23.82,1
334,103990,2026-03-15,39.36,1
616,107355,2026-01-10,36.84,8
492,105829,2026-02-18,26.76,5
774,109243,2025-12-23,21.04,5
482,105733,2026-01-27,82.05,6
509,106085,2026-01-26,38.34,2
657,107877,2026-01-15,72.96,7
650,107780,2025-12-30,25.82,4
544,106539,2026-02-03,109.48,7
58,100753,2025-12-05,58.85,7
564,106780,2026-02-09,50.34,5
931,110924,2026-02-16,24.26,6
1000,111729,2025-12-19,29.99,6
585,106973,2025-11-12,13.61,5
538,106467,2026-01-15,15.97,2
730,108778,2025-11-29,64.44,6
269,103260,2026-01-10,40.04,6
211,102653,2026-02-10,14.65,2
609,107259,2026-03-18,38.71,1
581,106937,2026-03-02,25.00,5
162,102026,2025-12-17,50.34,4
705,108453,2026-02-11,23.18,4
584,106965,2026-02-24,109.51,3
276,103346,2026-01-07,20.37,8
684,108223,2026-01-06,48.78,4
958,111198,2026-02-12,24.90,8
359,104274,2026-02-01,20.22,1
768,109164,2026-02-07,34.81,7
557,106685,2026-01-30,16.24,8
43,100547,2026-01-18,36.44,3
290,103535,2026-02-20,24.19,3
721,108695,2026-02-05,36.95,7
509,106095,2026-02-08,73.43,3
720,108671,2026-02-05,48.39,8
45,100580,2026-03-16,119.10,7
776,109280,2026-01-29,57.46,7
257,103150,2026-01-27,68.42,2
586,106982,2026-01-23,32.92,3
3,100042,2026-01-11,37.37,1
332,103955,2026-02-05,19.87,6
656,107856,2026-01-07,44.70,5
137,101695,2026-03-16,37.08,1
648,107752,2026-01-04,85.26,4
298,103649,2026-03-11,47.93,4
112,101384,2026-02-21,26.00,8
424,105082,2025-12-14,32.42,5
226,102796,2026-01-08,35.85,2
789,109397,2025-12-07,55.05,2
397,104732,2026-03-03,32.90,6
149,101830,2026-01-14,22.00,8
206,102550,2026-03-12,23.72,5
763,109122,2025-11-29,63.80,4
781,109326,2026-01-15,88.80,1
617,107370,2026-01-09,39.09,5
299,103677,2026-02-23,97.70,6
461,105466,2026-02-22,103.05,3
712,108532,2026-01-26,16.35,8
659,107922,2026-02-05,55.22,6
246,103001,2026-01-05,67.28,7
35,100461,2025-12-27,21.15,3
618,107372,2026-03-09,39.57,6
757,109057,2025-12-19,22.53,4
332,103971,2026-02-02,34.05,5
749,108971,2026-02-08,33.60,8
529,106360,2026-01-12,74.82,3
433,105204,2026-02-18,33.96,7
142,101750,2025-12-21,24.10,7
729,108762,2026-02-17,73.98,8
169,102106,2026-02-06,53.28,3
85,101063,2026-01-14,18.72,3
243,102977,2025-12-24,40.84,1
616,107348,2026-03-06,18.91,3
567,106807,2026-02-05,42.54,7
841,109929,2026-02-08,17.87,7
978,111429,2025-12-17,18.77,6
57,100745,2026-02-16,20.89,8
253,103112,2026-02-04,90.76,5
107,101345,2025-12-31,14.87,6
481,105722,2025-12-25,47.10,7
28,100394,2026-02-11,82.79,2
622,107430,2026-01-06,24.38,4
43,100545,2026-02-19,23.26,7
509,106078,2026-03-02,67.68,6
862,110146,2026-03-04,28.76,3
291,103555,2026-03-06,68.73,5
714,108546,2026-02-12,15.90,2
601,107167,2026-01-27,59.63,5
186,102326,2026-01-26,16.17,2
652,107819,2026-03-22,72.70,4
871,110268,2026-01-18,69.42,8
860,110135,2026-01-03,40.12,2
466,105550,2025-12-25,25.56,8
534,106421,2026-02-20,30.68,5
263,103208,2026-02-09,42.51,5
502,105974,2026-03-02,74.04,2
3,100037,2026-02-28,40.79,5
994,111663,2026-02-20,21.74,8
271,103285,2025-11-30,50.52,2
431,105168,2026-02-19,22.18,6
455,105396,2026-01-29,25.59,1
676,108108,2026-01-31,37.12,8
9,100118,2026-01-08,31.02,2
417,104984,2026-02-04,29.12,6
684,108206,2026-01-30,79.11,5
936,110998,2025-11-09,21.32,6
689,108291,2026-01-02,27.89,1
44,100562,2026-01-08,43.44,7
935,110988,2026-02-21,25.12,6
630,107543,2025-11-26,36.51,8
758,109062,2025-12-24,43.03,7
816,109672,2026-02-18,25.90,8
122,101484,2026-01-03,30.88,3
758,109071,2026-02-02,44.49,1
431,105173,2026-01-20,19.90,6
884,110445,2025-12-04,107.30,8
383,104555,2026-01-12,31.65,5
990,111575,2025-12-28,18.78,7
609,107247,2026-02-23,71.43,2
753,109030,2026-01-23,13.27,3
808,109570,2026-01-16,13.63,3
275,103331,2026-01-19,48.84,4
990,111570,2025-12-30,37.40,5
608,107243,2025-12-10,68.71,4
628,107518,2025-12-24,15.43,1
89,101109,2026-01-24,58.27,2
160,101984,2026-01-02,44.71,8
683,108190,2026-01-21,31.88,1
584,106970,2026-01-19,86.62,1
483,105755,2026-01-22,32.94,8
102,101285,2025-11-20,63.55,3
935,110989,2026-01-22,19.53,5
417,104986,2026-01-27,16.23,1
865,110177,2026-02-21,71.43,4
460,105449,2025-12-26,36.78,3
17,100258,2026-01-15,35.60,5
325,103893,2026-02-23,64.98,1
528,106322,2025-12-25,25.26,6
397,104746,2026-02-27,39.27,8
475,105663,2026-02-12,32.13,2
208,102595,2026-01-20,59.90,6
706,108468,2026-03-05,36.22,5
616,107351,2026-03-04,29.59,5
193,102421,2026-02-21,59.10,6
492,105828,2026-02-19,41.66,8
551,106632,2025-12-31,24.00,1
192,102418,2026-01-04,30.34,5
967,111301,2026-03-13,79.62,2
245,102982,2026-01-01,31.92,6
313,103790,2025-12-28,37.44,7
852,110030,2026-02-28,57.55,1
606,107233,2026-01-16,17.81,1
20,100283,2026-03-13,49.68,4
107,101339,2026-01-01,31.30,6
963,111244,2025-12-20,37.36,1
32,100446,2025-12-14,70.66,8
848,109991,2025-12-29,35.67,6
207,102574,2026-01-09,28.41,7
545,106550,2026-01-12,16.12,6
832,109841,2026-02-18,29.87,8
185,102302,2026-03-14,12.75,1
609,107270,2026-02-07,30.41,8
59,100760,2026-01-07,29.75,3
923,110843,2025-12-11,68.17,3
501,105961,2026-03-03,32.94,5
382,104546,2026-02-27,49.91,1
401,104790,2026-03-20,18.52,3
892,110529,2026-02-22,23.36,8
963,111242,2025-11-14,28.09,4
71,100906,2026-01-14,25.92,1
13,100183,2026-02-01,56.88,2
462,105489,2026-01-31,14.66,5
448,105340,2026-01-28,81.14,3
685,108246,2026-03-15,53.77,3
682,108169,2026-02-22,36.00,8
782,109329,2026-01-07,31.29,4
914,110770,2025-11-11,42.71,3
992,111628,2026-01-28,56.50,4
782,109327,2026-01-31,24.69,1
32,100447,2025-12-27,86.52,3
561,106749,2026-01-24,20.50,5
525,106305,2026-01-14,25.73,1
601,107166,2026-03-02,82.33,6
340,104052,2026-02-25,23.45,6
705,108446,2026-02-21,34.00,1
889,110506,2026-02-08,25.52,4
802,109520,2026-01-22,21.02,6
295,103597,2025-12-26,28.23,3
624,107466,2026-02-28,25.61,1
639,107682,2025-12-11,23.03,4
813,109634,2026-02-07,23.75,7
60,100777,2026-01-01,20.91,6
340,104056,2026-02-20,14.13,5
584,106962,2026-03-13,60.47,6
636,107620,2026-02-01,25.05,2
253,103119,2026-01-18,95.08,4
652,107801,2026-02-17,32.65,5
191,102397,2026-03-01,45.92,4
756,109045,2025-12-21,32.11,3
905,110677,2026-02-20,27.70,5
687,108262,2026-01-15,18.91,6
643,107712,2026-01-24,36.72,5
879,110370,2025-12-27,12.64,4
446,105329,2026-01-11,52.39,8
874,110309,2026-03-02,86.94,5
668,108009,2026-03-10,31.67,3
769,109178,2026-02-16,30.01,7
669,108030,2025-12-07,25.43,4
717,108608,2026-02-20,65.95,4
1,100002,2026-02-03,44.91,4
550,106609,2026-03-08,65.63,6
822,109739,2026-02-16,16.72,5
159,101967,2025-12-28,29.06,5
249,103046,2026-01-16,24.86,6
686,108254,2026-01-18,34.94,6
206,102563,2026-01-24,23.42,3
540,106488,2026-01-24,28.15,5
784,109345,2026-01-11,23.93,3
23,100330,2025-12-24,31.49,7
740,108876,2026-02-04,36.09,7
935,110987,2026-02-03,37.14,4
809,109590,2026-01-13,28.19,6
428,105141,2026-02-19,42.07,7
646,107739,2025-12-15,33.99,4
852,110036,2026-01-11,63.61,3
505,106037,2026-02-21,60.43,8
260,103191,2025-12-06,21.02,7
509,106093,2026-02-06,49.50,5
273,103313,2026-01-09,23.51,5
324,103879,2026-01-27,32.14,7
463,105509,2026-01-10,32.87,4
553,106659,2026-02-27,20.99,8
71,100907,2026-01-16,32.59,1
340,104047,2026-02-28,22.18,3
317,103839,2026-01-14,38.33,7
848,109996,2026-02-10,21.79,6
251,103088,2026-01-12,15.98,7
177,102208,2026-01-09,57.58,1
137,101690,2026-01-15,45.73,5
640,107690,2026-01-09,34.55,3
915,110776,2026-01-24,28.70,2
166,102060,2026-01-25,51.68,2
557,106697,2026-02-06,23.08,6
399,104759,2026-02-27,38.29,3
248,103030,2026-02-12,19.66,6
416,104963,2026-01-13,119.61,5
382,104543,2026-01-02,48.69,7
299,103672,2026-02-06,84.30,1
785,109366,2026-01-03,36.79,1
89,101101,2026-02-07,46.08,7
778,109295,2025-11-07,36.56,7
439,105285,2025-12-23,20.70,4
42,100532,2026-01-30,96.04,3
390,104660,2025-12-16,21.54,5
502,105970,2026-01-31,59.41,3
753,109020,2026-02-04,15.28,7
438,105278,2025-11-05,37.25,7
518,106223,2026-02-18,72.91,5
312,103771,2026-01-28,30.05,1
601,107179,2026-02-23,67.39,2
150,101857,2026-01-19,27.12,7
482,105746,2026-02-11,74.04,3
395,104697,2026-01-06,109.62,3
436,105238,2026-01-25,37.34,7
14,100202,2026-03-16,23.76,5
815,109654,2026-01-27,48.38,2
441,105304,2026-01-17,25.03,1
79,100979,2026-01-07,46.72,1
35,100467,2025-12-30,15.16,7
887,110474,2026-01-16,14.95,3
50,100664,2026-02-20,29.10,3
822,109743,2026-02-15,32.16,3
250,103071,2026-02-26,41.05,6
167,102079,2026-03-07,29.99,1
297,103620,2026-01-12,30.00,7
735,108813,2026-01-06,58.89,6
933,110958,2026-02-15,42.45,5
819,109710,2025-12-12,39.60,8
674,108074,2026-01-14,30.44,7
511,106117,2026-01-16,56.68,3
460,105442,2025-12-26,42.52,3
640,107686,2026-03-03,32.16,2
709,108506,2026-01-25,30.58,1
773,109221,2025-12-29,37.83,4
750,108984,2026-01-02,19.98,2
107,101334,2026-01-29,30.47,6
864,110172,2026-01-19,28.89,3
94,101192,2026-02-18,33.45,4
523,106284,2025-12-29,22.67,2
506,106049,2026-02-27,53.29,6
610,107281,2025-12-26,30.93,7
623,107457,2026-02-25,51.51,8
705,108442,2026-02-08,37.28,6
377,104492,2026-01-25,22.07,3
692,108317,2026-01-28,36.16,4
298,103642,2026-02-08,33.03,4
186,102321,2026-02-02,27.54,1
992,111626,2026-01-30,60.46,5
208,102586,2026-02-21,40.14,3
889,110490,2026-02-09,38.90,5
601,107186,2026-03-15,38.54,2
325,103884,2026-01-31,68.34,5
382,104550,2026-01-01,37.89,8
659,107920,2026-02-11,49.99,2
652,107811,2026-03-01,68.52,3
652,107823,2026-02-18,52.10,4
343,104112,2026-02-14,34.73,7
655,107847,2025-11-07,61.96,2
466,105554,2026-02-11,15.59,3
241,102967,2026-01-09,34.63,7
436,105246,2026-02-21,49.76,5
775,109249,2026-01-02,21.29,6
334,103984,2026-03-12,14.14,7
598,107130,2025-12-31,19.25,3
85,101058,2026-02-03,32.98,7
531,106395,2026-02-27,24.75,4
833,109846,2025-11-24,79.93,7
364,104325,2026-02-09,32.29,3
361,104300,2026-01-08,41.25,8
347,104148,2026-01-28,24.73,8
729,108770,2026-03-01,104.85,7
852,110029,2026-01-25,68.17,2
879,110351,2026-02-04,12.56,1
150,101856,2026-01-03,19.44,8
337,104010,2026-02-09,28.19,6
156,101909,2025-12-28,28.70,4
621,107417,2026-03-03,27.30,8
499,105935,2025-12-26,32.60,1
909,110725,2026-01-17,82.16,3
475,105675,2026-02-26,22.72,4
953,111141,2025-12-06,12.30,4
957,111191,2026-02-04,48.02,5
823,109759,2026-03-01,39.43,6
689,108290,2026-02-26,45.70,5
412,104907,2026-01-03,47.47,5
618,107380,2026-01-15,44.69,8
716,108585,2026-01-31,66.78,7
482,105736,2026-03-06,65.41,8
997,111696,2026-01-16,30.79,4
720,108663,2026-01-09,46.15,2
895,110577,2026-03-05,32.62,4
606,107229,2025-12-11,31.85,8
853,110060,2026-03-08,55.05,3
277,103359,2026-02-07,33.34,7
502,105978,2026-02-25,48.88,1
599,107141,2026-03-03,61.74,2
530,106372,2025-12-31,19.77,7
313,103799,2026-01-22,52.99,3
660,107942,2026-02-06,35.37,2
410,104884,2026-02-21,31.55,3
602,107194,2025-12-16,35.29,6
125,101526,2026-02-22,83.28,6
763,109121,2025-12-11,57.73,4
841,109937,2026-01-31,14.57,2
153,101882,2026-02-07,22.68,4
802,109513,2026-01-29,29.38,1
432,105196,2026-01-04,30.01,3
727,108727,2025-11-24,29.05,4
787,109374,2025-12-09,16.57,2
18,100264,2026-03-02,54.92,3
517,106188,2025-12-29,52.53,3
560,106713,2026-02-25,35.33,4
322,103871,2026-02-10,27.08,6
619,107388,2025-12-02,37.70,2
664,107976,2026-02-14,17.60,6
813,109626,2026-02-09,18.80,3
491,105823,2026-01-11,31.10,2
372,104419,2025-11-10,100.71,6
97,101246,2025-11-25,26.27,4
823,109752,2026-01-02,29.07,8
214,102685,2026-01-18,53.72,2
588,106998,2026-02-12,51.56,1
774,109236,2025-12-09,16.96,2
890,110512,2026-02-15,37.17,3
654,107835,2026-02-15,18.72,7
868,110229,2026-03-08,53.32,4
30,100433,2025-12-09,16.53,2
570,106828,2025-11-06,88.75,1
173,102140,2026-02-13,17.14,1
649,107754,2026-01-29,40.52,1
345,104137,2026-02-15,38.38,8
5,100064,2025-11-23,47.81,7
881,110378,2026-02-04,33.30,5
436,105235,2026-03-05,55.61,8
11,100143,2026-02-01,34.65,6
398,104748,2026-02-12,21.98,6
832,109836,2026-02-15,39.44,6
155,101890,2026-02-02,18.46,7
217,102697,2026-02-04,63.84,7
998,111717,2026-01-15,39.61,2
66,100824,2026-01-04,54.81,8
428,105132,2026-01-15,47.17,2
396,104724,2026-01-26,48.30,5
337,104013,2026-02-10,25.64,7
682,108172,2025-12-21,20.32,2
887,110467,2026-03-01,22.47,7
751,109002,2025-12-23,46.24,6
279,103388,2026-02-05,54.65,1
398,104755,2026-01-17,48.71,8
660,107945,2026-01-11,13.31,8
294,103582,2025-12-20,26.09,3
242,102971,2026-01-14,83.83,6
2,100009,2026-03-11,64.36,3
474,105652,2026-01-31,28.73,8
95,101217,2026-01-19,64.49,8
858,110095,2026-02-18,40.65,5
153,101876,2026-02-10,33.35,1
684,108225,2026-03-01,41.68,8
225,102790,2026-01-16,47.19,6
592,107052,2026-01-13,20.56,2
972,111345,2026-02-12,84.99,2
206,102560,2026-02-02,13.10,6
193,102424,2025-12-30,41.76,5
797,109457,2026-02-14,26.15,8
656,107857,2026-02-15,27.09,4
268,103255,2026-01-22,25.40,4
307,103750,2026-02-15,16.50,1
557,106692,2026-03-16,15.78,6
790,109406,2026-02-03,36.55,5
380,104531,2025-12-01,73.49,6
609,107253,2026-02-24,71.21,7
609,107278,2026-01-21,30.89,2
996,111686,2026-02-23,79.01,6
317,103834,2026-02-19,24.50,1
295,103593,2025-11-25,51.45,7
332,103969,2026-02-28,26.58,1
457,105415,2025-12-12,33.11,8
530,106368,2026-02-04,20.10,6
406,104845,2026-02-19,32.01,6
881,110388,2026-02-22,19.42,5
524,106294,2025-11-16,54.37,7
996,111691,2026-03-13,99.59,3
515,106176,2025-11-08,62.00,7
587,106993,2026-01-11,29.27,2
750,108980,2026-02-01,21.38,1
723,108707,2025-11-16,61.90,6
612,107317,2025-12-29,40.28,6
288,103476,2026-02-10,46.62,5
813,109639,2025-12-29,16.50,4
104,101301,2026-02-05,22.92,3
598,107132,2026-03-02,46.76,5
683,108185,2026-02-18,34.49,5
348,104156,2026-01-07,20.28,3
358,104260,2026-03-11,23.51,6
672,108059,2025-12-24,19.72,4
822,109741,2026-02-08,28.37,7
663,107971,2026-01-01,39.78,2
576,106889,2026-01-01,50.54,3
955,111149,2026-01-17,20.41,7
762,109111,2025-12-23,15.95,7
890,110515,2026-01-18,60.72,4
772,109209,2026-01-04,29.92,8
2,100025,2026-01-22,113.27,5
145,101784,2026-01-04,37.35,1
13,100173,2026-02-07,63.69,4
721,108680,2026-02-09,76.62,2
436,105244,2026-02-27,56.47,7
13,100197,2026-03-03,62.50,2
902,110658,2026-02-18,21.28,4
148,101821,2025-12-13,50.69,6
741,108896,2026-02-15,41.02,3
466,105545,2026-01-27,37.05,5
946,111103,2026-02-23,52.33,1
29,100419,2025-12-01,58.40,7
482,105745,2026-03-05,57.13,4
424,105088,2026-01-10,35.87,8
550,106605,2026-01-31,40.53,4
431,105179,2026-02-18,22.28,3
657,107868,2026-01-03,59.42,8
738,108845,2026-01-16,92.44,7
63,100805,2026-01-12,33.39,8
747,108952,2026-01-04,46.78,2
718,108624,2026-01-03,12.94,1
64,100808,2026-01-05,60.48,8
959,111212,2026-02-05,35.03,2
488,105791,2025-11-26,78.72,6
753,109022,2026-01-15,27.25,5
161,102014,2026-01-21,57.18,2
12,100161,2026-01-05,31.53,7
137,101683,2026-02-25,32.88,8
337,104021,2026-02-01,14.79,3
711,108519,2025-12-20,61.61,7
198,102473,2026-02-11,56.66,3
960,111215,2025-12-09,66.46,7
623,107453,2026-01-07,38.22,5
43,100555,2025-12-25,29.85,6
437,105259,2026-01-10,17.64,8
496,105898,2026-01-23,47.00,1
944,111074,2025-10-27,43.63,7
382,104539,2026-01-20,49.98,1
562,106757,2026-02-07,21.60,7
366,104360,2026-01-18,42.57,7
682,108173,2026-01-07,35.10,3
423,105076,2026-01-21,20.22,6
927,110883,2026-02-06,41.79,8
718,108623,2026-01-03,24.79,5
560,106727,2026-02-01,31.17,3
207,102567,2026-03-02,30.69,3
660,107937,2026-01-24,30.46,4
414,104921,2026-01-11,33.07,7
560,106717,2026-02-28,30.65,7
900,110632,2026-01-04,37.65,4
828,109808,2026-01-13,30.85,2
482,105747,2026-02-07,57.28,5
259,103177,2026-01-20,41.55,5
512,106137,2026-01-28,20.28,5
138,101702,2025-11-17,41.86,1
681,108157,2025-12-01,28.34,2
852,110035,2026-03-09,72.14,3
718,108637,2026-01-12,17.71,4
602,107190,2026-01-19,75.77,6
742,108900,2026-01-30,37.53,2
188,102355,2026-03-03,34.93,6
493,105847,2026-02-14,28.30,7
319,103860,2026-02-02,26.83,4
298,103651,2026-01-10,39.76,5
847,109968,2026-03-06,36.96,6
235,102906,2026-01-12,35.02,5
996,111690,2026-01-19,122.72,2
748,108962,2026-01-21,22.81,1
193,102423,2025-12-31,28.46,6
198,102480,2026-02-24,48.22,4
931,110927,2026-01-06,28.63,3
8,100095,2026-02-12,62.64,3
262,103195,2025-12-11,27.62,7
601,107163,2026-03-01,87.60,3
30,100424,2026-01-16,30.91,4
932,110948,2025-12-01,67.62,5
669,108033,2026-01-22,41.54,2
762,109116,2025-12-28,36.64,8
440,105295,2026-01-13,38.05,1
748,108959,2026-01-22,18.15,7
970,111319,2026-01-12,37.28,7
170,102125,2026-01-08,27.15,8
498,105924,2026-01-26,51.09,1
505,106040,2026-02-19,28.66,1
972,111350,2026-02-28,87.30,4
296,103607,2026-02-20,49.92,6
205,102542,2025-12-10,19.53,1
207,102565,2026-01-26,32.75,5
831,109831,2026-01-02,17.12,6
765,109142,2025-12-30,32.45,4
463,105505,2026-03-10,46.35,3
